order_id,order_date,customer_id,product_id,quantity,selling_price,discount
10001,2025-01-24,592,546,4,6050.69,0.12
10002,2025-11-30,552,585,1,679.95,0.1
10003,2025-01-25,362,508,1,86470.65,0.07
10004,2025-05-01,178,507,4,51076.55,0.09
10005,2025-03-16,576,592,5,321.17,0.03
10006,2025-02-26,228,579,5,471.22,0.15
10007,2025-02-06,193,507,5,62875.52,0.18
10008,2025-08-10,451,533,4,30083.84,0.08
10009,2025-04-12,325,511,3,17806.31,0.05
10010,2025-06-20,292,562,1,14075.27,0.19
10011,2025-11-10,435,526,2,8289.44,0.02
10012,2025-02-24,399,571,3,162.23,0.11
10013,2025-10-05,537,535,5,17193.98,0.11
10014,2025-09-01,574,566,2,437.95,0.16
10015,2025-04-04,484,517,3,1458.18,0.17
10016,2025-12-22,340,574,2,317.01,0.09
10017,2025-09-12,275,560,3,20447.35,0.09
10018,2025-04-28,443,502,5,61798.01,0.17
10019,2025-02-19,381,563,2,383.14,0.14
10020,2025-08-17,114,600,4,1114.75,0.08
10021,2025-07-15,306,543,3,12738.14,0.1
10022,2025-06-18,179,523,4,3364.19,0.02
10023,2025-11-03,486,580,4,247.29,0.09
10024,2025-08-28,505,575,2,500.29,0.06
10025,2025-02-23,373,538,1,46819.7,0.03
10026,2025-02-26,507,583,3,1074.35,0.06
10027,2025-08-07,501,509,1,50847.03,0.12
10028,2025-02-11,500,522,2,7917.19,0.03
10029,2025-06-20,125,541,3,4374.73,0.05
10030,2025-04-04,300,579,5,445.75,0.05
10031,2025-03-06,226,596,5,3507.82,0.13
10032,2025-11-19,285,585,4,574.2,0.1
10033,2025-01-10,470,538,5,48049.55,0.1
10034,2025-09-10,157,574,4,326.25,0.16
10035,2025-11-13,183,573,5,390.5,0.09
10036,2025-07-23,234,595,5,3030.78,0.06
10037,2025-09-21,400,595,4,3050.7,0.11
10038,2025-11-22,373,588,5,1319.43,0.02
10039,2025-07-24,139,511,4,18450.43,0.02
10040,2025-09-01,420,523,3,2858.62,0.07
10041,2025-03-06,255,544,5,25743.74,0.15
10042,2025-03-29,315,547,4,7470.47,0.01
10043,2025-02-24,326,568,5,639.84,0.0
10044,2025-01-03,235,537,4,21799.26,0.02
10045,2025-04-20,335,575,3,498.38,0.07
10046,2025-09-13,548,572,2,253.65,0.09
10047,2025-01-26,157,581,5,662.64,0.17
10048,2025-08-17,220,591,4,543.84,0.02
10049,2025-12-08,112,546,4,7740.81,0.09
10050,2025-07-19,570,541,1,4546.51,0.19
10051,2025-08-11,265,562,3,13129.89,0.19
10052,2025-12-09,443,546,3,6893.9,0.16
10053,2025-09-28,191,525,5,2738.0,0.02
10054,2025-05-07,247,510,5,117976.5,0.06
10055,2025-01-04,576,559,2,13317.24,0.15
10056,2025-11-30,246,577,2,432.09,0.18
10057,2025-05-24,599,528,2,13426.66,0.16
10058,2025-10-22,113,555,1,9117.76,0.06
10059,2025-06-26,588,517,3,1648.99,0.04
10060,2025-07-26,332,580,1,253.69,0.16
10061,2025-08-12,228,508,4,90817.08,0.12
10062,2025-04-26,108,578,4,863.48,0.13
10063,2025-04-23,447,501,5,75491.87,0.11
10064,2025-09-08,468,552,4,22556.43,0.08
10065,2025-01-26,166,581,1,776.03,0.02
10066,2025-10-07,528,553,4,38496.01,0.11
10067,2025-05-30,554,515,3,51720.59,0.12
10068,2025-10-05,208,537,1,22885.52,0.12
10069,2025-12-15,465,586,1,831.22,0.05
10070,2025-10-06,113,538,3,47885.5,0.12
10071,2025-07-02,203,547,1,6550.0,0.12
10072,2025-01-07,229,537,1,24954.85,0.13
10073,2025-09-26,167,559,2,14195.78,0.06
10074,2025-01-22,433,508,2,93984.87,0.1
10075,2025-09-13,499,561,1,8778.82,0.01
10076,2025-04-03,314,566,2,457.03,0.04
10077,2025-01-28,497,585,5,557.48,0.03
10078,2025-12-24,580,591,4,650.81,0.15
10079,2025-10-08,220,564,1,678.28,0.18
10080,2025-12-22,387,519,4,1777.71,0.07
10081,2025-10-08,106,572,2,217.53,0.07
10082,2025-07-19,439,516,3,953.0,0.17
10083,2025-05-10,250,599,5,665.1,0.14
10084,2025-04-29,254,527,2,8825.38,0.02
10085,2025-12-08,576,535,2,15615.37,0.19
10086,2025-02-17,365,514,1,47280.03,0.09
10087,2025-02-18,491,554,5,34367.03,0.02
10088,2025-01-27,485,552,2,21622.58,0.03
10089,2025-04-16,330,575,5,424.75,0.03
10090,2025-02-28,116,552,5,20070.29,0.02
10091,2025-03-28,384,585,1,627.66,0.13
10092,2025-05-14,324,564,2,681.21,0.18
10093,2025-10-15,348,584,3,754.6,0.0
10094,2025-08-11,545,593,3,208.46,0.1
10095,2025-12-30,547,595,1,3096.57,0.17
10096,2025-07-29,231,590,1,258.57,0.12
10097,2025-11-30,371,589,4,365.7,0.0
10098,2025-02-22,544,569,1,537.27,0.09
10099,2025-02-23,364,534,5,36498.62,0.15
10100,2025-09-25,413,514,1,51180.48,0.14
10101,2025-05-31,289,561,4,8716.43,0.06
10102,2025-12-03,533,538,2,44031.39,0.17
10103,2025-03-31,460,566,3,401.46,0.02
10104,2025-11-04,138,579,3,410.43,0.16
10105,2025-03-27,562,559,3,14472.89,0.17
10106,2025-07-10,506,505,5,104067.58,0.02
10107,2025-01-16,470,563,5,350.31,0.05
10108,2025-01-17,116,546,5,6283.17,0.11
10109,2025-10-08,318,525,5,2300.51,0.15
10110,2025-05-15,261,577,5,367.66,0.18
10111,2025-02-14,385,552,5,19467.31,0.02
10112,2025-01-08,595,563,5,355.73,0.12
10113,2025-06-13,506,598,1,4127.09,0.05
10114,2025-09-06,340,567,2,679.27,0.04
10115,2025-05-03,354,513,2,37469.78,0.12
10116,2025-03-28,479,577,3,365.52,0.17
10117,2025-08-03,438,569,3,537.03,0.06
10118,2025-01-26,138,563,1,308.74,0.1
10119,2025-01-30,124,517,3,1854.31,0.03
10120,2025-02-08,214,594,3,490.82,0.18
10121,2025-06-08,214,588,1,1393.9,0.02
10122,2025-04-26,416,532,5,21694.94,0.03
10123,2025-05-02,232,518,3,3038.37,0.11
10124,2025-02-05,249,532,5,20321.88,0.16
10125,2025-09-03,147,589,5,302.4,0.2
10126,2025-01-13,469,589,1,370.42,0.15
10127,2025-03-08,309,511,2,16269.28,0.02
10128,2025-06-08,125,501,1,78095.52,0.12
10129,2025-03-25,302,515,1,62941.1,0.08
10130,2025-01-25,418,528,3,17353.28,0.19
10131,2025-03-06,573,531,4,12700.02,0.09
10132,2025-02-16,117,528,2,14940.48,0.06
10133,2025-01-09,298,547,1,6747.33,0.04
10134,2025-10-09,322,545,1,9958.56,0.03
10135,2025-08-06,376,580,3,266.95,0.15
10136,2025-01-08,160,530,1,4524.5,0.01
10137,2025-05-01,144,510,3,121054.49,0.2
10138,2025-01-09,427,577,3,445.89,0.09
10139,2025-03-16,284,520,2,2436.42,0.03
10140,2025-09-04,450,586,1,721.67,0.17
10141,2025-05-29,582,559,1,15712.89,0.06
10142,2025-02-17,236,560,5,19055.68,0.05
10143,2025-09-28,387,546,2,6457.37,0.03
10144,2025-06-05,119,566,4,382.45,0.09
10145,2025-01-09,116,545,3,9593.17,0.2
10146,2025-08-08,597,599,2,687.93,0.08
10147,2025-12-01,551,542,1,10076.32,0.15
10148,2025-05-10,582,560,5,19649.68,0.16
10149,2025-08-11,150,528,4,14738.92,0.02
10150,2025-08-15,349,529,1,2507.23,0.04
10151,2025-05-18,139,507,3,54646.13,0.09
10152,2025-05-20,224,539,2,10246.14,0.04
10153,2025-12-03,135,519,1,1919.02,0.04
10154,2025-04-13,322,505,1,104996.03,0.12
10155,2025-05-09,104,551,4,12200.3,0.12
10156,2025-11-10,388,524,4,5239.98,0.16
10157,2025-06-03,573,559,5,15540.36,0.14
10158,2025-06-09,568,524,2,4943.88,0.1
10159,2025-08-26,170,554,2,30474.95,0.08
10160,2025-10-12,431,517,3,1468.72,0.14
10161,2025-05-06,208,566,5,415.35,0.1
10162,2025-01-03,405,575,5,425.57,0.01
10163,2025-11-12,233,552,2,20620.53,0.12
10164,2025-08-21,550,567,1,658.22,0.03
10165,2025-08-13,508,556,2,11211.39,0.01
10166,2025-05-14,452,506,5,48765.17,0.06
10167,2025-12-20,428,507,2,62146.24,0.08
10168,2025-07-30,270,586,3,768.93,0.04
10169,2025-02-23,360,526,4,8012.84,0.03
10170,2025-09-11,504,549,2,26693.93,0.03
10171,2025-11-22,158,530,4,4074.48,0.04
10172,2025-07-02,249,573,1,398.63,0.01
10173,2025-08-06,193,567,3,667.89,0.14
10174,2025-04-10,244,554,3,34455.22,0.14
10175,2025-11-29,574,511,5,15949.23,0.12
10176,2025-05-23,286,563,4,330.44,0.18
10177,2025-03-31,382,532,5,23837.26,0.14
10178,2025-05-12,413,569,3,548.53,0.13
10179,2025-07-10,183,515,4,63901.65,0.12
10180,2025-01-16,289,591,4,702.75,0.19
10181,2025-04-06,540,556,3,13988.1,0.19
10182,2025-01-06,355,513,3,41874.83,0.08
10183,2025-08-04,376,575,3,460.96,0.13
10184,2025-02-19,572,545,4,11714.7,0.1
10185,2025-12-13,428,515,2,52494.92,0.06
10186,2025-04-01,317,569,1,444.68,0.11
10187,2025-03-08,255,587,3,690.48,0.15
10188,2025-10-01,298,520,5,2548.06,0.16
10189,2025-10-27,350,597,5,5580.29,0.01
10190,2025-10-30,224,576,5,425.52,0.18
10191,2025-04-20,309,591,4,584.46,0.08
10192,2025-03-30,319,519,4,1915.46,0.1
10193,2025-11-15,395,567,2,756.93,0.04
10194,2025-04-18,111,569,2,537.28,0.1
10195,2025-07-17,225,532,2,21483.74,0.12
10196,2025-05-29,300,556,2,12529.42,0.09
10197,2025-07-14,548,568,5,544.37,0.19
10198,2025-08-22,189,592,2,341.45,0.2
10199,2025-03-29,118,583,1,1004.16,0.1
10200,2025-03-28,550,504,5,102564.81,0.03
10201,2025-05-24,342,570,3,3494.99,0.03
10202,2025-07-07,143,574,4,269.65,0.01
10203,2025-07-22,334,513,1,41826.04,0.17
10204,2025-12-07,318,546,4,7411.03,0.09
10205,2025-01-11,151,586,3,797.75,0.02
10206,2025-12-25,583,534,1,37335.55,0.19
10207,2025-10-03,238,520,5,2552.02,0.05
10208,2025-12-14,115,573,4,326.01,0.0
10209,2025-09-16,519,574,4,286.26,0.09
10210,2025-06-13,500,520,3,2794.58,0.16
10211,2025-02-19,441,580,4,286.84,0.15
10212,2025-04-29,120,563,5,399.27,0.2
10213,2025-12-19,272,598,2,4070.41,0.03
10214,2025-01-09,127,505,3,107879.01,0.04
10215,2025-03-12,407,564,3,688.86,0.1
10216,2025-06-06,546,537,2,28444.63,0.01
10217,2025-07-19,541,504,2,102144.08,0.06
10218,2025-12-15,349,512,3,24403.2,0.02
10219,2025-09-07,304,545,4,9014.34,0.19
10220,2025-11-17,554,547,4,7527.53,0.18
10221,2025-11-10,563,510,5,132765.38,0.02
10222,2025-03-20,390,501,5,85895.37,0.12
10223,2025-11-14,507,596,3,3718.02,0.18
10224,2025-06-18,580,587,2,736.24,0.12
10225,2025-04-23,572,532,2,18082.0,0.16
10226,2025-09-28,510,581,2,605.66,0.15
10227,2025-06-25,275,508,1,93363.05,0.11
10228,2025-10-27,218,581,3,600.06,0.1
10229,2025-02-18,212,599,2,701.65,0.08
10230,2025-09-28,142,531,5,12028.84,0.02
10231,2025-08-01,202,534,2,40290.4,0.06
10232,2025-02-15,472,591,3,716.84,0.05
10233,2025-02-13,398,567,2,728.35,0.09
10234,2025-04-13,446,572,1,249.95,0.2
10235,2025-07-04,288,553,1,39419.14,0.08
10236,2025-12-18,557,536,4,30472.9,0.06
10237,2025-06-05,105,581,5,738.65,0.11
10238,2025-04-02,270,594,5,477.68,0.15
10239,2025-08-12,448,568,1,596.34,0.16
10240,2025-01-31,509,501,5,81597.83,0.13
10241,2025-07-19,166,544,5,24911.72,0.03
10242,2025-03-12,144,523,3,2909.28,0.13
10243,2025-07-29,113,516,2,1093.9,0.06
10244,2025-01-19,276,562,5,11660.74,0.04
10245,2025-07-29,146,538,2,54485.1,0.07
10246,2025-08-30,182,557,3,17387.39,0.17
10247,2025-04-25,549,560,5,18311.98,0.14
10248,2025-10-23,472,539,2,11684.74,0.04
10249,2025-03-13,239,549,1,22690.19,0.11
10250,2025-07-05,262,562,2,13631.47,0.16
10251,2025-10-27,402,509,4,50322.32,0.11
10252,2025-07-31,154,501,1,86905.56,0.05
10253,2025-11-20,330,504,3,83399.21,0.02
10254,2025-01-28,450,544,3,21847.09,0.07
10255,2025-03-03,428,567,3,656.55,0.14
10256,2025-11-07,461,519,3,1714.05,0.0
10257,2025-04-22,186,560,2,16999.73,0.16
10258,2025-10-19,567,556,5,14156.12,0.02
10259,2025-07-16,595,520,1,2792.26,0.07
10260,2025-04-08,293,597,2,6301.86,0.05
10261,2025-11-27,502,539,5,12116.05,0.04
10262,2025-03-28,309,545,3,11529.02,0.18
10263,2025-11-11,363,541,3,5332.76,0.0
10264,2025-04-18,281,581,2,764.2,0.11
10265,2025-05-31,444,537,1,22757.96,0.17
10266,2025-10-26,472,552,1,24086.57,0.0
10267,2025-02-02,301,558,2,3397.98,0.15
10268,2025-12-13,304,557,4,16580.45,0.08
10269,2025-01-04,553,506,3,54173.46,0.2
10270,2025-10-27,527,506,3,49635.24,0.1
10271,2025-09-08,399,557,4,18701.24,0.19
10272,2025-08-10,211,532,4,18253.75,0.09
10273,2025-10-21,493,516,5,851.02,0.13
10274,2025-11-29,254,521,3,4918.26,0.17
10275,2025-12-31,345,525,3,2702.25,0.13
10276,2025-08-25,441,544,2,28650.93,0.0
10277,2025-12-21,219,519,4,1903.34,0.02
10278,2025-10-05,600,585,4,603.95,0.11
10279,2025-02-19,448,516,1,1118.33,0.02
10280,2025-10-08,355,512,4,24587.12,0.15
10281,2025-04-08,491,574,2,301.13,0.2
10282,2025-10-13,174,519,4,1739.88,0.11
10283,2025-10-17,368,523,3,2933.6,0.17
10284,2025-05-05,317,533,5,35729.38,0.12
10285,2025-03-22,514,501,1,82795.82,0.03
10286,2025-03-16,144,536,3,27379.79,0.1
10287,2025-10-17,373,512,2,25819.52,0.17
10288,2025-12-11,505,537,5,24758.89,0.12
10289,2025-07-20,210,523,3,2713.24,0.06
10290,2025-09-25,524,552,5,21238.65,0.18
10291,2025-12-03,232,597,4,5950.84,0.11
10292,2025-01-04,222,570,1,2796.44,0.08
10293,2025-10-15,107,525,2,2590.0,0.02
10294,2025-06-08,508,541,2,5042.31,0.0
10295,2025-04-28,361,566,1,462.48,0.03
10296,2025-07-18,253,528,1,14328.9,0.12
10297,2025-04-12,319,555,4,9038.39,0.08
10298,2025-12-23,360,599,4,586.43,0.09
10299,2025-11-07,469,512,3,21768.8,0.02
10300,2025-04-24,207,596,1,4255.54,0.05
10301,2025-02-20,132,597,4,5014.47,0.01
10302,2025-09-11,152,555,2,7992.09,0.13
10303,2025-06-16,553,504,4,94885.09,0.11
10304,2025-07-06,400,591,1,668.54,0.05
10305,2025-08-16,380,570,5,2906.68,0.02
10306,2025-03-08,453,505,5,111535.69,0.12
10307,2025-01-04,393,568,2,545.0,0.03
10308,2025-10-04,373,559,4,16775.22,0.09
10309,2025-07-05,245,509,2,51237.35,0.16
10310,2025-12-11,156,567,4,688.95,0.03
10311,2025-11-11,455,524,4,5284.53,0.17
10312,2025-06-20,543,503,5,76610.27,0.12
10313,2025-06-06,105,572,2,248.62,0.12
10314,2025-03-19,191,550,1,10754.56,0.15
10315,2025-04-11,440,530,5,3624.14,0.17
10316,2025-11-12,574,504,2,86544.34,0.16
10317,2025-08-09,409,597,4,5565.44,0.13
10318,2025-12-09,136,585,3,575.51,0.16
10319,2025-11-12,433,530,3,3630.91,0.17
10320,2025-12-16,400,512,5,27420.81,0.12
10321,2025-04-02,500,524,1,5258.91,0.15
10322,2025-09-21,443,594,3,429.44,0.09
10323,2025-08-17,175,594,1,554.78,0.12
10324,2025-12-28,565,587,5,726.3,0.1
10325,2025-12-08,537,576,4,368.93,0.03
10326,2025-01-16,179,566,1,422.77,0.07
10327,2025-07-17,279,555,5,9519.93,0.07
10328,2025-11-19,255,582,5,608.49,0.11
10329,2025-09-01,500,560,4,21932.05,0.02
10330,2025-09-15,371,587,4,677.4,0.04
10331,2025-01-01,479,574,5,298.18,0.17
10332,2025-12-26,436,510,5,123206.29,0.05
10333,2025-08-28,174,550,1,11393.76,0.15
10334,2025-12-28,528,588,5,1131.56,0.09
10335,2025-08-30,588,523,1,3124.53,0.04
10336,2025-06-21,315,568,1,500.89,0.12
10337,2025-10-22,382,527,1,10361.74,0.19
10338,2025-07-09,207,566,3,366.25,0.03
10339,2025-07-27,284,562,4,12478.09,0.18
10340,2025-10-07,153,598,2,4524.27,0.16
10341,2025-08-10,143,516,4,1063.41,0.13
10342,2025-08-23,410,534,2,38967.18,0.12
10343,2025-09-05,575,542,4,8848.87,0.16
10344,2025-06-15,210,530,3,3601.05,0.04
10345,2025-03-16,470,598,5,4619.12,0.14
10346,2025-09-17,355,590,3,223.4,0.16
10347,2025-11-28,471,517,3,1779.01,0.08
10348,2025-08-05,484,504,5,90331.35,0.07
10349,2025-11-05,148,516,2,928.24,0.18
10350,2025-02-09,212,587,1,713.24,0.07
10351,2025-03-06,257,502,3,57946.48,0.06
10352,2025-04-08,532,529,3,2425.04,0.14
10353,2025-08-20,462,525,4,2694.53,0.1
10354,2025-12-31,507,571,4,159.38,0.19
10355,2025-03-22,231,580,5,244.04,0.04
10356,2025-11-23,225,519,5,1442.02,0.15
10357,2025-12-15,532,539,1,9901.76,0.08
10358,2025-03-13,335,600,5,1105.04,0.14
10359,2025-05-30,112,570,2,3056.3,0.14
10360,2025-05-23,541,506,3,46363.99,0.11
10361,2025-07-31,380,542,3,9353.45,0.05
10362,2025-02-14,215,511,4,17056.58,0.03
10363,2025-05-17,558,546,5,7957.75,0.13
10364,2025-08-12,414,595,2,3039.57,0.04
10365,2025-02-06,430,596,3,4453.07,0.17
10366,2025-06-05,123,594,1,559.01,0.01
10367,2025-04-13,328,576,3,416.05,0.11
10368,2025-12-09,486,504,2,82179.26,0.04
10369,2025-04-09,552,553,3,39509.18,0.07
10370,2025-02-25,392,510,5,104656.71,0.2
10371,2025-05-14,489,564,2,630.82,0.09
10372,2025-04-04,387,598,2,4324.43,0.07
10373,2025-12-07,393,580,3,281.03,0.1
10374,2025-02-14,550,581,1,769.25,0.08
10375,2025-09-25,273,538,1,46752.83,0.08
10376,2025-02-26,238,529,5,2830.56,0.05
10377,2025-09-06,236,503,1,71650.46,0.01
10378,2025-06-17,522,518,4,3142.95,0.19
10379,2025-11-14,396,559,5,16599.38,0.04
10380,2025-12-18,297,578,1,896.32,0.04
10381,2025-04-16,365,587,1,676.85,0.13
10382,2025-02-04,473,558,4,3886.11,0.18
10383,2025-11-21,249,568,5,584.75,0.06
10384,2025-07-25,349,592,4,334.03,0.11
10385,2025-10-07,274,537,1,22637.37,0.14
10386,2025-07-25,283,588,2,1396.53,0.07
10387,2025-12-29,335,589,1,366.18,0.03
10388,2025-02-20,354,546,1,7716.53,0.03
10389,2025-04-12,347,586,5,710.62,0.15
10390,2025-11-27,210,537,2,27719.57,0.19
10391,2025-11-03,317,553,3,38744.62,0.08
10392,2025-06-21,189,569,1,433.09,0.19
10393,2025-09-17,492,556,1,11991.22,0.04
10394,2025-05-25,240,554,3,30812.79,0.09
10395,2025-12-30,360,539,3,9875.41,0.06
10396,2025-11-19,586,598,3,4317.8,0.16
10397,2025-10-12,215,556,1,14196.55,0.1
10398,2025-02-28,422,545,5,10795.38,0.06
10399,2025-01-08,328,529,5,2329.74,0.19
10400,2025-08-17,573,511,1,18965.9,0.17
10401,2025-08-18,158,535,1,18510.13,0.12
10402,2025-12-08,243,583,3,1107.94,0.18
10403,2025-07-28,469,587,5,789.16,0.14
10404,2025-03-19,383,525,4,2861.58,0.02
10405,2025-03-28,327,505,5,94619.55,0.04
10406,2025-04-10,554,532,3,21842.34,0.02
10407,2025-05-14,491,503,2,63561.16,0.18
10408,2025-09-03,103,522,2,9686.67,0.1
10409,2025-07-16,294,535,1,16304.47,0.11
10410,2025-02-11,329,560,4,21747.4,0.16
10411,2025-01-05,524,562,3,14726.98,0.18
10412,2025-03-07,214,564,2,681.21,0.1
10413,2025-11-30,376,571,2,157.39,0.13
10414,2025-05-18,349,512,3,27138.42,0.01
10415,2025-12-23,557,544,4,23230.06,0.01
10416,2025-07-04,245,503,5,64002.45,0.15
10417,2025-08-16,370,597,2,5840.34,0.12
10418,2025-08-22,278,504,5,85674.95,0.19
10419,2025-01-15,339,519,4,1852.31,0.17
10420,2025-02-21,162,576,5,370.42,0.01
10421,2025-12-06,325,552,2,23056.2,0.05
10422,2025-12-05,273,585,5,680.39,0.06
10423,2025-08-23,481,521,2,5386.57,0.03
10424,2025-11-16,311,564,4,656.55,0.08
10425,2025-11-17,229,525,3,2633.09,0.14
10426,2025-05-17,259,570,5,3006.0,0.07
10427,2025-10-27,465,524,1,5279.92,0.16
10428,2025-02-07,175,559,4,13992.27,0.12
10429,2025-07-25,448,532,2,20127.7,0.19
10430,2025-08-06,352,506,4,46808.15,0.14
10431,2025-11-27,470,581,4,664.24,0.05
10432,2025-02-26,311,543,5,11764.36,0.18
10433,2025-01-02,356,539,1,12345.88,0.18
10434,2025-05-15,600,590,3,273.14,0.15
10435,2025-07-18,291,570,2,2970.43,0.19
10436,2025-09-03,165,503,3,60985.27,0.08
10437,2025-07-14,438,544,3,27754.62,0.02
10438,2025-12-09,460,528,1,13419.6,0.12
10439,2025-03-17,468,579,5,468.65,0.2
10440,2025-03-08,111,522,5,8316.17,0.11
10441,2025-11-14,327,568,2,531.49,0.1
10442,2025-10-10,101,539,4,12572.57,0.15
10443,2025-07-05,389,589,4,355.94,0.16
10444,2025-03-12,107,583,2,1001.87,0.19
10445,2025-09-13,135,581,2,636.02,0.03
10446,2025-08-05,223,569,5,534.43,0.03
10447,2025-05-01,227,506,1,60526.78,0.06
10448,2025-04-20,454,541,5,5206.22,0.04
10449,2025-06-26,140,538,2,52285.89,0.11
10450,2025-04-09,473,515,2,51209.32,0.09
10451,2025-04-28,599,502,1,55070.74,0.04
10452,2025-04-20,110,546,2,6115.19,0.07
10453,2025-09-22,477,596,2,4053.08,0.04
10454,2025-01-14,212,525,4,2480.45,0.12
10455,2025-09-14,392,524,4,4761.23,0.17
10456,2025-08-04,319,533,4,37030.68,0.06
10457,2025-04-26,142,506,5,57243.73,0.11
10458,2025-08-03,451,528,1,13403.85,0.08
10459,2025-03-03,154,523,4,2918.13,0.07
10460,2025-05-24,228,582,1,581.6,0.02
10461,2025-10-27,290,544,1,23043.33,0.08
10462,2025-01-17,287,599,3,643.37,0.03
10463,2025-06-29,334,513,4,40195.92,0.15
10464,2025-11-21,170,571,2,148.19,0.05
10465,2025-08-21,435,535,3,16415.53,0.06
10466,2025-03-26,375,581,1,612.24,0.11
10467,2025-06-10,469,528,4,15188.42,0.02
10468,2025-01-27,243,521,2,5517.22,0.11
10469,2025-08-14,280,549,3,26398.39,0.01
10470,2025-05-26,299,514,4,42569.8,0.1
10471,2025-01-05,477,549,5,23357.45,0.14
10472,2025-09-30,589,532,1,21176.95,0.2
10473,2025-09-15,316,541,3,4514.07,0.19
10474,2025-10-20,474,560,1,20234.02,0.13
10475,2025-10-31,322,525,1,2862.21,0.19
10476,2025-09-04,330,533,3,30450.77,0.19
10477,2025-11-28,257,566,5,438.42,0.16
10478,2025-07-07,124,548,3,12459.05,0.05
10479,2025-01-20,232,542,3,7936.08,0.18
10480,2025-09-27,300,572,1,267.19,0.12
10481,2025-03-21,569,521,2,5163.47,0.11
10482,2025-02-26,526,594,5,438.24,0.2
10483,2025-09-09,226,543,4,13888.02,0.05
10484,2025-12-05,188,539,5,12155.98,0.12
10485,2025-04-03,357,575,2,492.21,0.18
10486,2025-10-19,435,534,3,46480.84,0.11
10487,2025-07-10,286,511,4,18058.75,0.01
10488,2025-01-25,588,586,5,743.62,0.06
10489,2025-11-15,283,537,5,25409.41,0.0
10490,2025-10-02,576,591,2,570.44,0.16
10491,2025-04-04,380,584,2,897.12,0.17
10492,2025-01-06,215,561,3,9230.37,0.1
10493,2025-05-29,115,543,5,12769.98,0.17
10494,2025-06-12,419,591,1,573.59,0.08
10495,2025-06-02,103,550,2,9211.59,0.01
10496,2025-08-01,231,529,2,2262.07,0.11
10497,2025-07-31,128,531,1,9670.39,0.15
10498,2025-02-12,591,548,4,15795.64,0.19
10499,2025-08-17,297,566,5,435.83,0.13
10500,2025-10-21,509,536,2,28645.17,0.01
10501,2025-05-09,239,591,4,545.33,0.06
10502,2025-06-19,593,523,3,3455.31,0.16
10503,2025-05-21,264,577,2,384.54,0.18
10504,2025-01-24,360,534,1,36599.66,0.18
10505,2025-01-12,256,521,5,4293.71,0.03
10506,2025-03-07,558,595,3,3642.54,0.13
10507,2025-12-12,320,531,2,11372.7,0.09
10508,2025-02-24,222,588,2,1167.56,0.05
10509,2025-06-18,184,586,3,779.71,0.01
10510,2025-05-27,274,521,5,4828.77,0.1
10511,2025-07-24,365,564,4,596.2,0.18
10512,2025-01-12,452,521,2,5416.05,0.02
10513,2025-01-07,546,511,1,18025.02,0.09
10514,2025-12-15,172,593,1,203.72,0.12
10515,2025-01-30,427,573,4,362.12,0.08
10516,2025-07-26,592,520,5,2457.31,0.19
10517,2025-09-11,391,547,3,6276.61,0.09
10518,2025-06-28,579,575,3,556.33,0.11
10519,2025-11-08,264,585,5,540.94,0.05
10520,2025-12-09,411,503,2,69101.94,0.03
10521,2025-06-03,521,582,1,587.89,0.18
10522,2025-10-30,343,527,5,8825.1,0.18
10523,2025-11-30,367,501,4,75799.8,0.14
10524,2025-08-13,119,577,5,415.39,0.09
10525,2025-06-18,304,513,4,44758.49,0.14
10526,2025-07-26,321,526,5,6963.9,0.06
10527,2025-03-08,541,581,1,748.89,0.06
10528,2025-08-02,353,515,5,60904.29,0.14
10529,2025-04-27,351,503,5,64226.78,0.2
10530,2025-08-12,591,588,3,1172.3,0.19
10531,2025-04-06,422,531,5,10320.74,0.06
10532,2025-08-07,173,573,1,301.47,0.02
10533,2025-08-28,433,532,1,20349.05,0.16
10534,2025-04-01,523,512,5,22263.13,0.06
10535,2025-11-05,104,506,1,47668.54,0.02
10536,2025-08-01,107,566,2,399.47,0.2
10537,2025-03-06,302,554,4,27936.78,0.14
10538,2025-04-04,501,577,2,446.1,0.09
10539,2025-04-11,580,576,4,362.62,0.18
10540,2025-07-28,124,589,4,373.29,0.16
10541,2025-11-01,327,546,3,7813.56,0.12
10542,2025-03-30,593,592,3,328.46,0.13
10543,2025-09-11,339,530,4,3835.23,0.01
10544,2025-03-07,137,513,1,43180.14,0.06
10545,2025-10-17,577,567,2,780.79,0.12
10546,2025-09-01,326,510,2,104318.29,0.02
10547,2025-09-27,530,589,1,310.34,0.12
10548,2025-04-07,340,585,4,620.79,0.08
10549,2025-06-06,354,594,3,489.8,0.15
10550,2025-11-06,459,553,5,36755.4,0.19
10551,2025-08-17,229,587,4,671.66,0.16
10552,2025-02-27,225,558,3,3377.02,0.01
10553,2025-08-04,586,519,1,1599.55,0.12
10554,2025-06-15,386,588,2,1291.77,0.17
10555,2025-06-09,257,532,5,18090.02,0.16
10556,2025-03-09,327,522,1,8600.23,0.11
10557,2025-05-25,398,510,5,126334.02,0.04
10558,2025-12-14,266,589,2,310.44,0.08
10559,2025-08-19,578,560,5,17303.65,0.03
10560,2025-05-04,434,579,1,406.46,0.13
10561,2025-11-23,390,512,5,25307.48,0.17
10562,2025-07-08,348,514,3,41464.31,0.11
10563,2025-06-06,538,516,3,1003.71,0.18
10564,2025-06-19,376,557,2,18036.72,0.04
10565,2025-11-14,169,562,3,12087.42,0.03
10566,2025-03-08,466,508,4,72534.98,0.01
10567,2025-10-06,146,547,5,7884.72,0.18
10568,2025-10-18,199,583,1,957.14,0.12
10569,2025-10-16,171,586,3,749.41,0.18
10570,2025-02-12,378,566,2,361.12,0.16
10571,2025-02-19,591,544,1,23661.74,0.2
10572,2025-10-30,557,504,2,92630.96,0.06
10573,2025-07-12,353,558,4,3579.99,0.18
10574,2025-12-29,191,557,5,16912.88,0.18
10575,2025-03-08,230,522,3,8517.47,0.1
10576,2025-02-07,464,569,2,465.78,0.08
10577,2025-08-28,152,527,3,8814.4,0.14
10578,2025-12-08,309,590,3,248.37,0.05
10579,2025-08-24,202,585,5,563.36,0.16
10580,2025-06-17,230,528,1,17580.08,0.15
10581,2025-02-12,348,552,5,21664.02,0.17
10582,2025-03-21,439,590,5,278.51,0.17
10583,2025-01-02,420,558,4,3902.86,0.01
10584,2025-03-11,265,507,2,51243.41,0.16
10585,2025-06-06,279,534,5,37512.67,0.03
10586,2025-09-14,583,586,2,874.87,0.18
10587,2025-01-20,469,550,5,9522.64,0.13
10588,2025-08-02,134,537,4,26785.52,0.12
10589,2025-01-20,433,510,3,113318.99,0.08
10590,2025-11-09,545,527,2,8367.9,0.12
10591,2025-11-26,532,539,5,11642.47,0.06
10592,2025-12-12,195,523,3,2810.67,0.13
10593,2025-08-31,355,561,4,10635.57,0.09
10594,2025-10-08,197,563,3,338.99,0.15
10595,2025-03-09,435,506,5,48013.05,0.12
10596,2025-09-21,242,594,4,516.6,0.04
10597,2025-08-01,447,590,1,234.84,0.18
10598,2025-10-01,462,512,4,24172.16,0.13
10599,2025-11-14,590,524,4,4719.0,0.15
10600,2025-07-18,184,558,4,3206.42,0.12
10601,2025-01-02,379,575,5,463.87,0.01
10602,2025-06-06,287,529,1,2519.78,0.07
10603,2025-09-15,441,521,2,5165.65,0.11
10604,2025-02-05,449,552,5,19556.22,0.18
10605,2025-08-02,349,523,5,3412.1,0.11
10606,2025-04-27,397,521,2,5418.77,0.09
10607,2025-08-23,465,567,5,679.48,0.13
10608,2025-12-15,356,589,1,313.87,0.11
10609,2025-06-06,193,545,5,9894.57,0.19
10610,2025-07-03,494,570,1,3254.21,0.14
10611,2025-02-20,203,531,1,10892.5,0.11
10612,2025-04-01,172,578,1,746.68,0.02
10613,2025-09-26,572,514,2,50642.21,0.03
10614,2025-07-05,292,529,4,2445.82,0.12
10615,2025-09-05,220,529,3,2657.35,0.11
10616,2025-04-01,481,584,5,770.65,0.16
10617,2025-07-03,597,561,4,8949.54,0.2
10618,2025-01-07,164,529,4,2528.22,0.09
10619,2025-11-17,451,558,5,3287.16,0.12
10620,2025-04-16,562,586,2,679.64,0.05
10621,2025-03-27,145,564,5,710.42,0.13
10622,2025-01-24,321,585,4,680.65,0.09
10623,2025-06-09,263,591,5,570.83,0.07
10624,2025-09-10,390,510,3,115166.62,0.14
10625,2025-04-04,542,556,3,11033.6,0.17
10626,2025-03-11,455,517,3,1777.53,0.17
10627,2025-02-01,307,574,4,291.71,0.0
10628,2025-02-24,424,556,2,13526.16,0.03
10629,2025-04-17,283,565,2,185.15,0.11
10630,2025-06-24,255,569,4,441.61,0.18
10631,2025-08-07,142,575,2,525.3,0.12
10632,2025-01-21,315,566,5,369.42,0.19
10633,2025-12-22,216,544,1,28055.95,0.16
10634,2025-06-06,151,502,2,60171.4,0.16
10635,2025-09-04,523,595,4,3837.41,0.09
10636,2025-05-18,158,558,5,3932.57,0.11
10637,2025-04-14,260,502,3,64331.93,0.14
10638,2025-02-06,121,558,3,3845.69,0.01
10639,2025-06-11,414,581,3,776.47,0.09
10640,2025-10-08,391,571,3,179.39,0.09
10641,2025-11-28,120,546,4,6271.94,0.18
10642,2025-06-13,547,517,4,1817.43,0.01
10643,2025-03-02,156,518,2,3036.53,0.04
10644,2025-11-28,275,557,1,14565.11,0.01
10645,2025-11-16,182,578,3,819.95,0.08
10646,2025-08-07,435,539,1,10561.22,0.0
10647,2025-10-05,593,530,2,3984.63,0.12
10648,2025-07-09,441,516,5,904.15,0.14
10649,2025-10-05,588,511,5,19088.91,0.05
10650,2025-08-12,535,521,1,4772.96,0.07
10651,2025-08-17,177,567,2,617.77,0.05
10652,2025-10-04,479,535,4,14710.76,0.1
10653,2025-07-18,196,548,1,15360.48,0.13
10654,2025-12-26,385,586,1,689.36,0.14
10655,2025-09-02,492,592,5,293.7,0.02
10656,2025-04-18,598,522,3,9310.77,0.2
10657,2025-07-25,167,571,2,163.97,0.13
10658,2025-03-20,228,577,5,343.32,0.19
10659,2025-09-25,190,540,5,20305.78,0.08
10660,2025-08-04,168,597,5,5558.87,0.11
10661,2025-12-19,427,517,4,1668.07,0.18
10662,2025-10-29,402,546,4,7924.13,0.15
10663,2025-03-06,524,578,5,949.77,0.13
10664,2025-12-14,329,509,5,55612.16,0.19
10665,2025-08-08,598,502,3,69606.98,0.02
10666,2025-04-22,255,521,3,4469.27,0.11
10667,2025-09-10,540,550,5,9205.17,0.1
10668,2025-05-31,403,528,4,16581.25,0.03
10669,2025-04-14,463,541,4,4846.92,0.02
10670,2025-10-27,333,521,1,4294.22,0.0
10671,2025-01-24,118,582,3,639.02,0.13
10672,2025-10-08,303,523,3,3303.3,0.14
10673,2025-07-13,583,526,1,8456.98,0.12
10674,2025-02-23,443,584,5,727.38,0.0
10675,2025-12-15,276,530,3,4646.92,0.2
10676,2025-05-16,138,548,3,15374.38,0.18
10677,2025-01-13,366,524,5,4452.51,0.0
10678,2025-10-16,446,535,1,18318.33,0.19
10679,2025-05-19,271,573,4,324.22,0.09
10680,2025-04-17,360,530,3,3758.38,0.12
10681,2025-12-16,206,599,2,653.67,0.0
10682,2025-09-29,287,593,5,199.25,0.04
10683,2025-01-07,483,516,2,1028.75,0.13
10684,2025-09-17,402,511,5,17270.76,0.09
10685,2025-07-23,536,561,5,8965.24,0.15
10686,2025-03-31,459,542,2,9868.78,0.02
10687,2025-03-03,132,594,2,427.93,0.02
10688,2025-03-13,477,569,1,433.31,0.11
10689,2025-07-14,169,508,3,85420.25,0.06
10690,2025-08-25,341,588,1,1136.49,0.02
10691,2025-09-27,456,553,2,30815.09,0.05
10692,2025-02-21,114,594,2,517.68,0.12
10693,2025-12-27,452,582,2,528.35,0.08
10694,2025-07-21,168,595,3,3219.52,0.12
10695,2025-05-13,537,518,4,3776.45,0.12
10696,2025-03-03,112,512,5,25666.35,0.17
10697,2025-07-11,261,595,2,3952.36,0.16
10698,2025-08-01,373,580,3,275.73,0.18
10699,2025-03-17,219,580,2,250.83,0.08
10700,2025-03-03,441,508,3,90752.53,0.17
10701,2025-11-16,260,541,4,4971.52,0.0
10702,2025-11-20,481,555,5,9443.36,0.08
10703,2025-06-14,252,570,2,3442.5,0.07
10704,2025-04-10,196,508,2,85450.71,0.0
10705,2025-05-05,119,559,5,15061.55,0.07
10706,2025-08-25,392,507,2,61499.86,0.04
10707,2025-01-16,560,563,2,372.97,0.2
10708,2025-09-28,359,521,2,4604.72,0.11
10709,2025-12-08,444,509,3,49523.23,0.02
10710,2025-03-09,431,546,3,7644.58,0.07
10711,2025-01-16,555,511,1,15242.64,0.01
10712,2025-10-28,340,556,1,10979.86,0.12
10713,2025-06-22,413,519,2,1813.23,0.06
10714,2025-01-27,468,589,5,353.62,0.12
10715,2025-03-27,394,564,1,555.87,0.16
10716,2025-05-24,544,578,3,754.67,0.07
10717,2025-06-05,119,579,1,378.71,0.16
10718,2025-01-31,295,524,2,5475.57,0.04
10719,2025-04-02,242,545,5,11176.1,0.03
10720,2025-02-11,333,547,2,7953.89,0.08
10721,2025-03-15,225,521,1,5317.53,0.12
10722,2025-05-13,372,504,2,89749.39,0.06
10723,2025-12-14,373,573,3,383.21,0.03
10724,2025-05-03,412,556,4,13824.06,0.06
10725,2025-07-05,505,599,5,607.39,0.1
10726,2025-05-20,294,598,1,3681.57,0.09
10727,2025-05-05,445,503,4,72651.6,0.17
10728,2025-04-19,598,533,4,33278.44,0.1
10729,2025-09-15,161,541,2,5211.11,0.16
10730,2025-01-01,484,599,3,718.5,0.19
10731,2025-07-17,327,538,3,50594.89,0.14
10732,2025-02-10,272,576,2,437.51,0.08
10733,2025-01-12,588,505,3,101079.5,0.13
10734,2025-03-08,282,531,1,11167.93,0.04
10735,2025-08-28,492,595,3,3721.61,0.09
10736,2025-10-14,419,592,2,296.6,0.2
10737,2025-06-11,531,536,4,31419.03,0.1
10738,2025-10-27,529,526,2,7880.38,0.19
10739,2025-05-15,379,583,4,1108.53,0.18
10740,2025-05-02,462,569,3,438.72,0.16
10741,2025-12-16,539,559,4,13843.24,0.04
10742,2025-04-03,337,541,3,5119.14,0.08
10743,2025-12-30,565,563,1,312.32,0.12
10744,2025-01-22,300,520,2,2308.28,0.12
10745,2025-03-06,412,594,4,447.02,0.14
10746,2025-12-26,530,534,4,43056.28,0.08
10747,2025-01-19,349,510,4,119970.9,0.14
10748,2025-07-25,472,553,2,30413.2,0.14
10749,2025-12-12,423,589,5,399.71,0.17
10750,2025-03-12,303,532,4,23427.55,0.04
10751,2025-08-03,291,555,1,8250.44,0.19
10752,2025-06-24,381,564,1,544.34,0.16
10753,2025-02-22,342,589,1,342.08,0.09
10754,2025-04-02,418,557,4,16572.37,0.11
10755,2025-06-27,469,533,1,34694.78,0.1
10756,2025-03-29,525,546,1,7381.06,0.03
10757,2025-09-12,166,580,4,241.5,0.0
10758,2025-03-06,263,573,5,310.08,0.13
10759,2025-07-30,564,590,5,267.4,0.03
10760,2025-01-11,322,591,5,571.71,0.08
10761,2025-10-02,505,569,5,457.08,0.2
10762,2025-05-27,289,553,1,33022.8,0.16
10763,2025-03-01,406,563,5,344.38,0.12
10764,2025-10-30,402,577,3,369.61,0.08
10765,2025-02-03,127,568,2,518.66,0.03
10766,2025-05-08,407,556,2,10995.95,0.01
10767,2025-06-26,520,517,3,1690.65,0.04
10768,2025-07-01,356,550,3,9959.29,0.06
10769,2025-01-29,143,564,5,701.05,0.1
10770,2025-12-08,133,591,1,659.14,0.09
10771,2025-04-07,447,560,3,18386.74,0.01
10772,2025-03-04,363,527,4,8437.67,0.07
10773,2025-12-31,431,508,3,76448.74,0.13
10774,2025-08-01,481,522,4,10094.15,0.04
10775,2025-03-19,519,531,2,10455.13,0.19
10776,2025-08-23,244,567,5,653.07,0.12
10777,2025-01-10,309,504,1,84364.09,0.04
10778,2025-07-18,265,591,1,670.85,0.04
10779,2025-07-28,413,546,1,6905.19,0.1
10780,2025-09-22,300,506,5,47281.26,0.16
10781,2025-01-15,346,502,3,66345.33,0.15
10782,2025-10-01,490,577,1,446.84,0.14
10783,2025-07-19,107,541,3,4743.6,0.06
10784,2025-08-04,117,560,2,21505.7,0.04
10785,2025-04-19,416,591,4,546.65,0.07
10786,2025-11-09,401,526,5,8510.08,0.16
10787,2025-05-31,560,543,4,12575.45,0.1
10788,2025-03-13,390,562,3,13326.82,0.01
10789,2025-10-02,422,578,3,872.11,0.06
10790,2025-07-23,410,503,2,69146.03,0.14
10791,2025-06-30,220,556,5,11428.62,0.1
10792,2025-08-29,104,594,2,550.4,0.05
10793,2025-06-20,444,556,1,14154.59,0.04
10794,2025-05-24,360,599,2,699.64,0.05
10795,2025-05-16,125,523,4,2897.85,0.13
10796,2025-10-21,142,574,5,274.18,0.01
10797,2025-06-25,419,560,2,20890.3,0.12
10798,2025-10-17,478,526,1,7077.78,0.15
10799,2025-02-25,215,583,5,1176.05,0.03
10800,2025-03-12,291,542,5,7813.11,0.06
10801,2025-04-14,344,533,4,30352.19,0.18
10802,2025-04-01,378,521,2,4489.34,0.04
10803,2025-05-11,427,508,5,95524.61,0.12
10804,2025-11-17,488,505,1,97196.81,0.07
10805,2025-10-03,454,580,4,246.06,0.01
10806,2025-09-24,159,560,1,18738.71,0.09
10807,2025-07-25,439,530,1,4184.7,0.12
10808,2025-02-24,282,571,3,147.08,0.06
10809,2025-09-01,205,556,3,13043.75,0.05
10810,2025-06-17,404,551,5,13537.67,0.08
10811,2025-09-24,520,578,1,863.68,0.19
10812,2025-08-15,335,564,1,596.17,0.02
10813,2025-01-14,389,574,3,336.26,0.05
10814,2025-08-02,111,516,1,886.89,0.08
10815,2025-03-29,515,535,4,18345.68,0.07
10816,2025-10-26,277,526,2,6713.8,0.17
10817,2025-05-17,449,522,4,9538.35,0.09
10818,2025-10-23,397,559,3,14180.02,0.01
10819,2025-06-08,187,514,5,39925.96,0.17
10820,2025-11-19,588,547,1,6589.47,0.2
10821,2025-12-20,276,579,3,403.58,0.07
10822,2025-07-06,523,506,4,53760.13,0.16
10823,2025-03-30,503,561,5,9771.21,0.02
10824,2025-09-06,445,526,5,6695.78,0.06
10825,2025-12-14,358,572,4,284.42,0.01
10826,2025-11-11,123,584,1,744.93,0.18
10827,2025-02-23,148,556,4,12061.55,0.06
10828,2025-11-05,269,525,2,2587.32,0.14
10829,2025-04-18,148,546,5,7580.6,0.08
10830,2025-04-19,541,526,4,8666.03,0.05
10831,2025-03-16,209,542,2,7952.91,0.18
10832,2025-04-19,186,516,3,910.44,0.02
10833,2025-09-03,590,540,1,21493.57,0.2
10834,2025-02-20,452,539,2,11822.9,0.19
10835,2025-04-07,132,532,5,21029.19,0.11
10836,2025-08-19,383,567,1,647.65,0.07
10837,2025-06-02,599,588,1,1266.6,0.03
10838,2025-08-29,404,517,5,1624.22,0.04
10839,2025-11-01,276,594,5,507.01,0.16
10840,2025-02-12,530,506,5,51167.71,0.17
10841,2025-03-04,147,589,1,394.22,0.15
10842,2025-08-16,430,512,2,26489.73,0.08
10843,2025-04-20,179,550,2,11882.49,0.17
10844,2025-08-04,381,586,5,757.32,0.13
10845,2025-04-29,331,586,1,744.85,0.02
10846,2025-02-05,113,523,1,2659.99,0.14
10847,2025-05-18,374,597,4,5036.4,0.05
10848,2025-02-08,499,573,3,352.09,0.08
10849,2025-03-30,139,545,3,11690.35,0.19
10850,2025-01-04,310,529,2,2287.61,0.05
10851,2025-08-22,150,544,3,25191.09,0.18
10852,2025-10-01,321,507,4,61410.43,0.15
10853,2025-02-04,145,537,1,23945.8,0.19
10854,2025-03-31,592,522,2,9118.46,0.04
10855,2025-01-03,218,521,5,4243.62,0.11
10856,2025-09-06,469,598,3,4622.49,0.05
10857,2025-08-03,321,579,5,368.74,0.13
10858,2025-04-29,484,512,4,21890.44,0.11
10859,2025-12-23,410,509,3,48988.92,0.09
10860,2025-08-25,568,522,2,9093.81,0.16
10861,2025-06-04,526,584,5,795.54,0.09
10862,2025-09-30,265,540,2,23979.83,0.1
10863,2025-05-04,537,584,2,918.07,0.06
10864,2025-10-07,447,588,4,1136.67,0.16
10865,2025-02-05,307,547,1,6335.39,0.01
10866,2025-05-13,331,509,3,44569.0,0.05
10867,2025-07-15,103,504,3,83450.07,0.11
10868,2025-03-30,147,530,3,4424.18,0.08
10869,2025-06-04,131,596,3,3831.29,0.19
10870,2025-01-28,493,576,1,395.61,0.11
10871,2025-08-31,317,505,5,92061.67,0.17
10872,2025-11-26,408,593,2,225.94,0.14
10873,2025-09-02,474,520,5,2555.41,0.11
10874,2025-03-03,558,568,3,573.79,0.03
10875,2025-11-01,215,505,2,93218.05,0.13
10876,2025-06-29,585,561,2,9429.41,0.13
10877,2025-06-09,110,584,2,752.56,0.09
10878,2025-03-24,187,587,4,796.58,0.12
10879,2025-05-28,121,558,5,3533.91,0.04
10880,2025-04-10,200,545,2,10303.68,0.04
10881,2025-02-19,472,506,2,58724.79,0.1
10882,2025-03-03,349,552,2,21168.19,0.17
10883,2025-04-29,527,583,1,906.71,0.09
10884,2025-09-25,374,504,4,82746.76,0.2
10885,2025-11-18,116,525,5,2284.79,0.18
10886,2025-03-31,155,569,4,436.07,0.18
10887,2025-05-04,593,532,3,22137.28,0.01
10888,2025-07-19,180,519,4,1464.99,0.08
10889,2025-09-09,330,532,1,19712.99,0.03
10890,2025-11-07,331,501,1,72508.11,0.19
10891,2025-02-15,248,539,1,10641.85,0.11
10892,2025-04-10,254,524,2,4620.27,0.02
10893,2025-05-14,132,551,1,12943.13,0.07
10894,2025-12-13,245,512,1,26315.16,0.01
10895,2025-11-29,410,589,1,306.82,0.19
10896,2025-04-01,306,561,5,9769.77,0.07
10897,2025-10-01,191,549,2,23783.39,0.03
10898,2025-07-09,347,546,2,7537.56,0.09
10899,2025-02-09,368,555,5,8774.4,0.07
10900,2025-05-10,361,565,4,195.3,0.07
10901,2025-02-23,139,594,3,511.06,0.18
10902,2025-07-21,318,595,2,3987.71,0.05
10903,2025-02-25,475,576,3,388.83,0.19
10904,2025-11-12,469,559,2,14090.88,0.04
10905,2025-12-08,401,524,5,5045.59,0.07
10906,2025-04-23,443,568,1,577.66,0.07
10907,2025-12-04,495,578,2,904.43,0.11
10908,2025-05-11,535,594,5,445.8,0.0
10909,2025-09-24,553,503,3,63219.17,0.03
10910,2025-08-31,353,511,3,17500.64,0.1
10911,2025-11-25,481,569,2,468.02,0.12
10912,2025-01-15,421,523,3,3125.19,0.12
10913,2025-08-10,311,597,3,5708.39,0.04
10914,2025-02-05,533,525,5,2219.14,0.05
10915,2025-08-24,305,548,2,15165.82,0.02
10916,2025-06-10,463,573,3,362.07,0.03
10917,2025-09-26,294,515,1,51888.53,0.19
10918,2025-11-21,216,542,2,8619.36,0.03
10919,2025-06-11,298,560,3,21394.6,0.17
10920,2025-05-06,447,587,5,745.87,0.04
10921,2025-03-17,165,548,3,13835.85,0.18
10922,2025-04-30,151,527,3,7816.73,0.05
10923,2025-08-25,249,550,1,9833.84,0.0
10924,2025-07-21,199,568,3,599.58,0.04
10925,2025-10-14,554,596,4,4370.56,0.11
10926,2025-10-03,237,519,4,1631.43,0.2
10927,2025-08-09,156,588,3,1227.31,0.12
10928,2025-02-28,449,550,2,9608.87,0.05
10929,2025-05-31,352,529,3,2567.09,0.05
10930,2025-05-19,585,579,5,393.96,0.15
10931,2025-04-26,383,514,3,39687.89,0.06
10932,2025-11-14,518,590,5,244.11,0.14
10933,2025-05-20,329,581,2,612.9,0.17
10934,2025-02-02,417,565,1,227.31,0.17
10935,2025-03-11,460,573,5,372.07,0.15
10936,2025-11-06,546,581,4,634.17,0.12
10937,2025-05-23,410,525,3,2373.88,0.11
10938,2025-11-04,306,536,3,34866.12,0.14
10939,2025-02-22,276,542,1,9266.38,0.13
10940,2025-03-26,443,561,1,8634.49,0.14
10941,2025-04-27,492,581,1,743.41,0.08
10942,2025-01-20,469,535,1,19034.49,0.02
10943,2025-11-17,205,555,2,7792.14,0.05
10944,2025-11-02,349,501,5,85860.08,0.05
10945,2025-01-02,110,506,4,53778.9,0.03
10946,2025-09-03,157,509,2,44163.03,0.19
10947,2025-01-10,106,580,3,249.27,0.17
10948,2025-03-29,430,554,4,32042.55,0.11
10949,2025-07-04,434,519,2,1586.88,0.15
10950,2025-04-01,273,591,2,658.55,0.19
10951,2025-07-25,247,577,2,377.27,0.03
10952,2025-01-26,113,597,1,5396.46,0.16
10953,2025-02-24,316,567,1,777.93,0.12
10954,2025-10-22,596,575,4,548.3,0.17
10955,2025-12-26,262,579,1,361.63,0.01
10956,2025-01-27,218,588,5,1367.53,0.19
10957,2025-07-19,549,502,4,61714.06,0.06
10958,2025-06-17,491,588,2,1421.63,0.17
10959,2025-08-07,235,589,3,382.99,0.03
10960,2025-04-24,390,508,4,73983.09,0.11
10961,2025-03-25,174,595,3,3592.56,0.09
10962,2025-06-05,469,597,2,5669.52,0.05
10963,2025-12-01,497,589,1,365.54,0.17
10964,2025-01-20,109,573,4,383.03,0.19
10965,2025-11-01,155,520,3,2259.73,0.16
10966,2025-05-05,246,578,2,893.26,0.16
10967,2025-01-07,499,529,1,2280.78,0.03
10968,2025-06-13,370,526,5,7288.1,0.2
10969,2025-03-06,258,580,2,220.81,0.12
10970,2025-06-21,203,574,2,305.56,0.05
10971,2025-10-31,256,537,3,25360.88,0.14
10972,2025-08-01,297,599,2,597.51,0.05
10973,2025-12-19,225,535,1,17884.69,0.12
10974,2025-11-18,344,551,3,12336.89,0.15
10975,2025-10-19,267,580,3,264.58,0.16
10976,2025-10-16,346,528,4,14908.79,0.11
10977,2025-11-26,292,555,5,7441.48,0.18
10978,2025-08-17,516,580,2,283.61,0.06
10979,2025-06-19,421,579,1,431.65,0.04
10980,2025-10-07,237,503,5,62677.98,0.05
10981,2025-09-17,297,589,4,347.24,0.01
10982,2025-01-28,474,533,1,35908.59,0.17
10983,2025-02-06,548,525,3,2676.8,0.04
10984,2025-08-02,523,576,3,380.53,0.07
10985,2025-01-12,517,573,4,336.19,0.14
10986,2025-03-16,571,553,1,33770.64,0.17
10987,2025-10-23,246,594,5,478.57,0.07
10988,2025-08-12,543,543,4,14161.48,0.07
10989,2025-08-03,265,545,2,10385.19,0.19
10990,2025-08-18,277,581,5,693.14,0.14
10991,2025-04-15,255,571,3,171.87,0.17
10992,2025-06-30,216,579,5,430.52,0.02
10993,2025-04-20,541,600,5,869.19,0.2
10994,2025-07-24,110,512,3,22949.81,0.08
10995,2025-03-18,321,533,5,37863.63,0.12
10996,2025-09-02,208,557,1,17823.27,0.11
10997,2025-04-02,178,555,1,8020.62,0.11
10998,2025-08-09,534,523,4,2963.17,0.03
10999,2025-12-04,183,565,5,201.1,0.11
11000,2025-02-25,287,596,5,4075.81,0.11
11001,2025-10-20,533,597,1,5118.96,0.09
11002,2025-08-23,363,580,4,216.78,0.09
11003,2025-02-06,328,570,4,3368.81,0.1
11004,2025-06-14,119,531,2,9951.6,0.12
11005,2025-12-11,298,523,5,3475.09,0.08
11006,2025-10-13,366,567,2,644.35,0.12
11007,2025-07-16,132,513,3,38445.48,0.17
11008,2025-11-26,558,515,1,54747.22,0.02
11009,2025-05-23,221,578,3,787.6,0.07
11010,2025-03-26,384,533,3,37828.58,0.0
11011,2025-02-11,583,547,5,6904.44,0.04
11012,2025-10-26,540,573,2,349.28,0.11
11013,2025-06-03,291,592,5,325.93,0.09
11014,2025-12-02,397,525,3,2161.71,0.19
11015,2025-09-25,515,548,1,13352.63,0.2
11016,2025-04-18,526,553,2,35605.09,0.03
11017,2025-04-04,110,530,2,4529.08,0.19
11018,2025-02-22,453,579,3,364.73,0.13
11019,2025-01-18,481,510,3,102701.07,0.04
11020,2025-10-29,382,550,3,9249.45,0.12
11021,2025-03-19,433,600,2,1034.63,0.03
11022,2025-03-07,143,546,5,6932.97,0.05
11023,2025-03-08,432,510,4,111241.71,0.05
11024,2025-03-18,167,563,3,312.53,0.1
11025,2025-05-07,311,521,2,4916.23,0.02
11026,2025-03-31,543,524,1,5030.8,0.15
11027,2025-09-10,267,556,2,13496.24,0.17
11028,2025-03-25,500,530,3,4060.25,0.05
11029,2025-04-22,235,507,1,63937.76,0.01
11030,2025-01-27,169,587,3,678.35,0.02
11031,2025-06-29,175,529,1,2353.8,0.12
11032,2025-07-07,435,532,2,19129.35,0.11
11033,2025-05-25,447,593,2,191.4,0.14
11034,2025-11-13,172,565,2,228.01,0.08
11035,2025-09-05,393,557,1,15818.83,0.06
11036,2025-05-24,379,593,5,198.98,0.16
11037,2025-05-26,120,562,5,13403.54,0.12
11038,2025-02-15,231,600,1,890.14,0.02
11039,2025-08-20,282,543,3,14020.16,0.08
11040,2025-06-08,178,562,4,12124.47,0.12
11041,2025-12-07,266,524,5,4303.74,0.15
11042,2025-10-31,433,530,3,4721.93,0.11
11043,2025-06-07,564,534,3,46493.14,0.14
11044,2025-12-20,502,509,2,44825.72,0.14
11045,2025-08-29,389,580,5,241.89,0.09
11046,2025-11-10,112,599,3,661.06,0.13
11047,2025-01-23,408,553,2,39358.85,0.19
11048,2025-02-08,304,534,5,38023.89,0.0
11049,2025-02-15,313,595,5,3956.88,0.06
11050,2025-06-06,531,570,1,2699.64,0.08
11051,2025-06-05,342,573,4,322.16,0.04
11052,2025-03-29,226,571,5,176.78,0.17
11053,2025-02-13,266,593,4,189.5,0.16
11054,2025-06-24,362,530,4,4135.45,0.12
11055,2025-09-10,322,554,1,28292.41,0.08
11056,2025-10-14,566,501,1,80708.37,0.03
11057,2025-12-04,305,533,4,33778.55,0.08
11058,2025-12-17,523,550,1,9966.72,0.2
11059,2025-02-21,557,531,5,10632.25,0.02
11060,2025-04-24,325,511,1,17352.81,0.1
11061,2025-05-18,384,565,3,188.85,0.17
11062,2025-11-19,459,587,3,781.96,0.2
11063,2025-12-08,425,593,5,207.37,0.1
11064,2025-12-25,311,526,4,7927.19,0.1
11065,2025-08-08,476,554,3,34529.19,0.12
11066,2025-05-18,516,596,2,3883.66,0.16
11067,2025-11-13,113,546,3,6193.15,0.03
11068,2025-09-08,475,522,5,10140.94,0.09
11069,2025-07-20,393,501,2,80846.71,0.12
11070,2025-10-16,491,583,5,1078.09,0.07
11071,2025-12-16,536,593,5,230.49,0.18
11072,2025-12-12,127,566,5,436.24,0.18
11073,2025-12-06,307,544,1,24254.63,0.07
11074,2025-11-04,102,538,1,45715.4,0.16
11075,2025-11-22,247,505,1,111714.01,0.05
11076,2025-12-14,180,581,5,712.85,0.07
11077,2025-09-14,109,582,5,582.19,0.06
11078,2025-06-06,480,535,3,15719.28,0.02
11079,2025-04-17,101,575,2,531.91,0.04
11080,2025-08-26,441,596,2,3952.42,0.11
11081,2025-08-08,120,528,3,15167.02,0.01
11082,2025-03-04,585,538,5,51304.96,0.04
11083,2025-02-05,118,546,2,6214.17,0.15
11084,2025-09-21,175,582,3,616.97,0.18
11085,2025-10-30,494,540,3,22784.24,0.15
11086,2025-03-16,363,525,5,2438.22,0.02
11087,2025-09-14,243,514,2,45664.94,0.07
11088,2025-10-14,368,515,1,58691.83,0.12
11089,2025-01-25,548,595,1,3393.04,0.14
11090,2025-08-01,592,507,4,51906.23,0.14
11091,2025-02-28,341,522,3,8988.02,0.16
11092,2025-02-01,120,505,5,106041.93,0.02
11093,2025-10-23,316,542,2,8962.88,0.1
11094,2025-06-11,305,531,2,10396.64,0.15
11095,2025-02-15,217,514,1,46089.91,0.03
11096,2025-10-21,101,572,2,269.63,0.17
11097,2025-11-28,508,592,1,332.25,0.05
11098,2025-01-11,346,595,2,3148.27,0.03
11099,2025-07-22,374,529,4,2760.09,0.18
11100,2025-08-04,273,520,2,2227.62,0.06
11101,2025-10-06,323,564,1,571.0,0.14
11102,2025-02-27,230,514,3,42071.83,0.09
11103,2025-11-01,269,537,4,21843.17,0.16
11104,2025-01-21,236,557,3,18193.38,0.15
11105,2025-10-15,237,537,2,23042.52,0.19
11106,2025-11-18,597,502,3,60023.25,0.11
11107,2025-05-26,414,569,5,507.68,0.16
11108,2025-08-21,196,528,3,16852.96,0.06
11109,2025-01-02,259,590,3,244.58,0.12
11110,2025-06-27,540,600,4,1013.65,0.17
11111,2025-09-30,230,566,5,402.86,0.12
11112,2025-11-11,124,539,5,11941.15,0.07
11113,2025-01-07,507,558,1,3718.77,0.01
11114,2025-06-03,131,588,4,1362.81,0.04
11115,2025-07-28,249,520,2,2356.23,0.17
11116,2025-01-20,345,574,1,327.98,0.08
11117,2025-10-12,246,587,3,606.15,0.06
11118,2025-03-08,316,562,2,13416.64,0.11
11119,2025-08-30,228,576,2,412.34,0.06
11120,2025-08-17,576,547,4,7421.65,0.06
11121,2025-04-12,145,560,5,21531.75,0.16
11122,2025-03-30,438,578,1,786.46,0.14
11123,2025-03-30,275,560,5,16803.9,0.1
11124,2025-05-14,452,525,3,2236.91,0.07
11125,2025-06-09,532,524,1,4270.75,0.09
11126,2025-10-08,433,506,4,51505.12,0.12
11127,2025-11-24,558,543,3,11709.83,0.17
11128,2025-11-23,543,525,5,2536.64,0.13
11129,2025-12-28,598,586,1,759.06,0.16
11130,2025-11-13,151,537,4,22201.41,0.09
11131,2025-04-13,346,549,1,26645.8,0.18
11132,2025-03-10,281,575,4,459.04,0.01
11133,2025-10-22,303,559,3,14911.89,0.0
11134,2025-03-24,468,550,1,10082.05,0.12
11135,2025-10-13,577,588,4,1097.7,0.06
11136,2025-09-11,553,514,2,46934.06,0.08
11137,2025-11-28,196,513,1,34733.06,0.06
11138,2025-07-23,175,583,2,987.4,0.19
11139,2025-02-20,322,504,4,85416.35,0.06
11140,2025-03-06,293,553,3,31398.37,0.16
11141,2025-01-02,530,536,3,34177.37,0.07
11142,2025-02-06,408,567,2,729.52,0.03
11143,2025-10-12,264,555,1,8675.85,0.04
11144,2025-09-02,133,509,1,46581.33,0.13
11145,2025-12-06,202,532,5,23146.34,0.01
11146,2025-10-07,296,564,1,626.21,0.11
11147,2025-04-18,426,531,2,11518.17,0.11
11148,2025-05-19,226,594,3,432.08,0.15
11149,2025-05-26,415,504,1,84490.84,0.15
11150,2025-12-04,329,527,3,9164.69,0.1
11151,2025-02-24,134,579,3,434.11,0.08
11152,2025-02-25,120,509,3,42391.33,0.14
11153,2025-10-28,368,539,5,11243.26,0.13
11154,2025-02-07,398,572,4,231.32,0.16
11155,2025-04-30,514,586,2,859.57,0.12
11156,2025-05-21,470,581,1,671.27,0.09
11157,2025-11-12,284,567,1,771.49,0.12
11158,2025-12-29,484,558,2,3382.66,0.12
11159,2025-06-07,554,503,4,72279.52,0.19
11160,2025-06-30,354,519,4,1701.89,0.02
11161,2025-10-25,334,529,5,2358.63,0.19
11162,2025-04-29,593,583,5,997.99,0.11
11163,2025-05-30,119,515,4,58505.25,0.05
11164,2025-08-19,236,545,5,11073.71,0.06
11165,2025-07-16,394,526,4,7488.32,0.19
11166,2025-11-17,203,519,3,1897.14,0.15
11167,2025-10-02,583,546,2,6394.21,0.06
11168,2025-03-23,479,556,1,12808.94,0.06
11169,2025-08-09,268,545,5,10087.98,0.16
11170,2025-08-06,512,535,2,16217.0,0.08
11171,2025-01-15,282,547,5,7435.8,0.13
11172,2025-04-04,154,540,5,22056.67,0.01
11173,2025-03-30,357,554,1,31107.02,0.15
11174,2025-09-12,344,580,3,242.91,0.1
11175,2025-11-26,368,561,4,8670.71,0.13
11176,2025-01-26,323,548,1,15581.27,0.09
11177,2025-03-15,308,568,3,507.89,0.01
11178,2025-09-25,562,600,4,997.78,0.03
11179,2025-12-24,395,506,2,55204.3,0.05
11180,2025-08-05,224,579,3,415.32,0.15
11181,2025-08-04,237,598,3,3867.17,0.11
11182,2025-10-18,599,555,5,7289.5,0.06
11183,2025-10-13,458,548,5,15457.18,0.14
11184,2025-06-03,558,538,3,55824.68,0.15
11185,2025-08-11,201,549,3,23867.09,0.11
11186,2025-05-05,243,554,1,32855.46,0.09
11187,2025-09-08,404,583,4,1022.57,0.17
11188,2025-01-30,420,523,2,2837.69,0.17
11189,2025-09-01,483,549,2,26881.4,0.18
11190,2025-07-23,529,595,5,3223.88,0.07
11191,2025-11-04,145,538,2,46760.36,0.15
11192,2025-11-24,225,579,1,409.92,0.03
11193,2025-05-14,471,595,4,3040.46,0.12
11194,2025-05-29,321,544,3,26708.4,0.13
11195,2025-05-19,395,549,3,22193.4,0.17
11196,2025-06-06,214,526,4,6843.21,0.05
11197,2025-04-05,472,528,2,13470.32,0.13
11198,2025-12-12,420,505,4,99297.18,0.12
11199,2025-05-22,483,574,5,320.28,0.05
11200,2025-10-19,449,541,3,4853.15,0.1
11201,2025-03-02,239,585,2,605.6,0.06
11202,2025-01-11,173,574,1,289.02,0.14
11203,2025-05-17,158,508,3,95861.02,0.12
11204,2025-05-26,358,591,3,632.07,0.09
11205,2025-12-31,518,588,1,1154.05,0.08
11206,2025-12-09,255,564,2,564.38,0.12
11207,2025-08-18,115,564,1,649.3,0.11
11208,2025-10-03,381,508,1,85247.27,0.19
11209,2025-05-10,488,580,3,283.48,0.11
11210,2025-11-21,434,526,5,7856.99,0.15
11211,2025-11-01,499,529,3,2804.05,0.17
11212,2025-12-10,283,581,2,756.11,0.2
11213,2025-01-11,453,535,1,14493.66,0.09
11214,2025-04-09,527,566,2,396.46,0.18
11215,2025-10-23,361,558,1,3839.75,0.03
11216,2025-11-03,292,519,1,1511.18,0.08
11217,2025-03-04,126,536,3,27311.05,0.16
11218,2025-05-23,428,557,3,17561.25,0.18
11219,2025-03-15,357,568,4,615.89,0.14
11220,2025-04-01,453,590,5,255.89,0.12
11221,2025-10-07,244,553,5,31263.34,0.17
11222,2025-04-07,291,539,1,11744.01,0.18
11223,2025-10-11,521,571,4,145.49,0.11
11224,2025-08-20,299,538,5,47104.43,0.16
11225,2025-05-03,265,591,1,671.76,0.04
11226,2025-08-23,305,512,4,27123.53,0.09
11227,2025-04-04,295,573,2,390.77,0.13
11228,2025-06-04,596,593,4,236.28,0.08
11229,2025-10-17,499,511,2,14906.92,0.05
11230,2025-02-12,284,513,4,41753.79,0.09
11231,2025-03-10,581,505,1,110877.42,0.07
11232,2025-03-31,573,534,3,43171.28,0.1
11233,2025-11-14,533,529,4,2864.44,0.16
11234,2025-05-14,588,541,1,4888.24,0.18
11235,2025-01-16,204,560,1,18842.87,0.02
11236,2025-05-01,397,534,2,38838.57,0.03
11237,2025-03-06,392,504,3,101384.58,0.13
11238,2025-01-13,206,533,1,36818.34,0.12
11239,2025-07-28,599,545,5,9546.32,0.1
11240,2025-03-16,519,524,4,5081.76,0.16
11241,2025-01-07,157,519,3,1682.22,0.07
11242,2025-06-04,139,559,3,16857.91,0.11
11243,2025-03-09,373,562,5,12414.91,0.07
11244,2025-09-29,532,586,2,779.86,0.16
11245,2025-06-13,103,560,3,19212.44,0.16
11246,2025-09-23,146,532,4,21986.92,0.1
11247,2025-09-25,234,530,3,4218.79,0.19
11248,2025-01-17,386,508,2,76427.04,0.19
11249,2025-03-21,532,587,1,641.85,0.11
11250,2025-06-12,307,567,1,654.34,0.2
11251,2025-07-29,443,564,2,683.02,0.17
11252,2025-09-14,177,564,2,627.82,0.09
11253,2025-11-11,334,503,5,69188.38,0.08
11254,2025-08-24,451,530,2,3952.66,0.01
11255,2025-02-09,442,506,4,58354.57,0.18
11256,2025-04-03,464,506,4,48694.74,0.18
11257,2025-09-11,411,502,1,65091.41,0.14
11258,2025-02-07,178,581,3,643.26,0.04
11259,2025-08-12,570,545,2,9502.85,0.02
11260,2025-03-23,511,526,1,7458.59,0.07
11261,2025-02-13,364,540,2,22772.09,0.12
11262,2025-05-11,361,530,4,4066.25,0.16
11263,2025-07-17,162,549,2,22678.09,0.05
11264,2025-07-29,343,544,5,23764.6,0.06
11265,2025-12-30,191,568,1,630.51,0.06
11266,2025-09-30,392,544,4,24114.15,0.05
11267,2025-12-29,258,561,3,8877.59,0.17
11268,2025-04-10,328,517,3,1535.42,0.13
11269,2025-11-02,466,564,2,607.02,0.01
11270,2025-08-22,583,587,3,772.19,0.05
11271,2025-07-11,578,535,1,14903.96,0.04
11272,2025-06-22,374,585,1,596.86,0.06
11273,2025-07-06,190,576,2,459.79,0.14
11274,2025-02-08,136,558,5,3393.68,0.18
11275,2025-02-22,245,539,2,12410.25,0.04
11276,2025-08-11,133,584,3,926.39,0.08
11277,2025-03-29,413,560,2,20301.8,0.09
11278,2025-11-14,251,526,5,6999.77,0.04
11279,2025-09-17,151,538,2,44458.55,0.16
11280,2025-06-27,292,571,4,189.39,0.18
11281,2025-05-26,429,547,3,6232.66,0.01
11282,2025-09-12,199,584,3,905.83,0.06
11283,2025-08-06,482,508,4,77128.64,0.06
11284,2025-01-10,123,514,3,46033.42,0.13
11285,2025-06-23,355,595,5,3870.02,0.11
11286,2025-05-11,376,596,4,4418.23,0.1
11287,2025-03-26,307,538,2,51232.94,0.17
11288,2025-08-25,338,573,4,382.58,0.11
11289,2025-12-05,408,520,1,2240.45,0.13
11290,2025-01-28,194,519,1,1635.12,0.04
11291,2025-04-13,560,546,1,6167.83,0.14
11292,2025-12-28,242,540,4,21293.65,0.02
11293,2025-07-31,184,570,3,3045.91,0.13
11294,2025-08-29,391,591,1,689.94,0.04
11295,2025-02-24,372,528,4,17384.62,0.15
11296,2025-07-10,456,504,1,103617.93,0.13
11297,2025-07-12,135,576,5,382.14,0.06
11298,2025-04-28,367,564,5,676.02,0.03
11299,2025-11-11,573,559,4,16733.89,0.03
11300,2025-11-15,521,509,4,48385.94,0.1
11301,2025-11-20,101,556,5,11167.18,0.19
11302,2025-03-30,412,546,1,6197.37,0.01
11303,2025-11-30,559,530,5,3948.42,0.01
11304,2025-06-11,103,563,4,391.31,0.16
11305,2025-10-24,391,587,4,779.88,0.15
11306,2025-03-28,320,579,3,392.63,0.05
11307,2025-04-14,285,529,2,2792.94,0.19
11308,2025-05-15,546,570,1,2985.64,0.06
11309,2025-09-04,192,538,3,49541.1,0.16
11310,2025-04-06,493,583,5,977.15,0.0
11311,2025-08-25,286,582,5,596.64,0.12
11312,2025-11-29,210,530,2,4045.31,0.07
11313,2025-02-01,123,508,5,88732.64,0.13
11314,2025-06-11,261,595,1,3788.37,0.13
11315,2025-06-03,560,517,5,1450.7,0.13
11316,2025-05-08,222,548,5,15141.27,0.08
11317,2025-04-30,418,586,2,866.1,0.19
11318,2025-11-22,515,536,5,27560.92,0.19
11319,2025-02-11,260,587,2,731.34,0.03
11320,2025-12-24,197,595,3,3300.88,0.13
11321,2025-04-28,463,563,4,373.64,0.14
11322,2025-02-26,432,513,2,41604.94,0.15
11323,2025-11-05,425,588,4,1439.91,0.16
11324,2025-12-03,494,593,1,196.62,0.08
11325,2025-12-10,128,542,4,8695.88,0.16
11326,2025-10-12,489,526,3,7005.9,0.02
11327,2025-06-30,520,574,1,333.82,0.14
11328,2025-02-02,451,558,2,3461.47,0.07
11329,2025-02-21,262,550,4,9987.98,0.04
11330,2025-09-03,362,536,1,34798.65,0.08
11331,2025-09-08,155,521,1,5237.58,0.14
11332,2025-05-08,167,585,4,589.57,0.11
11333,2025-10-21,216,519,1,1779.74,0.16
11334,2025-08-05,469,595,3,3137.45,0.19
11335,2025-08-30,398,542,4,8760.0,0.12
11336,2025-02-11,486,598,3,4351.27,0.11
11337,2025-07-27,487,505,4,87269.09,0.04
11338,2025-04-22,598,551,5,13518.68,0.15
11339,2025-08-15,393,535,2,17598.72,0.12
11340,2025-03-07,221,550,1,11055.86,0.19
11341,2025-11-20,504,518,2,3270.78,0.03
11342,2025-12-23,375,544,5,23440.21,0.13
11343,2025-12-23,158,502,3,58168.86,0.18
11344,2025-02-09,252,543,3,14294.24,0.03
11345,2025-12-25,112,595,1,3846.87,0.08
11346,2025-10-25,283,512,4,28012.74,0.1
11347,2025-02-22,521,505,5,102072.13,0.02
11348,2025-06-19,191,577,1,372.38,0.14
11349,2025-08-15,135,531,4,10837.77,0.08
11350,2025-05-16,165,525,2,2809.82,0.16
11351,2025-12-01,593,590,2,263.56,0.18
11352,2025-12-16,393,524,1,5253.19,0.17
11353,2025-06-07,196,510,3,116274.56,0.01
11354,2025-04-22,381,541,2,4264.55,0.1
11355,2025-01-19,115,536,1,33762.05,0.0
11356,2025-05-05,382,504,2,98462.69,0.16
11357,2025-04-16,536,517,4,1538.67,0.09
11358,2025-10-24,288,545,5,11199.3,0.07
11359,2025-12-15,567,505,3,89853.56,0.16
11360,2025-09-10,220,582,3,584.9,0.2
11361,2025-02-10,490,595,2,3957.55,0.04
11362,2025-10-27,349,582,3,584.8,0.15
11363,2025-05-03,187,570,2,3419.9,0.18
11364,2025-07-10,285,549,5,25587.08,0.07
11365,2025-08-14,541,552,5,24364.32,0.06
11366,2025-10-22,199,504,3,98392.15,0.05
11367,2025-03-16,526,582,5,581.48,0.14
11368,2025-04-01,202,534,3,40289.06,0.13
11369,2025-03-03,249,516,1,908.48,0.16
11370,2025-09-11,335,580,1,278.9,0.11
11371,2025-01-10,114,570,2,2766.92,0.07
11372,2025-12-03,361,506,1,45763.27,0.11
11373,2025-03-30,336,509,3,42058.25,0.16
11374,2025-07-27,107,591,2,595.18,0.08
11375,2025-01-06,132,564,4,592.4,0.18
11376,2025-07-24,388,504,2,101673.5,0.15
11377,2025-01-03,201,517,3,1505.93,0.16
11378,2025-08-24,119,542,5,8004.33,0.08
11379,2025-12-09,405,539,2,12195.49,0.13
11380,2025-10-26,281,590,2,266.51,0.19
11381,2025-05-02,367,555,2,9122.49,0.15
11382,2025-10-30,443,562,5,14216.34,0.18
11383,2025-08-31,144,532,5,18358.85,0.13
11384,2025-09-24,464,550,5,9710.67,0.1
11385,2025-09-21,570,513,5,38738.41,0.03
11386,2025-01-18,421,532,4,21029.34,0.16
11387,2025-06-28,511,511,5,16599.62,0.08
11388,2025-11-06,181,527,3,8247.17,0.08
11389,2025-04-12,236,522,1,7856.18,0.1
11390,2025-05-15,136,560,1,18884.93,0.1
11391,2025-06-07,238,567,2,775.63,0.08
11392,2025-06-30,536,593,5,203.32,0.04
11393,2025-10-16,508,565,5,215.89,0.08
11394,2025-09-12,259,562,2,12019.8,0.03
11395,2025-11-03,322,586,5,751.57,0.0
11396,2025-09-08,397,573,2,359.29,0.01
11397,2025-10-01,379,597,3,5627.14,0.02
11398,2025-08-02,454,575,4,516.84,0.14
11399,2025-08-11,333,513,4,38204.93,0.16
11400,2025-07-02,544,501,4,67960.59,0.11
11401,2025-09-01,302,533,1,30079.08,0.09
11402,2025-10-12,142,579,4,398.41,0.06
11403,2025-05-09,342,570,1,2932.02,0.09
11404,2025-12-11,543,527,4,10060.58,0.18
11405,2025-01-04,116,513,3,39648.83,0.14
11406,2025-05-23,238,592,1,267.08,0.04
11407,2025-11-07,154,543,5,13934.24,0.16
11408,2025-12-09,151,596,3,4139.36,0.05
11409,2025-11-28,473,537,2,25152.95,0.04
11410,2025-06-02,507,532,3,21920.89,0.03
11411,2025-05-15,446,526,4,7403.54,0.1
11412,2025-02-24,345,579,2,385.58,0.09
11413,2025-05-06,136,586,5,786.39,0.0
11414,2025-09-26,280,563,4,381.5,0.11
11415,2025-07-29,147,516,5,1031.06,0.13
11416,2025-10-05,362,577,1,407.42,0.17
11417,2025-03-29,471,517,2,1768.28,0.04
11418,2025-07-13,216,571,4,150.22,0.06
11419,2025-08-20,565,580,1,247.73,0.04
11420,2025-09-13,429,514,1,41039.77,0.05
11421,2025-03-02,487,505,5,84516.11,0.09
11422,2025-08-06,425,591,2,581.67,0.12
11423,2025-06-04,244,532,2,21831.87,0.19
11424,2025-06-01,247,560,3,17035.53,0.19
11425,2025-04-21,177,511,4,15972.65,0.19
11426,2025-11-19,289,561,1,8990.93,0.11
11427,2025-11-04,490,577,4,376.45,0.2
11428,2025-06-10,507,536,4,31357.67,0.01
11429,2025-06-18,110,504,2,91144.56,0.09
11430,2025-05-20,464,537,5,28251.03,0.17
11431,2025-09-26,257,535,4,17252.95,0.13
11432,2025-10-26,168,522,5,8283.12,0.02
11433,2025-08-19,313,537,2,27178.45,0.07
11434,2025-07-30,480,513,3,42794.33,0.03
11435,2025-11-08,539,537,1,24472.62,0.02
11436,2025-07-18,395,572,4,255.89,0.09
11437,2025-05-27,502,512,4,21888.73,0.06
11438,2025-02-20,433,505,5,102523.43,0.14
11439,2025-12-12,190,588,1,1295.94,0.05
11440,2025-09-20,480,565,4,181.94,0.15
11441,2025-02-01,452,514,1,45334.88,0.2
11442,2025-05-18,315,569,5,513.1,0.04
11443,2025-06-22,420,543,5,12455.17,0.1
11444,2025-11-28,349,551,2,12366.49,0.1
11445,2025-11-26,215,548,1,15087.51,0.11
11446,2025-10-12,183,597,4,6317.82,0.08
11447,2025-12-05,153,512,1,22784.2,0.11
11448,2025-07-02,230,503,1,69765.57,0.2
11449,2025-11-03,479,524,4,4975.86,0.06
11450,2025-09-23,145,533,4,30292.51,0.2
11451,2025-01-27,597,568,1,517.61,0.05
11452,2025-03-02,249,509,2,43969.96,0.18
11453,2025-06-12,540,552,5,22855.63,0.01
11454,2025-11-27,360,562,1,11529.18,0.15
11455,2025-08-28,216,564,1,691.01,0.07
11456,2025-02-15,411,563,2,397.63,0.07
11457,2025-10-17,583,524,1,4263.69,0.11
11458,2025-12-10,288,501,3,82525.32,0.1
11459,2025-01-04,372,524,4,4498.79,0.03
11460,2025-01-21,136,517,5,1611.09,0.14
11461,2025-04-27,367,522,1,9939.21,0.14
11462,2025-01-31,345,559,5,16986.13,0.07
11463,2025-03-27,565,547,2,6969.64,0.08
11464,2025-07-08,520,507,3,57666.43,0.03
11465,2025-03-29,368,582,3,627.48,0.06
11466,2025-06-20,555,581,4,607.87,0.06
11467,2025-07-30,481,515,3,57542.33,0.17
11468,2025-12-11,113,591,1,654.17,0.05
11469,2025-08-24,266,563,3,393.22,0.03
11470,2025-03-28,146,569,2,555.62,0.08
11471,2025-10-10,179,557,3,16445.07,0.01
11472,2025-11-27,411,597,1,5180.16,0.16
11473,2025-08-16,198,567,5,641.34,0.09
11474,2025-04-04,161,503,5,64530.32,0.16
11475,2025-06-12,276,562,2,15034.93,0.02
11476,2025-12-27,297,529,2,2653.21,0.11
11477,2025-11-18,537,593,2,238.0,0.06
11478,2025-05-10,491,567,3,685.41,0.0
11479,2025-11-27,364,540,3,20601.64,0.07
11480,2025-08-28,209,531,3,10864.29,0.17
11481,2025-12-02,459,550,2,10786.76,0.09
11482,2025-09-11,469,587,1,691.45,0.16
11483,2025-03-25,465,593,3,183.84,0.13
11484,2025-12-15,308,599,1,649.95,0.0
11485,2025-06-14,113,550,1,10697.45,0.1
11486,2025-09-16,103,545,3,9695.06,0.03
11487,2025-04-28,405,599,5,691.29,0.14
11488,2025-07-06,357,534,2,47924.61,0.07
11489,2025-09-14,522,536,5,27609.15,0.01
11490,2025-06-04,515,561,4,9717.32,0.18
11491,2025-02-08,187,542,2,8606.45,0.02
11492,2025-03-16,552,564,4,702.24,0.05
11493,2025-10-31,247,539,2,11972.79,0.07
11494,2025-12-05,301,556,1,13867.54,0.06
11495,2025-07-18,428,553,5,36193.6,0.08
11496,2025-01-04,502,569,5,467.04,0.11
11497,2025-05-03,183,556,4,11358.52,0.18
11498,2025-10-18,544,535,3,17922.02,0.0
11499,2025-02-03,455,528,4,15981.23,0.03
11500,2025-02-21,371,557,2,15339.9,0.1
11501,2025-09-21,374,578,1,889.52,0.15
11502,2025-10-24,511,561,2,10242.82,0.11
11503,2025-11-28,548,544,5,24246.68,0.18
11504,2025-02-02,475,577,4,355.02,0.04
11505,2025-12-25,376,569,4,505.59,0.09
11506,2025-11-12,230,515,5,62839.51,0.0
11507,2025-07-12,381,501,2,84804.39,0.08
11508,2025-10-16,397,596,2,4160.04,0.12
11509,2025-10-05,499,529,2,2171.87,0.01
11510,2025-03-28,526,573,3,393.91,0.0
11511,2025-10-04,343,544,3,25968.76,0.07
11512,2025-06-18,486,501,2,72872.13,0.07
11513,2025-06-22,340,528,1,15319.74,0.19
11514,2025-06-16,416,582,4,616.91,0.02
11515,2025-08-29,249,544,5,25962.63,0.09
11516,2025-12-23,587,600,2,1035.91,0.03
11517,2025-12-02,347,560,2,18082.1,0.02
11518,2025-09-09,449,590,3,232.36,0.05
11519,2025-11-22,417,517,2,1490.44,0.1
11520,2025-07-13,114,599,3,648.86,0.03
11521,2025-05-11,442,568,3,522.57,0.15
11522,2025-06-30,207,577,1,420.75,0.03
11523,2025-07-29,568,520,5,2846.8,0.2
11524,2025-05-16,365,512,1,26467.6,0.03
11525,2025-05-19,412,568,1,627.49,0.13
11526,2025-07-31,256,588,1,1110.23,0.05
11527,2025-03-07,417,530,1,4347.17,0.1
11528,2025-04-13,267,584,5,947.63,0.15
11529,2025-01-20,159,542,4,8448.27,0.03
11530,2025-08-10,318,566,3,397.32,0.03
11531,2025-05-21,247,579,4,466.92,0.08
11532,2025-06-02,571,598,3,4407.01,0.15
11533,2025-11-24,432,562,1,14843.64,0.13
11534,2025-06-15,559,505,4,102270.88,0.06
11535,2025-02-27,434,562,3,13753.48,0.15
11536,2025-07-30,580,594,2,462.53,0.1
11537,2025-09-20,421,539,1,11424.08,0.14
11538,2025-06-06,588,535,5,14684.8,0.1
11539,2025-12-03,408,570,1,3492.27,0.0
11540,2025-02-25,250,568,5,552.99,0.01
11541,2025-03-05,598,553,2,37038.92,0.17
11542,2025-10-18,444,548,1,15906.75,0.03
11543,2025-09-23,559,575,3,428.23,0.02
11544,2025-04-22,309,529,2,2437.23,0.05
11545,2025-11-16,409,570,5,3356.82,0.19
11546,2025-03-27,268,598,4,4268.22,0.06
11547,2025-12-05,504,522,3,9358.34,0.1
11548,2025-07-26,358,590,2,244.64,0.15
11549,2025-05-12,583,545,2,11667.92,0.04
11550,2025-08-01,475,511,4,18115.02,0.04
11551,2025-09-05,385,554,1,28077.18,0.11
11552,2025-03-28,146,570,1,3363.21,0.15
11553,2025-02-17,490,538,1,53891.33,0.16
11554,2025-09-26,312,589,1,315.97,0.02
11555,2025-10-18,460,503,4,61634.06,0.03
11556,2025-02-20,494,595,5,3397.06,0.12
11557,2025-12-02,108,567,3,652.91,0.19
11558,2025-11-01,495,537,1,24881.51,0.13
11559,2025-12-15,562,522,2,9772.52,0.17
11560,2025-09-04,454,534,2,44071.89,0.13
11561,2025-09-25,110,512,5,26143.05,0.11
11562,2025-04-17,569,583,1,1116.66,0.04
11563,2025-08-08,110,529,5,2501.25,0.02
11564,2025-01-31,170,557,1,15860.84,0.15
11565,2025-12-25,400,516,4,1081.87,0.11
11566,2025-09-13,262,576,5,380.39,0.12
11567,2025-08-01,189,595,3,3548.68,0.14
11568,2025-01-13,330,565,3,195.31,0.09
11569,2025-08-19,136,549,5,27430.72,0.02
11570,2025-06-17,380,571,2,181.65,0.16
11571,2025-12-18,236,504,2,90175.52,0.09
11572,2025-10-08,211,574,5,298.49,0.01
11573,2025-11-11,435,529,1,2307.25,0.12
11574,2025-10-12,460,515,3,53327.37,0.2
11575,2025-04-25,155,572,3,240.19,0.12
11576,2025-12-29,371,595,4,3276.54,0.14
11577,2025-10-21,187,567,2,647.71,0.2
11578,2025-10-08,315,582,3,548.11,0.14
11579,2025-12-10,109,570,5,2861.86,0.11
11580,2025-02-25,447,567,3,728.48,0.1
11581,2025-07-18,556,511,4,16382.5,0.02
11582,2025-09-25,294,580,4,221.85,0.19
11583,2025-03-19,165,526,4,7121.2,0.02
11584,2025-09-06,444,552,5,22865.3,0.2
11585,2025-08-15,266,584,5,802.33,0.05
11586,2025-01-19,226,575,5,508.17,0.17
11587,2025-05-16,169,510,4,113459.82,0.15
11588,2025-08-16,548,549,4,25805.2,0.09
11589,2025-10-04,352,596,2,4260.71,0.11
11590,2025-11-01,398,587,2,786.89,0.04
11591,2025-05-16,502,547,1,6069.3,0.06
11592,2025-04-17,487,545,1,9398.87,0.11
11593,2025-12-08,492,557,3,15505.51,0.0
11594,2025-06-03,475,550,2,10458.93,0.16
11595,2025-09-09,245,578,2,933.95,0.12
11596,2025-05-01,276,533,1,35906.76,0.13
11597,2025-10-11,570,595,2,3954.61,0.07
11598,2025-04-20,132,552,3,22371.26,0.04
11599,2025-12-20,111,565,1,234.16,0.05
11600,2025-10-11,590,574,5,282.43,0.09
11601,2025-08-08,205,513,4,36611.67,0.11
11602,2025-05-07,365,576,5,371.6,0.0
11603,2025-12-03,172,504,3,82873.29,0.14
11604,2025-05-01,569,585,1,639.14,0.04
11605,2025-08-17,388,576,3,395.91,0.06
11606,2025-05-10,558,558,3,3296.51,0.04
11607,2025-12-02,133,583,2,1021.93,0.07
11608,2025-02-22,272,570,4,3292.85,0.17
11609,2025-02-21,486,547,1,6197.95,0.05
11610,2025-03-29,446,520,4,2411.13,0.1
11611,2025-01-22,154,511,3,14777.7,0.06
11612,2025-06-11,380,555,1,8216.86,0.01
11613,2025-07-27,427,508,1,95297.68,0.05
11614,2025-01-15,586,560,5,17098.85,0.08
11615,2025-04-05,244,521,2,5313.12,0.12
11616,2025-03-12,398,522,3,10205.78,0.04
11617,2025-06-23,542,527,2,9737.31,0.13
11618,2025-08-30,291,517,5,1530.22,0.04
11619,2025-11-21,130,530,4,3897.83,0.05
11620,2025-11-07,285,565,3,204.3,0.15
11621,2025-08-24,512,571,2,167.61,0.08
11622,2025-08-14,338,508,2,74652.84,0.09
11623,2025-11-25,473,592,1,320.41,0.16
11624,2025-01-22,522,552,5,22809.33,0.15
11625,2025-07-25,172,576,4,378.68,0.13
11626,2025-08-25,213,560,4,21520.43,0.13
11627,2025-09-11,107,524,2,4740.59,0.16
11628,2025-06-26,424,554,1,26988.54,0.05
11629,2025-09-09,485,598,2,4294.94,0.1
11630,2025-02-06,424,502,1,62631.12,0.14
11631,2025-02-25,128,521,2,4266.3,0.06
11632,2025-10-03,115,512,3,23605.4,0.1
11633,2025-03-05,435,524,3,4293.19,0.12
11634,2025-02-14,351,516,4,929.88,0.14
11635,2025-06-07,477,544,4,22924.0,0.18
11636,2025-03-16,532,543,4,13834.31,0.18
11637,2025-08-23,318,576,2,420.17,0.03
11638,2025-08-05,227,543,3,11978.94,0.12
11639,2025-03-21,147,562,4,14635.78,0.03
11640,2025-04-22,503,550,1,9942.95,0.1
11641,2025-10-09,585,540,2,22930.03,0.14
11642,2025-09-16,448,599,3,545.14,0.09
11643,2025-12-25,226,582,1,494.76,0.18
11644,2025-04-20,139,533,4,37914.45,0.13
11645,2025-12-08,121,591,2,648.88,0.06
11646,2025-04-18,474,517,3,1906.97,0.14
11647,2025-07-07,597,567,4,725.65,0.04
11648,2025-08-15,404,595,4,3140.87,0.11
11649,2025-02-28,549,577,1,393.57,0.06
11650,2025-11-03,289,589,4,392.21,0.17
11651,2025-11-25,549,541,1,5501.8,0.08
11652,2025-05-16,292,545,1,11430.86,0.11
11653,2025-09-30,106,512,2,23472.32,0.19
11654,2025-06-11,205,597,4,6178.13,0.17
11655,2025-05-28,248,509,3,45086.71,0.07
11656,2025-06-26,300,518,4,3217.41,0.19
11657,2025-11-29,361,584,4,890.93,0.05
11658,2025-07-27,565,590,3,234.45,0.15
11659,2025-08-09,452,558,3,3902.3,0.05
11660,2025-02-28,335,536,4,32924.44,0.01
11661,2025-10-29,335,558,1,3596.48,0.08
11662,2025-01-01,114,503,2,73596.42,0.01
11663,2025-04-16,259,512,5,23510.13,0.18
11664,2025-08-12,391,595,3,3347.3,0.02
11665,2025-10-10,577,506,4,46787.65,0.18
11666,2025-01-30,198,519,2,1730.47,0.05
11667,2025-10-06,542,543,5,11680.05,0.09
11668,2025-02-21,131,578,4,925.96,0.13
11669,2025-02-20,113,538,5,45410.54,0.07
11670,2025-02-04,245,592,1,307.64,0.04
11671,2025-03-29,529,506,4,55027.49,0.19
11672,2025-05-20,241,502,4,57929.9,0.09
11673,2025-06-15,137,559,4,14841.41,0.07
11674,2025-07-21,576,565,2,215.18,0.07
11675,2025-05-25,270,600,2,963.97,0.06
11676,2025-11-28,506,524,1,4782.92,0.04
11677,2025-05-23,182,545,5,10965.67,0.07
11678,2025-02-27,180,535,3,18973.37,0.0
11679,2025-03-02,578,552,4,23980.55,0.18
11680,2025-04-04,372,585,2,604.12,0.09
11681,2025-08-11,558,509,4,48552.59,0.17
11682,2025-01-07,131,527,4,9758.83,0.14
11683,2025-05-04,529,590,2,264.98,0.04
11684,2025-11-23,486,563,3,379.16,0.11
11685,2025-12-30,357,518,3,3337.02,0.2
11686,2025-07-26,460,513,1,35359.89,0.13
11687,2025-09-26,585,539,4,10443.28,0.07
11688,2025-11-13,253,554,4,31706.51,0.14
11689,2025-04-23,301,588,3,1319.88,0.08
11690,2025-03-09,312,506,4,55141.4,0.2
11691,2025-09-27,410,533,5,36258.17,0.2
11692,2025-06-26,416,520,2,2675.4,0.15
11693,2025-05-24,104,545,5,10014.39,0.0
11694,2025-12-23,430,526,5,6804.12,0.15
11695,2025-12-10,110,599,5,579.14,0.03
11696,2025-12-30,572,539,1,10733.31,0.17
11697,2025-10-16,302,526,4,6639.25,0.12
11698,2025-03-12,469,531,1,11088.19,0.01
11699,2025-01-03,340,509,2,43786.09,0.07
11700,2025-06-12,405,518,4,3074.49,0.05
11701,2025-02-11,471,534,2,42985.28,0.14
11702,2025-02-17,158,524,4,5223.43,0.14
11703,2025-11-16,366,523,1,2803.97,0.05
11704,2025-02-15,377,598,5,4594.93,0.11
11705,2025-11-03,369,597,4,5554.23,0.01
11706,2025-10-08,531,556,4,11689.11,0.08
11707,2025-01-29,177,507,5,59995.86,0.01
11708,2025-03-02,487,595,1,3371.08,0.17
11709,2025-08-07,545,586,1,702.81,0.02
11710,2025-06-19,428,523,4,2849.82,0.2
11711,2025-04-26,354,529,4,2715.54,0.11
11712,2025-04-27,221,549,2,22858.02,0.03
11713,2025-09-26,291,551,3,10612.12,0.16
11714,2025-03-13,142,574,4,321.07,0.12
11715,2025-07-18,327,594,2,470.3,0.01
11716,2025-11-09,411,555,3,8540.23,0.12
11717,2025-07-10,568,561,3,9941.6,0.16
11718,2025-03-24,211,571,3,188.59,0.15
11719,2025-06-09,312,553,3,33253.99,0.17
11720,2025-05-11,530,554,5,33515.22,0.11
11721,2025-06-07,188,523,4,3362.03,0.1
11722,2025-04-29,412,540,1,19502.59,0.06
11723,2025-07-10,554,554,4,33850.09,0.18
11724,2025-03-18,157,582,5,537.17,0.15
11725,2025-08-23,432,551,5,13449.31,0.13
11726,2025-09-18,324,510,4,128998.82,0.12
11727,2025-07-08,251,580,1,229.13,0.0
11728,2025-12-26,127,575,1,539.05,0.12
11729,2025-07-22,301,512,4,23585.07,0.04
11730,2025-05-28,218,501,2,68445.49,0.18
11731,2025-04-01,157,503,5,68417.2,0.17
11732,2025-08-23,452,516,3,906.57,0.01
11733,2025-05-14,513,592,3,350.82,0.14
11734,2025-06-17,258,580,1,273.84,0.13
11735,2025-10-19,422,573,2,331.57,0.09
11736,2025-10-19,508,572,3,241.58,0.05
11737,2025-05-13,318,530,4,4487.16,0.16
11738,2025-03-06,147,539,4,10489.45,0.08
11739,2025-10-27,511,513,1,43930.94,0.01
11740,2025-07-02,477,555,3,8008.0,0.09
11741,2025-10-07,160,514,5,44057.3,0.08
11742,2025-10-14,170,531,3,10959.85,0.13
11743,2025-03-22,275,539,4,12766.01,0.14
11744,2025-06-14,400,522,4,8419.81,0.12
11745,2025-03-21,292,511,1,18746.14,0.01
11746,2025-04-09,555,578,1,888.16,0.11
11747,2025-11-01,110,595,1,3433.91,0.07
11748,2025-04-17,513,530,5,3941.45,0.19
11749,2025-02-24,116,559,1,15898.94,0.07
11750,2025-06-13,428,545,4,10277.09,0.14
11751,2025-07-27,344,586,4,867.97,0.2
11752,2025-02-07,319,571,1,155.05,0.15
11753,2025-10-29,108,521,3,5215.83,0.16
11754,2025-05-31,102,583,3,1040.62,0.17
11755,2025-03-23,337,591,3,550.69,0.02
11756,2025-03-28,448,597,4,4824.52,0.14
11757,2025-06-16,126,564,3,568.7,0.04
11758,2025-09-12,402,564,2,622.09,0.19
11759,2025-05-14,195,541,2,4622.55,0.09
11760,2025-09-06,187,562,3,12146.6,0.08
11761,2025-11-28,332,537,2,22128.94,0.07
11762,2025-07-29,437,596,2,3776.4,0.09
11763,2025-11-26,223,550,5,9839.05,0.0
11764,2025-12-01,432,529,1,2689.75,0.09
11765,2025-05-24,296,592,1,338.81,0.15
11766,2025-06-25,426,539,2,9900.97,0.2
11767,2025-10-31,268,526,4,7534.96,0.11
11768,2025-12-08,101,576,4,460.56,0.06
11769,2025-05-18,326,523,2,2771.18,0.12
11770,2025-01-11,367,561,3,9707.22,0.04
11771,2025-11-14,531,533,3,38607.78,0.06
11772,2025-07-03,424,541,1,4654.39,0.05
11773,2025-01-10,148,506,3,54365.46,0.2
11774,2025-03-20,113,517,1,1445.13,0.04
11775,2025-11-03,527,538,4,44663.16,0.18
11776,2025-06-14,122,527,4,8340.14,0.09
11777,2025-10-02,593,506,5,51996.14,0.17
11778,2025-11-29,371,537,3,24782.05,0.08
11779,2025-05-23,337,535,5,16493.28,0.08
11780,2025-11-02,434,588,2,1232.57,0.09
11781,2025-11-25,314,512,5,26358.89,0.1
11782,2025-12-17,242,502,1,65164.07,0.16
11783,2025-08-20,576,599,4,700.69,0.12
11784,2025-10-09,319,599,1,587.43,0.05
11785,2025-06-03,307,505,1,103845.4,0.06
11786,2025-10-03,347,541,1,4208.52,0.13
11787,2025-03-01,539,529,3,2488.04,0.03
11788,2025-09-05,264,501,2,80809.29,0.15
11789,2025-05-22,590,523,1,3041.0,0.0
11790,2025-08-30,436,569,2,493.12,0.04
11791,2025-02-10,484,537,5,26029.28,0.09
11792,2025-02-18,265,533,3,39222.11,0.04
11793,2025-12-06,209,530,1,4337.35,0.05
11794,2025-12-29,166,599,4,697.32,0.18
11795,2025-02-25,411,532,2,18452.92,0.15
11796,2025-10-14,473,521,2,4722.93,0.17
11797,2025-03-16,402,544,5,27300.49,0.07
11798,2025-05-25,219,588,4,1370.79,0.16
11799,2025-07-19,446,566,4,404.65,0.17
11800,2025-01-21,241,528,3,17568.67,0.06
11801,2025-08-06,136,569,2,546.39,0.04
11802,2025-10-18,328,550,4,11647.03,0.16
11803,2025-03-02,190,526,4,7854.74,0.14
11804,2025-05-13,371,521,1,4457.14,0.08
11805,2025-08-21,232,555,1,9461.77,0.13
11806,2025-11-17,313,565,5,209.19,0.1
11807,2025-06-01,328,564,1,649.29,0.04
11808,2025-02-25,176,518,2,3028.75,0.18
11809,2025-03-30,586,501,5,83732.5,0.11
11810,2025-12-04,118,551,5,12049.5,0.05
11811,2025-02-02,562,596,2,4255.08,0.18
11812,2025-07-17,124,512,5,25863.58,0.11
11813,2025-12-22,460,550,1,9210.86,0.15
11814,2025-03-27,191,511,4,17284.23,0.06
11815,2025-11-18,443,522,5,8132.84,0.17
11816,2025-09-26,565,538,3,53910.0,0.11
11817,2025-06-23,305,581,3,732.6,0.15
11818,2025-12-15,134,594,3,475.73,0.06
11819,2025-09-11,563,559,4,13928.76,0.0
11820,2025-07-29,162,533,4,33823.89,0.09
11821,2025-05-27,471,548,2,13250.4,0.08
11822,2025-05-15,451,534,2,37476.37,0.07
11823,2025-02-20,261,573,1,396.19,0.17
11824,2025-03-27,349,580,4,259.15,0.03
11825,2025-06-26,456,531,2,12048.36,0.18
11826,2025-06-22,407,580,4,227.74,0.04
11827,2025-07-13,378,558,4,3751.93,0.18
11828,2025-12-26,186,552,4,19489.75,0.12
11829,2025-05-30,492,542,1,8166.21,0.11
11830,2025-09-21,600,547,3,6021.48,0.16
11831,2025-06-26,370,588,2,1330.1,0.01
11832,2025-05-17,192,539,1,10889.43,0.02
11833,2025-07-22,162,594,3,479.98,0.17
11834,2025-01-31,437,597,1,5453.98,0.2
11835,2025-01-02,204,552,5,24511.56,0.15
11836,2025-05-21,135,597,4,5917.8,0.12
11837,2025-03-05,231,537,3,28289.54,0.03
11838,2025-11-16,323,509,5,44344.18,0.2
11839,2025-09-23,549,506,1,51042.91,0.01
11840,2025-04-28,102,541,5,4694.81,0.08
11841,2025-08-30,583,510,1,131459.96,0.12
11842,2025-05-31,391,575,4,542.66,0.07
11843,2025-09-13,416,522,1,10033.11,0.04
11844,2025-07-28,398,571,2,176.06,0.04
11845,2025-01-15,439,548,1,15036.17,0.07
11846,2025-01-08,249,584,5,751.15,0.01
11847,2025-03-08,458,570,1,3484.53,0.1
11848,2025-03-02,151,597,5,4815.72,0.17
11849,2025-01-26,335,546,5,7846.86,0.2
11850,2025-03-28,498,542,2,8547.48,0.08
11851,2025-12-25,498,589,3,392.48,0.06
11852,2025-01-09,512,553,3,38919.19,0.02
11853,2025-11-22,528,539,4,12699.49,0.17
11854,2025-04-25,230,538,5,45374.9,0.08
11855,2025-04-23,412,585,3,626.28,0.04
11856,2025-03-24,319,597,5,5707.29,0.17
11857,2025-06-06,351,559,5,14722.45,0.19
11858,2025-01-07,170,559,3,14421.67,0.06
11859,2025-08-02,595,552,1,19402.17,0.12
11860,2025-02-04,332,552,4,22684.03,0.08
11861,2025-08-19,343,542,1,9151.78,0.18
11862,2025-10-18,456,527,4,8094.28,0.05
11863,2025-09-07,298,579,3,384.73,0.02
11864,2025-01-28,600,531,3,10947.48,0.08
11865,2025-05-09,429,530,1,4507.28,0.15
11866,2025-02-15,527,510,5,127016.71,0.13
11867,2025-08-29,590,502,4,66834.28,0.02
11868,2025-10-18,536,591,4,669.82,0.11
11869,2025-04-21,160,535,4,16951.69,0.07
11870,2025-07-09,559,583,3,1180.92,0.09
11871,2025-12-17,244,600,3,1033.73,0.1
11872,2025-09-24,544,571,2,163.83,0.01
11873,2025-09-02,337,530,4,4064.82,0.19
11874,2025-09-03,581,598,1,4701.82,0.15
11875,2025-12-10,334,527,2,8970.89,0.12
11876,2025-07-19,582,530,5,3658.95,0.07
11877,2025-05-29,332,556,4,11272.95,0.03
11878,2025-01-16,306,523,5,2831.65,0.1
11879,2025-09-08,290,540,5,18506.58,0.01
11880,2025-09-18,215,525,3,2741.93,0.11
11881,2025-07-05,109,539,1,9660.92,0.03
11882,2025-08-08,408,586,3,800.01,0.07
11883,2025-11-29,250,518,4,3220.34,0.15
11884,2025-08-20,251,597,3,5169.17,0.13
11885,2025-03-25,229,552,2,20580.27,0.09
11886,2025-04-29,446,562,3,12178.29,0.04
11887,2025-06-15,158,528,4,14107.24,0.19
11888,2025-09-01,290,526,3,7956.25,0.05
11889,2025-05-04,411,554,4,33797.01,0.1
11890,2025-11-29,124,582,5,504.43,0.15
11891,2025-11-07,531,514,4,44765.53,0.16
11892,2025-11-12,327,502,1,55971.36,0.14
11893,2025-03-27,296,575,3,521.82,0.12
11894,2025-03-05,483,596,3,3727.07,0.13
11895,2025-11-05,521,517,4,1544.63,0.03
11896,2025-01-20,579,544,4,26885.1,0.12
11897,2025-03-01,459,516,2,971.47,0.01
11898,2025-04-16,257,548,3,12682.99,0.13
11899,2025-12-01,298,554,5,32219.56,0.17
11900,2025-12-09,446,527,4,9453.85,0.2
11901,2025-09-25,492,573,5,317.74,0.11
11902,2025-05-14,510,584,5,824.99,0.04
11903,2025-02-04,564,575,2,493.1,0.16
11904,2025-10-10,406,531,5,12168.9,0.06
11905,2025-09-28,141,585,5,673.05,0.14
11906,2025-07-04,107,570,3,2866.38,0.05
11907,2025-10-27,554,600,1,916.48,0.08
11908,2025-11-22,379,512,5,25163.57,0.14
11909,2025-02-09,549,583,4,1011.87,0.12
11910,2025-07-06,198,544,1,23484.14,0.12
11911,2025-03-20,120,544,4,25067.57,0.08
11912,2025-11-14,248,572,1,229.19,0.08
11913,2025-01-12,553,585,5,580.66,0.16
11914,2025-02-14,138,590,1,270.31,0.02
11915,2025-10-27,569,548,3,13730.59,0.14
11916,2025-10-13,253,509,1,50837.42,0.11
11917,2025-02-01,293,560,1,20124.04,0.18
11918,2025-11-02,506,508,4,87933.13,0.18
11919,2025-10-22,506,563,2,350.72,0.18
11920,2025-08-11,414,562,5,12083.01,0.17
11921,2025-09-14,334,571,2,172.66,0.06
11922,2025-03-03,422,537,5,22725.81,0.17
11923,2025-02-01,595,542,2,8382.76,0.01
11924,2025-05-05,338,585,1,661.75,0.16
11925,2025-05-25,543,534,5,38741.68,0.02
11926,2025-04-29,254,593,3,219.63,0.14
11927,2025-07-18,200,554,3,32581.17,0.01
11928,2025-03-16,289,528,4,15079.0,0.16
11929,2025-08-12,150,591,2,641.09,0.2
11930,2025-09-29,426,513,5,40362.93,0.18
11931,2025-10-10,176,563,2,352.98,0.07
11932,2025-01-04,305,560,5,20405.44,0.13
11933,2025-10-19,281,528,1,15726.58,0.04
11934,2025-01-25,292,586,1,742.15,0.17
11935,2025-01-21,524,525,5,2448.23,0.03
11936,2025-03-27,316,550,2,11462.36,0.04
11937,2025-06-12,187,526,1,8075.73,0.04
11938,2025-04-05,376,564,4,686.99,0.03
11939,2025-04-02,402,561,4,9979.64,0.06
11940,2025-09-08,191,563,4,369.58,0.16
11941,2025-05-08,550,548,4,14940.66,0.19
11942,2025-05-17,277,547,2,7431.33,0.09
11943,2025-10-02,137,538,3,49372.91,0.02
11944,2025-08-01,571,595,3,3898.95,0.06
11945,2025-06-26,217,593,3,181.06,0.1
11946,2025-04-06,249,537,3,22956.34,0.09
11947,2025-09-04,207,514,2,42665.09,0.15
11948,2025-02-01,244,511,3,18000.44,0.1
11949,2025-03-10,330,574,5,348.86,0.06
11950,2025-01-11,386,516,3,898.13,0.19
11951,2025-07-22,410,583,2,1199.38,0.03
11952,2025-11-23,343,567,4,692.48,0.13
11953,2025-09-23,408,575,5,452.95,0.1
11954,2025-10-19,413,527,4,9078.68,0.18
11955,2025-04-03,420,557,2,15658.14,0.08
11956,2025-02-07,348,587,5,764.1,0.08
11957,2025-11-09,303,537,4,27203.19,0.12
11958,2025-08-08,123,516,2,948.75,0.03
11959,2025-09-10,376,572,3,262.78,0.14
11960,2025-05-03,440,508,5,91970.31,0.05
11961,2025-10-31,536,501,4,78103.6,0.14
11962,2025-11-14,282,513,1,40461.0,0.15
11963,2025-11-15,460,519,1,1838.67,0.11
11964,2025-12-11,344,567,5,605.56,0.19
11965,2025-09-22,533,512,5,22116.1,0.13
11966,2025-11-05,475,564,2,645.62,0.14
11967,2025-04-18,281,599,4,668.67,0.18
11968,2025-03-09,354,545,5,9934.11,0.05
11969,2025-04-22,438,591,5,690.67,0.09
11970,2025-11-23,419,523,3,3073.94,0.19
11971,2025-07-18,461,531,4,11468.45,0.18
11972,2025-09-14,403,593,5,232.35,0.2
11973,2025-10-26,257,544,4,23979.18,0.19
11974,2025-02-15,320,510,1,105561.8,0.14
11975,2025-03-18,150,552,3,19663.13,0.18
11976,2025-07-19,404,552,1,20934.71,0.12
11977,2025-11-25,281,572,5,242.15,0.16
11978,2025-03-02,517,582,4,628.07,0.07
11979,2025-05-23,150,563,4,342.44,0.16
11980,2025-11-27,509,543,4,14673.43,0.04
11981,2025-10-04,187,587,5,644.75,0.05
11982,2025-07-11,354,544,4,25499.33,0.05
11983,2025-07-26,340,558,4,3050.44,0.04
11984,2025-07-24,156,555,5,7788.18,0.03
11985,2025-06-15,177,516,4,970.68,0.01
11986,2025-05-18,492,596,5,3814.86,0.01
11987,2025-02-28,579,579,1,427.32,0.01
11988,2025-04-15,125,585,2,579.96,0.08
11989,2025-02-28,122,564,1,584.48,0.07
11990,2025-11-11,540,517,5,1553.71,0.03
11991,2025-07-24,203,503,4,74818.09,0.1
11992,2025-01-06,242,552,4,19648.87,0.15
11993,2025-09-08,127,542,1,10181.48,0.2
11994,2025-02-24,156,597,5,5978.91,0.19
11995,2025-08-14,408,599,5,709.16,0.18
11996,2025-06-13,142,532,2,20929.35,0.06
11997,2025-03-13,564,516,3,1007.37,0.0
11998,2025-06-16,389,593,1,198.2,0.02
11999,2025-03-25,559,546,5,6005.37,0.07
12000,2025-08-16,439,581,3,795.4,0.13
12001,2025-07-17,326,515,2,58047.13,0.14
12002,2025-03-14,354,562,3,12226.49,0.03
12003,2025-07-21,264,563,2,327.45,0.12
12004,2025-07-22,502,530,4,4301.11,0.09
12005,2025-04-21,569,570,3,3420.95,0.18
12006,2025-11-22,361,540,1,19344.83,0.18
12007,2025-09-11,489,559,4,17132.49,0.0
12008,2025-12-21,302,587,4,645.28,0.06
12009,2025-06-10,106,593,3,202.24,0.15
12010,2025-11-19,329,595,1,3990.23,0.13
12011,2025-06-16,104,584,5,921.45,0.02
12012,2025-06-24,426,522,3,8298.24,0.13
12013,2025-09-24,583,596,2,3763.55,0.11
12014,2025-09-29,453,589,1,381.07,0.15
12015,2025-01-31,107,574,5,348.17,0.01
12016,2025-04-06,455,587,4,759.35,0.02
12017,2025-05-27,473,543,5,12406.43,0.13
12018,2025-05-30,137,588,2,1221.36,0.19
12019,2025-03-16,144,545,3,11180.4,0.03
12020,2025-12-07,583,572,3,265.98,0.09
12021,2025-07-15,228,560,4,17532.73,0.11
12022,2025-10-25,343,503,4,69972.22,0.17
12023,2025-02-27,158,508,5,79562.85,0.1
12024,2025-02-15,350,571,1,148.24,0.11
12025,2025-09-12,260,509,1,44088.16,0.08
12026,2025-05-21,492,589,1,306.64,0.01
12027,2025-06-01,384,533,5,34267.01,0.08
12028,2025-10-10,102,531,2,10422.45,0.1
12029,2025-01-09,270,517,2,1770.14,0.07
12030,2025-08-17,233,554,2,28023.57,0.04
12031,2025-06-28,597,558,2,3230.27,0.18
12032,2025-11-23,360,544,4,22462.22,0.11
12033,2025-02-05,420,541,1,4951.85,0.03
12034,2025-07-12,135,575,5,536.85,0.04
12035,2025-11-09,474,565,1,230.43,0.1
12036,2025-04-22,489,529,4,2737.25,0.09
12037,2025-02-22,434,577,3,372.56,0.2
12038,2025-08-02,261,511,4,18810.59,0.05
12039,2025-04-08,370,516,5,898.04,0.04
12040,2025-05-23,576,596,4,3486.64,0.13
12041,2025-09-25,115,591,1,697.76,0.07
12042,2025-11-09,141,559,3,14527.98,0.13
12043,2025-02-02,538,505,3,99812.2,0.0
12044,2025-03-20,154,578,2,833.36,0.05
12045,2025-10-09,461,578,5,951.38,0.18
12046,2025-04-01,506,557,5,19032.59,0.04
12047,2025-12-20,444,554,3,26654.56,0.07
12048,2025-03-23,179,513,1,37769.79,0.03
12049,2025-02-24,384,527,5,9928.94,0.1
12050,2025-11-24,224,518,5,3100.35,0.14
12051,2025-09-04,128,511,5,14968.55,0.17
12052,2025-12-12,244,539,1,12001.19,0.12
12053,2025-10-22,596,573,3,324.98,0.1
12054,2025-09-16,297,526,2,7153.26,0.14
12055,2025-10-20,405,527,5,8795.6,0.12
12056,2025-05-20,585,562,5,12977.97,0.08
12057,2025-02-04,480,541,3,5073.13,0.17
12058,2025-01-04,370,555,1,7774.41,0.17
12059,2025-06-27,483,593,3,216.39,0.18
12060,2025-02-13,563,543,3,11604.44,0.09
12061,2025-02-18,454,598,2,4660.4,0.02
12062,2025-07-24,230,598,3,4121.29,0.05
12063,2025-05-23,562,538,4,44269.16,0.13
12064,2025-04-20,512,581,1,700.31,0.06
12065,2025-04-30,475,539,4,10718.33,0.13
12066,2025-09-24,412,538,1,43715.75,0.16
12067,2025-08-17,326,542,3,8335.58,0.17
12068,2025-03-29,247,528,4,14481.01,0.05
12069,2025-05-10,240,560,1,20035.2,0.05
12070,2025-09-17,464,501,3,81392.86,0.16
12071,2025-03-02,188,555,3,8915.03,0.18
12072,2025-11-08,471,514,5,43271.36,0.14
12073,2025-08-08,240,551,3,12507.85,0.15
12074,2025-07-18,133,590,1,243.87,0.07
12075,2025-11-13,587,571,3,159.24,0.14
12076,2025-06-11,217,509,3,46017.98,0.09
12077,2025-11-08,266,550,2,9988.73,0.14
12078,2025-09-19,377,584,2,932.67,0.07
12079,2025-08-07,593,574,1,301.59,0.07
12080,2025-08-09,574,599,2,705.21,0.09
12081,2025-07-01,290,522,2,9152.17,0.06
12082,2025-02-15,588,527,2,8411.22,0.11
12083,2025-07-02,531,573,2,368.49,0.0
12084,2025-07-05,532,521,3,5051.83,0.12
12085,2025-01-15,278,506,1,54225.08,0.06
12086,2025-03-22,395,595,1,3193.0,0.2
12087,2025-12-04,329,532,1,18435.71,0.04
12088,2025-12-17,486,552,5,22423.39,0.08
12089,2025-01-13,562,586,2,812.64,0.18
12090,2025-10-11,476,548,4,13193.2,0.1
12091,2025-01-28,335,563,5,337.42,0.18
12092,2025-03-25,574,527,3,9771.02,0.13
12093,2025-03-05,598,544,5,26100.82,0.06
12094,2025-04-09,219,593,3,214.1,0.13
12095,2025-09-23,174,590,3,236.42,0.14
12096,2025-07-04,576,585,3,672.26,0.02
12097,2025-08-11,298,562,5,13300.51,0.07
12098,2025-09-28,341,528,2,16196.79,0.16
12099,2025-12-19,309,564,1,691.97,0.12
12100,2025-05-11,495,560,4,18880.6,0.11
12101,2025-04-11,223,581,1,681.93,0.03
12102,2025-03-07,114,516,4,1034.16,0.0
12103,2025-11-15,304,507,3,56914.14,0.01
12104,2025-04-04,568,527,3,8952.91,0.17
12105,2025-02-08,392,599,2,544.14,0.06
12106,2025-09-15,560,576,2,457.38,0.06
12107,2025-08-04,280,546,3,6081.6,0.05
12108,2025-04-23,367,536,2,26692.84,0.03
12109,2025-04-26,203,537,5,23880.56,0.14
12110,2025-10-04,102,543,3,13203.69,0.07
12111,2025-01-21,316,523,2,3257.02,0.19
12112,2025-11-15,233,589,4,352.82,0.11
12113,2025-10-30,248,522,4,9684.8,0.09
12114,2025-11-06,372,530,1,4694.74,0.19
12115,2025-06-13,332,551,5,11512.8,0.11
12116,2025-11-04,101,522,2,8843.24,0.03
12117,2025-04-18,158,532,2,19181.46,0.05
12118,2025-06-07,167,558,5,3827.78,0.11
12119,2025-11-24,557,542,2,9672.26,0.06
12120,2025-03-26,267,596,5,3543.23,0.02
12121,2025-08-17,344,513,4,35942.06,0.11
12122,2025-04-01,389,501,1,75577.22,0.19
12123,2025-02-01,448,557,4,14668.36,0.14
12124,2025-10-09,553,543,3,12220.4,0.14
12125,2025-09-29,448,558,2,3018.97,0.08
12126,2025-07-08,588,539,2,10732.42,0.09
12127,2025-03-30,485,549,1,24329.33,0.06
12128,2025-10-14,349,559,5,13351.22,0.07
12129,2025-02-18,414,529,2,2238.96,0.07
12130,2025-11-26,104,535,1,16118.19,0.13
12131,2025-02-21,485,571,3,157.51,0.03
12132,2025-10-26,242,504,3,103671.88,0.17
12133,2025-02-15,280,502,5,71547.78,0.16
12134,2025-03-08,122,596,3,3943.79,0.17
12135,2025-05-07,516,598,2,3889.92,0.19
12136,2025-05-17,509,528,1,14015.02,0.16
12137,2025-06-28,103,515,3,50108.88,0.17
12138,2025-09-17,416,561,2,10375.7,0.03
12139,2025-08-04,380,536,4,34083.55,0.03
12140,2025-05-13,427,589,5,325.36,0.08
12141,2025-12-03,309,579,2,466.91,0.16
12142,2025-08-16,450,522,4,9570.28,0.08
12143,2025-11-02,445,590,1,287.89,0.06
12144,2025-03-07,273,577,1,389.1,0.19
12145,2025-01-09,391,501,4,86877.72,0.15
12146,2025-03-06,197,585,5,679.19,0.14
12147,2025-05-15,173,577,2,379.52,0.15
12148,2025-05-12,224,600,1,882.43,0.11
12149,2025-02-10,267,565,4,230.42,0.06
12150,2025-08-19,268,580,4,259.67,0.09
12151,2025-07-24,426,563,1,330.09,0.17
12152,2025-09-26,462,561,1,10154.68,0.04
12153,2025-04-18,334,532,1,19042.75,0.04
12154,2025-08-08,212,588,3,1169.83,0.07
12155,2025-11-20,196,537,5,27024.99,0.19
12156,2025-04-19,105,530,5,3632.25,0.03
12157,2025-03-05,535,544,1,25774.57,0.15
12158,2025-07-15,361,600,3,972.98,0.12
12159,2025-03-12,253,562,4,12819.6,0.07
12160,2025-04-21,337,571,2,169.85,0.06
12161,2025-12-14,345,541,4,4531.77,0.16
12162,2025-04-09,482,543,3,14181.25,0.14
12163,2025-03-15,170,504,2,87513.3,0.12
12164,2025-08-26,587,551,3,11489.95,0.12
12165,2025-04-27,106,536,5,26844.05,0.08
12166,2025-07-21,553,541,1,5151.68,0.13
12167,2025-01-07,498,549,5,27153.54,0.14
12168,2025-03-05,511,561,2,9672.87,0.13
12169,2025-06-01,426,519,4,1602.24,0.13
12170,2025-01-16,372,550,1,10889.01,0.17
12171,2025-12-03,147,580,4,232.46,0.16
12172,2025-12-10,235,521,3,4857.17,0.04
12173,2025-08-17,269,546,4,6252.71,0.18
12174,2025-01-24,112,528,4,16842.75,0.18
12175,2025-11-07,373,567,4,637.33,0.06
12176,2025-07-22,274,507,4,58818.36,0.05
12177,2025-04-08,325,510,3,116409.26,0.17
12178,2025-02-21,340,578,3,945.16,0.15
12179,2025-08-25,424,585,5,620.3,0.19
12180,2025-05-10,201,560,3,21701.09,0.12
12181,2025-05-25,279,533,5,31528.1,0.16
12182,2025-11-03,524,584,5,900.08,0.03
12183,2025-05-11,324,505,1,93797.45,0.13
12184,2025-12-22,288,550,3,11334.11,0.1
12185,2025-06-04,451,567,5,779.74,0.13
12186,2025-02-20,402,518,5,3516.68,0.09
12187,2025-02-10,540,599,1,628.5,0.01
12188,2025-06-04,303,580,3,284.75,0.07
12189,2025-11-18,305,574,3,348.08,0.13
12190,2025-10-07,258,590,1,265.22,0.05
12191,2025-04-24,449,526,5,8637.77,0.1
12192,2025-05-15,194,590,5,253.04,0.03
12193,2025-06-28,187,541,2,4231.12,0.02
12194,2025-03-13,129,554,4,29428.67,0.03
12195,2025-02-08,109,587,2,752.62,0.08
12196,2025-08-30,248,509,1,44917.09,0.02
12197,2025-10-17,428,504,3,100765.94,0.2
12198,2025-11-02,578,537,1,27861.78,0.02
12199,2025-09-29,368,569,3,551.48,0.18
12200,2025-03-02,271,520,2,2219.84,0.02
12201,2025-06-29,293,545,4,10166.55,0.17
12202,2025-12-17,363,592,1,299.04,0.08
12203,2025-01-17,452,555,4,8582.8,0.12
12204,2025-10-22,427,546,3,6633.53,0.18
12205,2025-07-02,132,524,1,4912.01,0.04
12206,2025-08-27,113,520,2,2197.13,0.06
12207,2025-08-06,229,572,5,263.32,0.14
12208,2025-11-22,584,592,2,342.94,0.05
12209,2025-05-08,431,506,3,60644.2,0.08
12210,2025-07-28,234,592,3,347.32,0.1
12211,2025-10-03,585,572,5,248.47,0.07
12212,2025-09-13,314,576,4,430.83,0.02
12213,2025-12-02,487,565,4,191.44,0.03
12214,2025-12-13,451,553,4,31627.55,0.16
12215,2025-01-22,509,505,5,103305.13,0.19
12216,2025-04-04,506,540,3,22539.8,0.06
12217,2025-12-13,295,561,3,10558.13,0.13
12218,2025-06-03,560,571,5,188.29,0.09
12219,2025-12-30,565,550,3,11631.43,0.08
12220,2025-02-21,315,513,4,34273.42,0.1
12221,2025-09-03,364,520,4,2665.1,0.01
12222,2025-02-26,199,503,3,74912.16,0.02
12223,2025-08-04,382,547,1,7384.37,0.1
12224,2025-03-11,499,503,3,72380.46,0.1
12225,2025-09-27,599,578,2,879.98,0.05
12226,2025-06-07,476,549,2,23618.17,0.19
12227,2025-01-23,515,589,1,352.68,0.13
12228,2025-05-08,115,593,2,199.68,0.09
12229,2025-07-13,288,564,5,684.28,0.11
12230,2025-05-13,118,502,5,65754.45,0.06
12231,2025-05-09,206,556,3,13545.29,0.09
12232,2025-01-06,174,523,3,3219.19,0.14
12233,2025-02-28,538,515,1,51831.26,0.18
12234,2025-03-30,496,516,3,901.11,0.01
12235,2025-05-09,110,507,1,57053.66,0.02
12236,2025-01-18,167,593,1,181.22,0.08
12237,2025-03-21,200,570,3,3335.28,0.07
12238,2025-09-18,594,507,3,58967.0,0.17
12239,2025-02-20,341,545,3,11524.42,0.19
12240,2025-06-26,115,538,5,42428.98,0.04
12241,2025-11-28,214,516,3,898.83,0.01
12242,2025-07-26,513,527,2,8816.56,0.12
12243,2025-08-31,180,551,5,13527.3,0.19
12244,2025-02-22,389,519,1,1768.77,0.13
12245,2025-07-05,375,561,3,9855.71,0.17
12246,2025-04-16,591,597,5,4803.05,0.18
12247,2025-04-30,472,587,5,766.48,0.15
12248,2025-01-08,211,509,5,42540.11,0.13
12249,2025-02-19,209,559,2,14444.1,0.13
12250,2025-02-03,268,516,5,876.1,0.13
12251,2025-06-14,341,588,5,1114.38,0.19
12252,2025-07-13,568,581,1,621.81,0.14
12253,2025-11-18,314,582,5,639.68,0.09
12254,2025-09-23,189,537,3,22978.06,0.0
12255,2025-05-21,428,517,3,1621.67,0.09
12256,2025-11-14,338,571,5,181.64,0.17
12257,2025-05-28,548,513,3,37408.04,0.03
12258,2025-08-28,135,503,5,64760.49,0.07
12259,2025-03-08,541,506,1,51711.0,0.08
12260,2025-10-10,109,573,3,311.33,0.03
12261,2025-08-07,469,525,3,2340.51,0.16
12262,2025-12-22,233,539,2,10438.67,0.01
12263,2025-12-26,407,556,3,13050.33,0.01
12264,2025-05-21,181,578,5,936.79,0.19
12265,2025-08-07,376,594,4,491.98,0.15
12266,2025-01-20,572,516,5,1031.73,0.04
12267,2025-10-22,140,534,1,39796.11,0.1
12268,2025-01-12,390,565,5,189.71,0.18
12269,2025-06-07,545,598,1,4017.55,0.18
12270,2025-11-11,157,567,2,669.45,0.08
12271,2025-05-06,216,531,3,10469.28,0.01
12272,2025-08-29,153,515,5,53113.54,0.12
12273,2025-04-04,135,533,4,31367.86,0.05
12274,2025-01-02,385,541,5,4209.21,0.12
12275,2025-01-03,363,599,3,559.57,0.08
12276,2025-07-06,526,586,4,758.66,0.1
12277,2025-04-27,200,564,2,613.74,0.13
12278,2025-06-01,524,587,5,603.39,0.04
12279,2025-01-06,430,577,4,397.93,0.16
12280,2025-04-28,167,594,3,474.65,0.12
12281,2025-06-17,445,561,2,9780.77,0.09
12282,2025-09-25,549,530,2,3877.36,0.16
12283,2025-07-25,204,560,4,17664.98,0.01
12284,2025-12-20,568,574,1,265.54,0.04
12285,2025-03-11,180,521,1,4889.13,0.08
12286,2025-01-09,235,547,5,7502.88,0.18
12287,2025-07-06,235,555,4,8617.97,0.18
12288,2025-02-12,429,526,3,8234.8,0.13
12289,2025-04-18,546,582,1,570.08,0.14
12290,2025-03-03,467,580,3,261.57,0.18
12291,2025-10-30,156,550,5,11679.41,0.05
12292,2025-06-16,192,536,1,28616.49,0.17
12293,2025-01-20,247,522,4,9724.12,0.13
12294,2025-08-03,587,531,1,10496.08,0.12
12295,2025-03-21,344,504,1,85222.76,0.07
12296,2025-12-12,479,551,5,11421.17,0.06
12297,2025-12-10,588,508,5,76035.1,0.1
12298,2025-11-11,448,599,5,713.37,0.01
12299,2025-11-29,195,585,4,559.82,0.06
12300,2025-07-06,233,549,1,22608.03,0.1
12301,2025-03-06,426,592,2,329.92,0.15
12302,2025-10-11,480,538,1,48781.6,0.01
12303,2025-02-21,174,579,4,364.64,0.16
12304,2025-05-12,329,595,5,3221.75,0.11
12305,2025-08-06,140,563,1,375.58,0.07
12306,2025-09-30,143,504,5,94048.02,0.1
12307,2025-07-07,136,515,3,59016.93,0.17
12308,2025-11-30,398,562,3,12426.67,0.04
12309,2025-04-13,505,575,1,543.81,0.1
12310,2025-11-21,140,503,2,72812.24,0.07
12311,2025-01-14,333,527,2,9253.41,0.11
12312,2025-02-18,219,550,5,10728.81,0.19
12313,2025-04-10,416,541,4,5507.75,0.18
12314,2025-02-22,243,509,5,51260.63,0.05
12315,2025-11-14,488,554,1,26729.33,0.1
12316,2025-02-25,148,595,1,3544.77,0.04
12317,2025-08-31,339,502,5,64644.25,0.2
12318,2025-07-17,407,553,4,35974.23,0.05
12319,2025-11-22,209,582,1,553.01,0.04
12320,2025-07-09,540,507,5,62426.16,0.07
12321,2025-09-19,345,503,3,70643.38,0.19
12322,2025-04-16,383,542,1,10255.32,0.19
12323,2025-07-16,570,528,3,15198.63,0.04
12324,2025-07-15,399,518,5,3246.88,0.2
12325,2025-10-18,173,578,5,896.61,0.14
12326,2025-09-29,224,547,3,6910.12,0.19
12327,2025-10-16,597,548,1,14404.94,0.03
12328,2025-08-26,548,544,3,27915.48,0.03
12329,2025-06-20,345,563,1,332.67,0.12
12330,2025-06-24,142,572,4,231.24,0.13
12331,2025-08-07,411,520,1,2535.06,0.04
12332,2025-11-30,288,552,3,19239.19,0.14
12333,2025-09-01,584,580,2,255.82,0.1
12334,2025-08-25,391,521,4,4858.85,0.07
12335,2025-05-03,567,578,1,843.42,0.08
12336,2025-04-28,513,504,1,88481.65,0.06
12337,2025-09-20,204,536,3,28929.24,0.04
12338,2025-12-09,237,543,2,14777.34,0.02
12339,2025-02-22,106,523,3,3295.43,0.07
12340,2025-11-29,283,580,1,242.59,0.1
12341,2025-08-27,224,544,3,22991.81,0.2
12342,2025-01-06,527,541,1,5537.83,0.0
12343,2025-03-31,107,594,2,470.51,0.19
12344,2025-11-07,309,554,3,28824.09,0.08
12345,2025-01-15,139,587,4,672.88,0.06
12346,2025-02-14,310,598,3,4444.22,0.01
12347,2025-04-09,463,576,2,371.62,0.03
12348,2025-10-24,129,523,4,2664.3,0.15
12349,2025-06-27,262,511,4,19106.23,0.08
12350,2025-05-20,169,552,5,24199.87,0.05
12351,2025-03-24,104,598,4,4429.75,0.06
12352,2025-12-28,229,519,4,1641.44,0.19
12353,2025-04-06,526,555,2,7443.37,0.1
12354,2025-08-05,179,501,1,71477.07,0.05
12355,2025-09-06,216,565,4,191.87,0.08
12356,2025-05-07,107,592,2,272.45,0.14
12357,2025-10-07,279,507,1,52261.47,0.2
12358,2025-10-15,414,546,5,6736.31,0.01
12359,2025-11-30,192,569,1,534.4,0.15
12360,2025-09-22,506,512,1,23046.72,0.03
12361,2025-03-17,350,514,3,50793.8,0.19
12362,2025-01-14,492,544,1,26973.15,0.04
12363,2025-07-19,443,547,5,6310.28,0.17
12364,2025-12-11,217,528,2,16911.03,0.12
12365,2025-06-05,491,563,1,339.9,0.05
12366,2025-05-13,440,558,3,3899.15,0.18
12367,2025-12-23,225,595,3,3940.11,0.16
12368,2025-12-25,390,587,2,756.85,0.02
12369,2025-04-08,188,510,4,134403.83,0.09
12370,2025-09-06,122,531,1,10075.55,0.01
12371,2025-01-02,462,579,5,463.85,0.19
12372,2025-10-17,528,541,2,5082.51,0.12
12373,2025-05-26,219,580,3,287.75,0.16
12374,2025-07-30,300,514,5,41540.83,0.07
12375,2025-03-21,123,532,4,22186.74,0.13
12376,2025-06-01,318,549,1,23442.59,0.05
12377,2025-02-21,437,550,3,9936.84,0.17
12378,2025-05-21,299,533,1,34356.03,0.15
12379,2025-09-02,419,551,5,12066.96,0.2
12380,2025-03-04,194,503,5,62133.33,0.14
12381,2025-05-17,309,560,5,19430.22,0.16
12382,2025-11-07,130,519,4,1703.29,0.07
12383,2025-03-18,327,584,3,890.87,0.17
12384,2025-10-10,203,539,4,12044.43,0.02
12385,2025-11-24,410,518,5,3007.06,0.09
12386,2025-12-09,152,520,4,2677.35,0.09
12387,2025-01-22,410,527,5,10036.04,0.13
12388,2025-02-27,322,562,1,12680.97,0.19
12389,2025-10-31,279,563,3,308.91,0.14
12390,2025-01-17,589,505,4,100551.26,0.05
12391,2025-06-08,410,535,5,16432.83,0.16
12392,2025-03-06,451,547,2,7806.93,0.11
12393,2025-12-01,487,600,2,1035.5,0.08
12394,2025-06-22,156,574,4,318.93,0.14
12395,2025-05-10,389,505,5,87094.42,0.08
12396,2025-06-28,519,502,3,63083.82,0.05
12397,2025-08-17,380,571,5,147.67,0.06
12398,2025-07-18,237,598,1,3747.21,0.09
12399,2025-12-20,450,543,3,12139.0,0.04
12400,2025-07-29,485,561,5,10164.56,0.19
12401,2025-11-06,252,515,5,57614.17,0.11
12402,2025-01-26,386,532,4,23093.53,0.15
12403,2025-11-06,488,563,2,399.3,0.0
12404,2025-06-01,427,584,5,800.08,0.03
12405,2025-09-13,378,532,3,22165.98,0.09
12406,2025-10-01,197,532,1,18855.38,0.14
12407,2025-01-27,219,562,2,15111.56,0.14
12408,2025-03-25,388,528,5,14767.65,0.19
12409,2025-08-20,151,590,5,271.64,0.16
12410,2025-03-06,542,563,3,353.07,0.0
12411,2025-11-24,379,555,3,9535.36,0.03
12412,2025-01-23,214,584,4,876.48,0.0
12413,2025-02-12,158,585,4,665.11,0.16
12414,2025-06-28,128,581,2,712.73,0.04
12415,2025-08-23,111,596,1,4250.76,0.06
12416,2025-03-27,182,523,5,3501.56,0.03
12417,2025-04-12,312,522,1,7938.28,0.16
12418,2025-12-21,212,575,1,451.18,0.03
12419,2025-07-27,590,549,3,21945.39,0.01
12420,2025-09-17,442,580,4,286.71,0.03
12421,2025-09-07,554,516,5,897.71,0.16
12422,2025-02-01,263,529,1,2705.84,0.16
12423,2025-02-05,514,514,1,42503.43,0.12
12424,2025-03-08,244,600,4,1070.64,0.18
12425,2025-09-12,251,576,3,458.42,0.04
12426,2025-06-13,562,542,5,9163.33,0.04
12427,2025-09-29,476,510,3,128617.17,0.11
12428,2025-02-07,392,589,3,378.83,0.11
12429,2025-10-04,346,558,3,3738.71,0.13
12430,2025-06-20,154,525,3,2337.94,0.12
12431,2025-01-23,470,537,2,27293.38,0.19
12432,2025-04-20,226,518,5,3128.4,0.1
12433,2025-11-12,467,577,5,383.07,0.05
12434,2025-04-02,262,505,4,102888.14,0.02
12435,2025-06-22,447,596,3,3613.93,0.15
12436,2025-08-29,433,567,4,774.59,0.11
12437,2025-01-08,280,532,5,21508.48,0.18
12438,2025-12-31,468,589,4,326.45,0.01
12439,2025-11-14,244,514,2,38604.94,0.09
12440,2025-06-07,545,507,3,54761.15,0.07
12441,2025-10-08,582,581,3,782.36,0.01
12442,2025-08-02,502,508,1,89997.07,0.19
12443,2025-12-15,301,554,5,29514.77,0.08
12444,2025-09-08,301,593,5,200.98,0.04
12445,2025-11-21,190,554,2,33482.22,0.12
12446,2025-06-12,140,555,5,9112.92,0.01
12447,2025-06-06,188,588,2,1183.1,0.18
12448,2025-01-23,172,568,4,543.9,0.16
12449,2025-01-07,569,585,3,652.59,0.18
12450,2025-07-10,483,530,5,4442.28,0.07
12451,2025-04-13,147,584,1,786.35,0.09
12452,2025-01-27,486,599,5,628.19,0.14
12453,2025-08-26,311,516,3,1032.98,0.04
12454,2025-02-15,122,520,4,2495.7,0.04
12455,2025-07-26,117,565,1,213.96,0.04
12456,2025-02-13,168,567,3,635.26,0.18
12457,2025-05-19,586,588,3,1099.25,0.09
12458,2025-09-17,433,519,2,1655.56,0.1
12459,2025-07-28,348,595,1,3505.12,0.12
12460,2025-06-15,185,512,1,28032.74,0.11
12461,2025-02-03,422,565,4,225.76,0.16
12462,2025-12-22,392,591,1,681.65,0.11
12463,2025-02-16,307,508,1,91935.75,0.06
12464,2025-08-15,498,563,3,380.22,0.07
12465,2025-10-04,463,526,3,7771.74,0.04
12466,2025-12-13,116,599,5,624.11,0.11
12467,2025-09-30,542,567,5,737.25,0.2
12468,2025-01-13,129,552,1,21578.28,0.11
12469,2025-09-19,454,553,3,33426.11,0.01
12470,2025-10-21,224,543,1,13163.88,0.01
12471,2025-12-08,328,519,4,1756.98,0.13
12472,2025-05-25,302,554,2,27385.41,0.19
12473,2025-04-26,316,545,1,11050.93,0.19
12474,2025-07-06,132,534,3,42240.9,0.11
12475,2025-08-29,541,561,1,8696.04,0.08
12476,2025-01-24,187,599,3,683.81,0.19
12477,2025-10-13,583,598,4,4358.38,0.18
12478,2025-07-06,172,540,4,19286.93,0.1
12479,2025-09-12,236,563,1,334.19,0.18
12480,2025-07-24,107,538,2,48648.2,0.04
12481,2025-02-23,180,600,3,1101.71,0.19
12482,2025-11-29,541,590,5,246.85,0.07
12483,2025-04-09,590,554,2,32021.87,0.13
12484,2025-12-01,421,594,5,547.78,0.08
12485,2025-01-26,497,580,5,247.69,0.07
12486,2025-08-19,283,535,3,15546.51,0.0
12487,2025-01-17,128,550,3,9856.04,0.05
12488,2025-01-11,554,517,2,1730.83,0.03
12489,2025-08-28,182,575,2,556.7,0.13
12490,2025-10-10,542,600,5,846.48,0.18
12491,2025-09-06,515,582,5,492.78,0.07
12492,2025-10-26,475,552,1,24679.13,0.03
12493,2025-05-19,353,586,5,802.39,0.06
12494,2025-07-24,290,503,2,59888.9,0.19
12495,2025-09-27,352,508,4,87860.71,0.02
12496,2025-03-16,113,501,3,70209.75,0.13
12497,2025-10-20,531,575,5,454.93,0.2
12498,2025-03-11,275,527,5,8593.07,0.01
12499,2025-01-28,289,517,1,1544.35,0.08
12500,2025-09-29,150,574,1,337.8,0.18
12501,2025-07-26,441,598,1,4300.88,0.19
12502,2025-12-12,227,501,3,66418.42,0.19
12503,2025-06-09,254,540,5,21000.39,0.06
12504,2025-11-07,281,567,3,653.84,0.08
12505,2025-07-26,464,562,4,13569.42,0.18
12506,2025-06-21,161,560,5,17895.7,0.04
12507,2025-07-21,317,509,1,54268.17,0.05
12508,2025-05-23,519,558,1,3577.16,0.16
12509,2025-10-08,124,504,1,101028.58,0.08
12510,2025-12-08,202,538,4,48887.33,0.02
12511,2025-10-11,408,550,2,10613.86,0.17
12512,2025-03-19,354,530,5,4456.63,0.01
12513,2025-10-28,229,572,5,221.38,0.1
12514,2025-10-17,150,562,1,13473.55,0.03
12515,2025-05-04,352,547,1,6709.01,0.03
12516,2025-02-27,134,581,2,778.04,0.02
12517,2025-12-01,245,570,1,3513.95,0.05
12518,2025-01-05,481,557,4,15024.27,0.02
12519,2025-06-27,144,588,2,1398.01,0.11
12520,2025-08-20,319,554,2,26494.09,0.08
12521,2025-10-21,104,537,3,22997.49,0.03
12522,2025-04-09,312,578,4,888.2,0.05
12523,2025-04-09,348,575,3,510.17,0.15
12524,2025-12-28,234,559,4,15964.17,0.09
12525,2025-12-05,406,532,1,23363.62,0.16
12526,2025-04-08,239,592,3,273.81,0.06
12527,2025-06-01,132,542,5,8772.43,0.15
12528,2025-08-12,122,566,5,395.59,0.12
12529,2025-04-26,296,523,3,3454.74,0.08
12530,2025-10-22,589,600,4,920.71,0.04
12531,2025-08-10,467,511,4,16012.48,0.0
12532,2025-11-18,524,592,1,273.18,0.07
12533,2025-01-22,500,506,4,57351.55,0.02
12534,2025-12-13,482,544,4,28642.89,0.14
12535,2025-02-05,464,553,3,34106.98,0.09
12536,2025-08-10,473,520,2,2675.13,0.18
12537,2025-05-11,169,589,4,332.79,0.16
12538,2025-01-24,422,590,5,238.39,0.18
12539,2025-02-02,179,507,5,62859.04,0.11
12540,2025-09-19,103,573,4,317.14,0.19
12541,2025-01-01,252,540,3,22159.05,0.18
12542,2025-02-17,413,502,4,62847.86,0.08
12543,2025-07-06,470,550,3,9400.49,0.02
12544,2025-09-07,205,536,3,28060.93,0.07
12545,2025-11-28,391,545,3,9612.39,0.18
12546,2025-08-01,516,563,5,310.27,0.05
12547,2025-03-04,598,534,4,40761.33,0.1
12548,2025-06-07,527,514,1,39155.93,0.0
12549,2025-04-13,273,548,4,13704.68,0.09
12550,2025-03-06,547,573,3,341.57,0.1
12551,2025-10-01,438,584,1,828.6,0.04
12552,2025-09-16,136,582,2,638.63,0.08
12553,2025-10-03,487,582,3,525.25,0.02
12554,2025-09-15,118,524,4,5580.48,0.04
12555,2025-04-18,366,562,5,11465.55,0.1
12556,2025-04-13,277,583,5,1128.5,0.13
12557,2025-08-28,461,511,1,15713.56,0.19
12558,2025-03-25,481,543,4,14209.28,0.09
12559,2025-04-05,402,558,1,3249.87,0.18
12560,2025-04-13,276,513,3,37763.77,0.16
12561,2025-08-25,547,558,4,3574.25,0.04
12562,2025-03-09,131,544,3,24459.2,0.07
12563,2025-12-16,573,563,4,386.1,0.0
12564,2025-11-08,538,510,2,113261.85,0.01
12565,2025-05-07,342,513,3,39131.83,0.14
12566,2025-09-02,296,593,2,218.75,0.04
12567,2025-06-02,133,563,5,356.76,0.19
12568,2025-06-23,388,580,1,278.1,0.07
12569,2025-09-22,528,501,5,71485.82,0.09
12570,2025-05-27,448,536,4,29919.31,0.17
12571,2025-02-20,348,501,4,87713.31,0.1
12572,2025-09-11,436,503,4,71612.88,0.16
12573,2025-05-02,332,532,1,20624.34,0.16
12574,2025-05-20,266,536,5,30175.75,0.12
12575,2025-05-07,350,568,4,563.75,0.09
12576,2025-09-06,260,506,1,59499.68,0.04
12577,2025-09-10,550,589,2,351.45,0.12
12578,2025-04-27,463,512,2,25424.13,0.01
12579,2025-08-05,383,529,5,2313.35,0.13
12580,2025-03-21,138,522,1,9075.67,0.15
12581,2025-11-18,521,570,5,2905.26,0.17
12582,2025-06-05,288,529,1,2191.68,0.01
12583,2025-09-10,286,554,1,30239.7,0.18
12584,2025-01-11,151,534,4,38503.76,0.06
12585,2025-05-23,571,585,2,584.63,0.09
12586,2025-04-06,247,518,4,3114.26,0.08
12587,2025-03-13,523,559,5,14693.96,0.16
12588,2025-10-05,258,515,3,63476.92,0.06
12589,2025-05-09,477,540,1,22038.72,0.13
12590,2025-09-16,327,528,3,14087.24,0.1
12591,2025-01-18,157,515,4,52847.32,0.1
12592,2025-01-02,290,533,2,35154.77,0.12
12593,2025-12-01,113,556,5,11902.47,0.15
12594,2025-09-11,213,573,4,338.66,0.18
12595,2025-02-04,469,528,4,14888.72,0.19
12596,2025-08-09,163,503,4,76564.19,0.07
12597,2025-02-19,356,522,5,8651.41,0.12
12598,2025-03-07,243,547,5,6202.81,0.03
12599,2025-04-29,218,581,3,778.7,0.11
12600,2025-03-13,467,501,1,73348.54,0.11
12601,2025-07-07,296,534,5,46943.29,0.11
12602,2025-04-09,561,526,5,8262.6,0.18
12603,2025-11-29,360,586,3,780.86,0.1
12604,2025-04-14,251,597,4,5081.03,0.08
12605,2025-12-25,382,586,3,724.86,0.19
12606,2025-01-22,262,536,2,30498.53,0.18
12607,2025-09-25,168,536,4,30756.16,0.05
12608,2025-10-09,346,570,3,3416.03,0.19
12609,2025-12-07,378,590,5,272.91,0.17
12610,2025-01-05,221,543,3,12619.53,0.01
12611,2025-01-28,307,586,5,861.25,0.0
12612,2025-11-22,561,596,4,3718.6,0.12
12613,2025-01-17,264,565,3,195.3,0.17
12614,2025-11-16,390,516,3,1074.66,0.17
12615,2025-01-27,456,510,5,112151.33,0.01
12616,2025-12-15,119,600,1,918.54,0.19
12617,2025-06-18,464,583,5,1074.6,0.1
12618,2025-06-08,341,597,1,5080.91,0.03
12619,2025-11-02,302,579,2,374.1,0.02
12620,2025-03-29,362,530,5,3658.32,0.14
12621,2025-03-10,479,592,5,337.78,0.19
12622,2025-10-04,108,559,1,17249.26,0.18
12623,2025-01-26,132,537,1,26310.72,0.07
12624,2025-11-17,143,516,3,864.42,0.06
12625,2025-05-21,203,560,4,16939.75,0.14
12626,2025-10-17,471,532,5,23656.96,0.16
12627,2025-07-07,354,554,3,34396.07,0.15
12628,2025-03-23,251,570,3,2883.93,0.16
12629,2025-02-25,598,580,5,219.49,0.07
12630,2025-05-02,243,526,5,8051.41,0.14
12631,2025-03-02,283,524,4,5388.77,0.12
12632,2025-05-24,275,598,1,4783.61,0.11
12633,2025-06-29,107,570,2,2674.1,0.1
12634,2025-03-20,226,550,2,10728.76,0.05
12635,2025-09-10,545,585,3,701.09,0.05
12636,2025-07-04,506,567,3,709.51,0.13
12637,2025-07-06,531,576,1,396.3,0.0
12638,2025-04-04,520,510,5,123019.8,0.19
12639,2025-08-30,534,515,2,54468.45,0.04
12640,2025-04-21,587,547,2,7457.12,0.19
12641,2025-03-14,473,536,3,27724.94,0.14
12642,2025-04-06,585,502,2,71590.62,0.18
12643,2025-03-10,549,590,3,233.03,0.13
12644,2025-05-28,579,576,1,422.49,0.13
12645,2025-01-07,337,539,1,12126.24,0.03
12646,2025-02-24,437,526,5,8796.51,0.02
12647,2025-08-26,209,511,2,17829.38,0.01
12648,2025-09-05,279,587,2,737.54,0.19
12649,2025-03-14,161,508,1,81707.84,0.15
12650,2025-02-18,464,519,1,1695.56,0.01
12651,2025-02-27,594,569,4,455.26,0.16
12652,2025-05-11,168,510,1,116745.74,0.01
12653,2025-11-24,272,527,3,10022.22,0.01
12654,2025-01-03,215,557,5,17442.15,0.2
12655,2025-03-21,416,554,2,29786.99,0.14
12656,2025-02-22,556,591,5,653.19,0.17
12657,2025-07-03,316,528,4,15902.78,0.17
12658,2025-09-16,101,580,2,217.29,0.19
12659,2025-10-02,487,556,5,14101.91,0.09
12660,2025-03-20,211,548,4,12171.46,0.06
12661,2025-11-02,447,543,1,15117.42,0.12
12662,2025-12-08,129,542,1,8236.13,0.13
12663,2025-02-03,423,569,2,545.71,0.0
12664,2025-01-26,369,545,4,9936.84,0.17
12665,2025-09-01,523,596,5,4059.85,0.13
12666,2025-05-24,578,596,1,4236.73,0.04
12667,2025-09-23,253,520,2,2162.5,0.15
12668,2025-07-24,350,588,3,1300.14,0.19
12669,2025-10-15,101,517,3,1539.08,0.15
12670,2025-09-05,179,569,3,421.57,0.14
12671,2025-09-20,375,529,4,2329.65,0.15
12672,2025-08-04,141,576,1,473.19,0.03
12673,2025-05-22,562,548,1,13052.21,0.11
12674,2025-07-30,121,575,2,422.24,0.06
12675,2025-06-30,392,542,3,10084.76,0.17
12676,2025-06-04,162,583,2,1180.89,0.18
12677,2025-03-24,293,516,4,1102.61,0.19
12678,2025-07-11,405,599,4,540.3,0.01
12679,2025-02-26,467,554,4,28323.8,0.13
12680,2025-05-09,586,520,1,2575.17,0.17
12681,2025-09-03,549,565,1,219.54,0.06
12682,2025-01-24,555,546,3,6017.58,0.13
12683,2025-06-01,486,565,5,221.48,0.01
12684,2025-08-12,562,600,5,909.69,0.1
12685,2025-10-17,196,538,5,44869.57,0.04
12686,2025-07-02,543,573,4,337.72,0.16
12687,2025-07-19,300,582,2,622.79,0.1
12688,2025-02-24,301,567,5,613.8,0.11
12689,2025-12-30,595,555,5,7258.37,0.07
12690,2025-03-17,539,540,3,22024.02,0.18
12691,2025-03-18,208,536,4,33966.16,0.06
12692,2025-12-16,503,593,5,235.84,0.03
12693,2025-02-05,104,539,3,11497.56,0.02
12694,2025-01-17,579,521,3,5174.82,0.11
12695,2025-06-17,277,509,3,50278.39,0.18
12696,2025-11-30,119,542,1,7934.04,0.02
12697,2025-02-26,567,560,2,17850.8,0.16
12698,2025-05-23,219,527,3,10191.65,0.13
12699,2025-04-08,493,520,2,2853.99,0.2
12700,2025-01-03,444,516,3,1001.77,0.04
12701,2025-12-21,566,593,4,201.44,0.03
12702,2025-06-07,106,556,5,14125.16,0.05
12703,2025-07-18,433,582,4,574.76,0.01
12704,2025-06-08,320,534,4,47585.1,0.08
12705,2025-12-07,597,582,1,521.08,0.1
12706,2025-04-24,453,560,4,20230.16,0.15
12707,2025-05-11,589,507,3,57973.54,0.16
12708,2025-10-16,524,531,5,11704.99,0.19
12709,2025-02-01,120,585,1,709.32,0.07
12710,2025-10-30,345,539,4,9750.04,0.04
12711,2025-10-05,110,571,3,161.08,0.15
12712,2025-05-30,572,564,3,695.04,0.04
12713,2025-09-06,464,530,2,4277.44,0.02
12714,2025-03-17,202,537,1,27606.43,0.14
12715,2025-10-14,598,514,2,40976.45,0.15
12716,2025-02-05,233,519,4,1723.82,0.04
12717,2025-11-28,134,524,5,5083.91,0.14
12718,2025-10-18,272,564,1,577.36,0.07
12719,2025-12-15,200,597,2,6274.82,0.04
12720,2025-12-20,162,585,2,551.08,0.01
12721,2025-12-23,287,595,3,3395.63,0.05
12722,2025-07-19,451,542,2,10357.12,0.14
12723,2025-09-17,502,589,3,372.41,0.05
12724,2025-06-12,110,546,1,7340.25,0.02
12725,2025-09-09,202,597,3,6294.21,0.17
12726,2025-11-13,326,571,4,156.77,0.06
12727,2025-03-27,120,588,3,1291.03,0.07
12728,2025-09-21,163,501,5,76687.31,0.03
12729,2025-06-04,274,599,4,572.98,0.06
12730,2025-06-02,345,582,4,594.97,0.02
12731,2025-02-26,444,522,4,9324.36,0.1
12732,2025-03-18,546,554,2,33743.55,0.02
12733,2025-03-14,364,503,2,62396.07,0.05
12734,2025-01-04,265,502,1,68972.69,0.09
12735,2025-05-06,222,526,3,7012.83,0.2
12736,2025-10-05,439,548,3,13335.47,0.12
12737,2025-09-11,345,573,5,374.67,0.1
12738,2025-10-05,568,600,3,1057.52,0.06
12739,2025-08-05,453,514,1,41504.95,0.06
12740,2025-03-07,388,514,4,48785.93,0.13
12741,2025-02-15,211,551,2,12689.41,0.15
12742,2025-10-10,142,516,3,1007.71,0.12
12743,2025-04-25,357,594,2,523.62,0.18
12744,2025-02-10,273,563,1,359.75,0.1
12745,2025-08-31,247,578,1,884.63,0.02
12746,2025-04-17,218,599,4,570.59,0.1
12747,2025-06-15,393,561,5,8447.14,0.16
12748,2025-07-12,242,546,1,6987.41,0.2
12749,2025-11-04,486,567,5,695.72,0.04
12750,2025-04-13,261,528,1,16484.68,0.16
12751,2025-07-22,218,584,4,815.21,0.13
12752,2025-04-17,444,545,4,9215.37,0.01
12753,2025-05-25,214,544,3,23608.17,0.18
12754,2025-04-05,259,520,5,2329.12,0.12
12755,2025-12-23,174,556,4,12490.12,0.01
12756,2025-12-23,250,592,4,322.11,0.13
12757,2025-10-23,445,543,5,13633.43,0.0
12758,2025-02-05,359,593,1,221.82,0.05
12759,2025-01-16,205,558,4,3705.33,0.1
12760,2025-01-30,146,552,3,19422.57,0.16
12761,2025-01-13,363,510,2,126677.94,0.02
12762,2025-12-31,306,502,1,56997.43,0.11
12763,2025-04-09,220,593,3,187.07,0.17
12764,2025-03-06,569,507,4,61513.52,0.08
12765,2025-06-09,203,582,1,569.7,0.09
12766,2025-08-05,184,508,1,72972.93,0.0
12767,2025-02-06,136,595,5,3303.55,0.14
12768,2025-02-03,214,540,1,22954.29,0.12
12769,2025-05-23,300,554,4,26520.92,0.17
12770,2025-10-18,271,550,1,9776.7,0.06
12771,2025-07-06,170,581,4,600.7,0.17
12772,2025-07-18,130,557,3,15139.84,0.01
12773,2025-03-31,115,542,1,9418.0,0.15
12774,2025-06-16,306,545,1,10415.15,0.13
12775,2025-04-11,176,540,2,22895.82,0.1
12776,2025-08-08,163,549,5,22345.48,0.16
12777,2025-01-16,102,549,4,26722.55,0.1
12778,2025-10-02,596,597,3,5710.21,0.14
12779,2025-05-04,492,509,2,50685.01,0.0
12780,2025-09-16,238,587,4,781.91,0.17
12781,2025-10-25,387,598,5,4331.59,0.04
12782,2025-04-26,216,578,3,756.21,0.17
12783,2025-05-09,150,515,1,62327.48,0.1
12784,2025-09-24,174,576,1,421.25,0.16
12785,2025-08-06,560,508,1,93854.61,0.03
12786,2025-08-09,179,547,1,7532.3,0.14
12787,2025-02-28,551,570,1,2812.13,0.04
12788,2025-02-19,102,512,5,22904.57,0.14
12789,2025-02-02,287,522,2,9948.07,0.12
12790,2025-08-10,164,523,2,2850.48,0.15
12791,2025-08-21,133,555,4,7246.86,0.19
12792,2025-01-19,165,600,4,1070.82,0.03
12793,2025-08-31,117,600,3,1047.71,0.1
12794,2025-07-18,468,520,5,2282.68,0.05
12795,2025-02-03,252,522,2,8548.61,0.13
12796,2025-10-13,207,558,2,3368.78,0.09
12797,2025-01-23,573,575,5,481.5,0.12
12798,2025-01-29,460,534,3,41413.7,0.18
12799,2025-12-31,371,537,5,22641.63,0.1
12800,2025-08-26,356,568,4,566.83,0.02
12801,2025-12-28,576,510,5,107265.54,0.07
12802,2025-02-01,448,596,1,3941.56,0.08
12803,2025-12-15,402,530,4,4523.19,0.12
12804,2025-11-16,491,554,3,27996.98,0.09
12805,2025-04-16,297,567,4,740.83,0.15
12806,2025-09-28,174,556,2,12067.08,0.01
12807,2025-05-12,398,539,1,11805.01,0.11
12808,2025-10-15,399,512,5,28724.7,0.17
12809,2025-03-23,385,532,2,23214.04,0.11
12810,2025-07-31,426,529,2,2706.96,0.18
12811,2025-03-19,386,516,2,911.33,0.2
12812,2025-10-08,421,514,2,39260.7,0.17
12813,2025-10-31,278,535,1,15624.29,0.12
12814,2025-10-20,184,570,4,3498.74,0.02
12815,2025-05-18,262,568,2,612.99,0.07
12816,2025-03-22,572,526,4,7947.66,0.06
12817,2025-07-21,315,518,4,3544.48,0.11
12818,2025-02-06,349,509,1,50317.68,0.19
12819,2025-05-30,241,518,2,3845.77,0.07
12820,2025-07-16,433,532,4,21603.8,0.09
12821,2025-05-26,158,598,1,4351.57,0.04
12822,2025-03-01,389,575,2,533.54,0.0
12823,2025-06-05,175,542,2,9010.07,0.12
12824,2025-02-21,469,580,1,229.35,0.0
12825,2025-06-11,316,517,5,1704.44,0.07
12826,2025-11-12,153,542,1,9277.2,0.06
12827,2025-04-11,465,575,4,548.75,0.11
12828,2025-06-12,190,573,5,329.29,0.18
12829,2025-06-05,365,526,2,7456.45,0.16
12830,2025-03-13,155,568,3,566.78,0.19
12831,2025-06-17,593,591,5,656.2,0.05
12832,2025-02-13,431,570,5,2980.37,0.17
12833,2025-12-15,238,543,5,12577.95,0.14
12834,2025-07-18,285,503,5,71144.71,0.11
12835,2025-01-05,167,527,3,8679.39,0.05
12836,2025-01-10,116,535,1,14533.58,0.04
12837,2025-04-21,279,525,3,2325.06,0.06
12838,2025-07-02,366,567,2,658.8,0.06
12839,2025-09-01,340,504,1,89778.9,0.02
12840,2025-01-29,461,564,3,569.99,0.15
12841,2025-09-30,195,555,2,8045.62,0.13
12842,2025-07-16,189,530,4,4309.78,0.08
12843,2025-10-31,594,579,2,396.64,0.11
12844,2025-10-29,318,568,1,545.7,0.08
12845,2025-02-24,138,598,5,4098.44,0.05
12846,2025-01-23,381,589,1,369.95,0.13
12847,2025-10-21,424,595,1,3701.95,0.12
12848,2025-09-21,305,503,5,72081.31,0.08
12849,2025-06-27,404,514,5,42573.87,0.1
12850,2025-08-26,370,519,5,1792.12,0.17
12851,2025-06-06,384,567,2,760.18,0.06
12852,2025-09-04,483,542,2,9703.19,0.01
12853,2025-09-12,439,568,1,483.26,0.01
12854,2025-07-08,134,520,2,2686.63,0.01
12855,2025-07-20,363,573,5,383.02,0.1
12856,2025-02-13,591,596,1,4241.71,0.02
12857,2025-08-22,111,504,5,92620.71,0.07
12858,2025-01-02,316,513,1,43193.47,0.05
12859,2025-11-14,499,552,2,22095.56,0.06
12860,2025-01-02,199,599,5,659.89,0.16
12861,2025-11-05,529,588,2,1187.16,0.02
12862,2025-07-10,419,574,5,285.32,0.16
12863,2025-09-20,360,570,5,3202.95,0.17
12864,2025-07-30,195,528,3,17358.58,0.11
12865,2025-07-21,243,514,5,45364.79,0.18
12866,2025-12-07,210,519,5,1676.33,0.19
12867,2025-02-03,248,526,3,7304.21,0.13
12868,2025-04-16,495,551,5,10914.62,0.09
12869,2025-11-11,465,529,3,2565.59,0.1
12870,2025-08-04,205,530,3,3938.88,0.15
12871,2025-08-21,287,527,1,9734.7,0.0
12872,2025-08-16,115,504,3,96797.4,0.18
12873,2025-04-22,423,551,2,11765.76,0.05
12874,2025-02-07,408,574,1,344.45,0.09
12875,2025-02-07,311,542,3,9633.51,0.12
12876,2025-04-12,192,563,2,301.9,0.05
12877,2025-04-01,383,581,1,773.45,0.09
12878,2025-10-20,350,563,2,326.6,0.12
12879,2025-11-22,330,598,5,3761.76,0.06
12880,2025-09-29,465,501,5,66009.64,0.12
12881,2025-01-12,372,548,1,14574.03,0.19
12882,2025-03-26,272,504,2,87588.74,0.1
12883,2025-10-28,530,557,1,15011.5,0.07
12884,2025-11-27,272,581,2,644.11,0.08
12885,2025-01-16,425,561,5,9366.37,0.05
12886,2025-06-05,243,578,1,799.39,0.11
12887,2025-11-06,121,506,5,55714.76,0.11
12888,2025-12-17,165,543,3,12555.07,0.01
12889,2025-06-04,463,509,4,53524.96,0.02
12890,2025-09-14,445,527,5,9925.64,0.08
12891,2025-11-24,568,563,1,323.29,0.08
12892,2025-07-02,556,562,3,12381.2,0.19
12893,2025-10-17,316,514,2,47820.82,0.05
12894,2025-12-02,363,523,1,2986.78,0.08
12895,2025-11-08,198,545,1,9106.93,0.08
12896,2025-06-13,215,568,1,533.53,0.05
12897,2025-10-04,391,593,2,210.07,0.12
12898,2025-08-14,342,505,1,102573.27,0.14
12899,2025-06-22,549,514,1,47002.93,0.01
12900,2025-08-12,184,556,4,11147.8,0.13
12901,2025-03-11,373,600,5,955.6,0.06
12902,2025-12-30,462,513,5,38727.9,0.11
12903,2025-12-06,384,555,5,7610.46,0.12
12904,2025-03-13,342,512,3,23629.61,0.05
12905,2025-12-02,110,518,4,3854.35,0.03
12906,2025-08-24,351,566,4,388.8,0.11
12907,2025-07-13,450,542,5,9601.15,0.11
12908,2025-11-09,410,511,5,17449.08,0.0
12909,2025-06-16,396,585,4,573.92,0.11
12910,2025-04-25,310,531,1,11927.58,0.06
12911,2025-05-22,441,579,2,404.42,0.03
12912,2025-03-22,567,509,5,42225.45,0.08
12913,2025-02-16,264,592,2,342.12,0.14
12914,2025-11-20,249,520,2,2789.51,0.12
12915,2025-08-17,509,576,3,472.01,0.17
12916,2025-05-05,379,574,3,312.67,0.06
12917,2025-01-10,239,545,1,10087.5,0.11
12918,2025-10-10,390,573,2,399.16,0.15
12919,2025-06-23,106,514,2,48307.4,0.08
12920,2025-06-06,427,569,2,452.94,0.03
12921,2025-10-25,512,572,4,235.19,0.14
12922,2025-03-12,240,543,4,14771.37,0.13
12923,2025-06-02,581,509,1,51106.83,0.01
12924,2025-05-13,248,521,1,4576.61,0.02
12925,2025-09-16,231,600,4,930.92,0.14
12926,2025-02-13,295,589,5,337.69,0.03
12927,2025-05-01,598,501,3,67423.41,0.15
12928,2025-12-23,116,564,2,719.98,0.15
12929,2025-05-20,305,577,5,342.8,0.13
12930,2025-08-10,406,517,2,1468.6,0.09
12931,2025-03-05,384,591,2,590.03,0.03
12932,2025-11-22,309,587,2,677.28,0.13
12933,2025-04-19,509,540,2,18608.5,0.17
12934,2025-04-11,270,587,3,669.48,0.18
12935,2025-12-05,527,506,1,48073.54,0.08
12936,2025-11-18,475,588,1,1431.7,0.02
12937,2025-06-30,151,596,1,4185.88,0.2
12938,2025-03-01,301,525,2,2368.23,0.04
12939,2025-12-26,109,596,3,3738.24,0.07
12940,2025-02-02,126,578,5,814.69,0.11
12941,2025-03-21,381,579,3,417.01,0.1
12942,2025-09-29,323,534,3,38783.07,0.03
12943,2025-05-04,398,597,4,6354.31,0.13
12944,2025-11-09,520,559,5,16617.83,0.06
12945,2025-01-31,145,523,4,2734.64,0.02
12946,2025-07-19,445,549,3,26381.8,0.04
12947,2025-10-13,149,558,4,3834.44,0.08
12948,2025-05-31,362,589,5,379.32,0.2
12949,2025-01-19,439,598,4,3998.62,0.06
12950,2025-08-18,418,513,4,40994.23,0.2
12951,2025-09-26,592,597,1,6237.13,0.15
12952,2025-11-30,232,577,5,345.24,0.05
12953,2025-09-02,497,552,2,19457.22,0.13
12954,2025-09-04,501,572,4,286.16,0.12
12955,2025-05-23,343,599,2,610.97,0.1
12956,2025-05-14,596,574,3,345.7,0.14
12957,2025-09-06,575,524,2,4606.19,0.02
12958,2025-06-15,298,578,1,954.13,0.07
12959,2025-07-21,284,517,3,1879.23,0.07
12960,2025-08-13,452,509,1,51777.97,0.07
12961,2025-08-18,543,532,3,18057.72,0.2
12962,2025-04-30,401,551,4,12351.94,0.08
12963,2025-03-28,192,600,4,992.0,0.09
12964,2025-11-12,269,586,5,752.02,0.16
12965,2025-06-08,194,600,4,1106.68,0.12
12966,2025-01-21,156,544,4,27060.64,0.07
12967,2025-04-28,287,515,3,56672.05,0.1
12968,2025-05-25,392,539,4,12147.23,0.12
12969,2025-10-31,238,559,3,16386.95,0.09
12970,2025-03-06,240,525,2,2597.18,0.19
12971,2025-08-09,544,557,5,18654.57,0.18
12972,2025-04-18,386,505,5,92070.56,0.02
12973,2025-02-02,598,505,5,86563.85,0.02
12974,2025-10-28,471,538,1,50777.38,0.14
12975,2025-12-15,527,541,3,4468.75,0.1
12976,2025-10-29,571,520,3,2829.92,0.12
12977,2025-12-16,536,529,3,2501.98,0.05
12978,2025-09-28,594,545,1,10197.58,0.14
12979,2025-08-14,230,574,1,319.85,0.1
12980,2025-10-20,134,580,2,235.73,0.04
12981,2025-04-26,229,529,1,2264.5,0.09
12982,2025-08-11,220,533,3,36448.45,0.14
12983,2025-10-30,342,538,1,55742.54,0.06
12984,2025-01-24,442,531,5,10119.04,0.16
12985,2025-10-12,110,543,2,12433.85,0.2
12986,2025-01-24,557,572,4,220.46,0.1
12987,2025-03-12,430,537,3,27225.02,0.17
12988,2025-01-24,495,549,2,26214.58,0.01
12989,2025-03-18,286,512,2,22690.71,0.09
12990,2025-08-31,363,533,5,34778.13,0.08
12991,2025-07-24,178,535,4,17298.88,0.07
12992,2025-07-15,386,581,2,715.44,0.12
12993,2025-10-15,456,588,3,1262.06,0.11
12994,2025-07-29,364,519,1,1587.73,0.05
12995,2025-07-11,374,530,2,4345.12,0.07
12996,2025-08-10,244,569,3,479.26,0.17
12997,2025-06-19,411,548,3,13649.77,0.04
12998,2025-02-10,236,582,4,563.13,0.06
12999,2025-01-14,527,530,1,4196.04,0.1
13000,2025-09-22,560,530,1,4293.99,0.06
13001,2025-04-15,470,558,2,3206.48,0.04
13002,2025-03-23,514,560,5,22038.21,0.12
13003,2025-10-16,563,547,4,7161.52,0.09
13004,2025-10-29,296,574,1,281.84,0.19
13005,2025-07-22,150,501,5,85680.02,0.1
13006,2025-04-18,181,541,4,5593.9,0.08
13007,2025-12-13,108,581,1,642.98,0.13
13008,2025-01-21,432,510,2,125276.34,0.07
13009,2025-12-18,296,592,5,348.0,0.11
13010,2025-07-20,378,560,4,19798.3,0.06
13011,2025-02-07,206,518,3,3919.38,0.0
13012,2025-06-18,595,574,4,302.93,0.02
13013,2025-12-15,373,542,3,8786.19,0.16
13014,2025-11-29,235,577,4,440.09,0.08
13015,2025-04-23,134,501,2,77589.51,0.07
13016,2025-11-15,292,518,1,3868.5,0.12
13017,2025-05-24,440,508,1,85435.65,0.14
13018,2025-08-05,585,510,4,128722.86,0.01
13019,2025-08-16,311,554,2,30866.55,0.05
13020,2025-12-19,284,512,3,27816.3,0.17
13021,2025-03-12,417,585,2,716.92,0.03
13022,2025-04-03,300,552,3,22969.65,0.09
13023,2025-04-06,396,600,1,1089.79,0.03
13024,2025-07-10,134,516,3,883.82,0.18
13025,2025-04-17,589,510,4,120634.82,0.18
13026,2025-06-08,554,583,3,1098.93,0.04
13027,2025-02-24,457,523,2,3452.22,0.14
13028,2025-06-19,491,584,1,931.14,0.16
13029,2025-11-28,513,555,1,9275.83,0.19
13030,2025-05-14,139,599,4,575.34,0.06
13031,2025-03-02,391,580,3,267.53,0.19
13032,2025-10-25,380,548,5,12768.14,0.12
13033,2025-03-26,177,566,2,370.12,0.19
13034,2025-10-10,408,545,4,9907.5,0.0
13035,2025-10-04,245,560,1,17396.08,0.0
13036,2025-11-30,374,539,4,12580.57,0.14
13037,2025-08-22,467,597,2,5342.75,0.13
13038,2025-10-20,175,593,3,201.92,0.02
13039,2025-03-21,257,562,5,14379.61,0.03
13040,2025-02-20,278,585,4,659.6,0.05
13041,2025-11-30,459,501,1,85907.19,0.17
13042,2025-08-25,448,600,4,1091.02,0.08
13043,2025-06-28,115,600,1,1054.91,0.18
13044,2025-03-09,206,513,2,35283.98,0.15
13045,2025-12-19,132,529,5,2174.98,0.01
13046,2025-10-26,370,585,4,607.85,0.11
13047,2025-02-13,534,539,1,10835.07,0.18
13048,2025-12-25,574,575,3,525.24,0.13
13049,2025-02-01,421,560,5,17424.69,0.1
13050,2025-08-26,501,581,1,780.16,0.09
13051,2025-11-06,494,565,5,211.95,0.02
13052,2025-11-04,222,529,1,2250.22,0.07
13053,2025-02-05,187,546,5,7466.92,0.17
13054,2025-11-07,443,570,1,3267.53,0.09
13055,2025-04-28,575,599,3,574.99,0.07
13056,2025-11-27,443,525,2,2678.9,0.15
13057,2025-08-04,307,581,2,683.42,0.1
13058,2025-05-10,491,600,5,848.67,0.17
13059,2025-10-30,390,535,2,16862.92,0.1
13060,2025-09-10,577,586,4,774.97,0.11
13061,2025-08-02,378,564,3,620.87,0.09
13062,2025-01-29,439,578,5,764.66,0.18
13063,2025-12-31,293,528,4,17307.7,0.04
13064,2025-07-30,229,571,3,168.02,0.03
13065,2025-09-23,310,529,5,2261.03,0.18
13066,2025-12-31,456,578,2,873.9,0.05
13067,2025-11-26,165,600,5,1073.24,0.1
13068,2025-06-26,565,557,2,17503.33,0.15
13069,2025-04-05,196,547,5,7740.56,0.18
13070,2025-08-26,175,571,2,188.82,0.16
13071,2025-12-09,331,595,5,3184.43,0.0
13072,2025-02-01,393,553,4,33676.55,0.05
13073,2025-09-01,499,600,4,912.25,0.18
13074,2025-08-21,291,512,5,21754.38,0.04
13075,2025-10-07,124,587,4,600.71,0.0
13076,2025-12-26,457,593,3,210.46,0.13
13077,2025-02-08,428,525,2,2674.35,0.17
13078,2025-08-03,468,558,2,3500.16,0.09
13079,2025-08-03,463,565,1,203.71,0.17
13080,2025-08-05,118,591,1,601.62,0.05
13081,2025-03-17,275,539,3,12196.42,0.09
13082,2025-06-17,109,522,1,8922.95,0.09
13083,2025-05-14,548,525,4,2664.21,0.12
13084,2025-05-16,382,507,2,51369.58,0.17
13085,2025-12-13,591,517,2,1842.11,0.01
13086,2025-09-06,437,574,1,328.56,0.17
13087,2025-04-21,328,582,2,600.5,0.14
13088,2025-10-02,537,578,2,731.82,0.18
13089,2025-10-10,167,594,5,477.04,0.2
13090,2025-12-02,582,567,2,744.33,0.04
13091,2025-11-22,273,543,1,13407.24,0.13
13092,2025-06-06,367,591,2,629.88,0.13
13093,2025-11-07,263,574,4,297.61,0.03
13094,2025-06-21,566,579,3,423.28,0.15
13095,2025-07-30,398,587,3,723.96,0.19
13096,2025-06-18,380,528,2,17293.51,0.19
13097,2025-02-05,334,544,3,28695.74,0.06
13098,2025-06-13,503,565,4,199.77,0.13
13099,2025-08-25,218,549,1,26262.23,0.08
13100,2025-04-12,287,576,4,461.15,0.1
13101,2025-08-01,199,517,4,1463.56,0.05
13102,2025-09-07,434,508,2,86324.17,0.05
13103,2025-03-20,228,528,4,14599.7,0.11
13104,2025-04-18,281,535,5,18364.1,0.1
13105,2025-05-08,588,587,4,790.33,0.2
13106,2025-07-12,372,520,2,2739.22,0.13
13107,2025-11-03,231,564,4,614.52,0.1
13108,2025-03-26,594,577,1,411.18,0.15
13109,2025-04-15,322,544,4,22449.25,0.04
13110,2025-08-25,195,570,4,2669.36,0.11
13111,2025-07-28,357,506,1,45656.3,0.14
13112,2025-03-24,508,587,1,778.79,0.0
13113,2025-03-06,302,553,2,31058.58,0.15
13114,2025-09-30,577,511,3,16756.29,0.14
13115,2025-11-17,339,550,5,10843.79,0.1
13116,2025-10-31,513,506,3,46665.26,0.05
13117,2025-04-04,507,562,1,13455.91,0.04
13118,2025-02-09,545,592,3,286.72,0.05
13119,2025-04-15,345,520,2,2845.49,0.14
13120,2025-08-08,140,569,1,519.91,0.05
13121,2025-02-02,200,517,5,1557.33,0.17
13122,2025-10-16,306,506,4,56618.85,0.16
13123,2025-10-18,370,582,3,539.38,0.05
13124,2025-05-01,543,553,4,31840.18,0.13
13125,2025-12-15,340,546,1,6679.24,0.19
13126,2025-04-22,113,543,5,12687.39,0.19
13127,2025-05-01,126,577,5,435.93,0.13
13128,2025-06-29,462,565,2,200.27,0.08
13129,2025-09-04,519,586,5,873.82,0.09
13130,2025-04-09,250,548,3,15119.31,0.12
13131,2025-09-09,210,587,2,756.41,0.09
13132,2025-03-10,277,525,1,2728.31,0.18
13133,2025-05-06,515,534,1,43148.77,0.01
13134,2025-06-25,494,540,3,23763.71,0.12
13135,2025-05-18,109,504,5,97348.3,0.14
13136,2025-08-19,163,560,5,21865.06,0.17
13137,2025-04-05,288,572,3,254.14,0.1
13138,2025-09-19,121,581,5,657.92,0.15
13139,2025-02-10,278,549,1,26234.06,0.05
13140,2025-01-10,415,545,2,11421.72,0.02
13141,2025-10-20,569,531,4,10843.05,0.17
13142,2025-11-28,567,560,5,20200.03,0.03
13143,2025-08-17,427,519,4,1876.57,0.2
13144,2025-03-06,454,535,5,15905.69,0.01
13145,2025-04-23,252,526,2,6637.19,0.04
13146,2025-08-12,403,563,1,304.17,0.02
13147,2025-11-01,528,548,4,14623.36,0.01
13148,2025-09-02,546,581,4,683.19,0.16
13149,2025-01-17,359,514,4,48406.21,0.1
13150,2025-11-03,449,542,2,9874.98,0.19
13151,2025-01-30,474,534,2,40264.83,0.04
13152,2025-03-31,350,526,1,7945.76,0.04
13153,2025-02-23,555,557,1,15149.27,0.14
13154,2025-10-11,414,577,2,365.33,0.05
13155,2025-06-16,300,524,2,5266.52,0.02
13156,2025-07-14,546,511,1,15729.52,0.1
13157,2025-07-02,232,506,5,59343.65,0.07
13158,2025-11-20,205,577,2,429.27,0.17
13159,2025-06-13,334,516,3,1027.76,0.03
13160,2025-08-27,173,584,2,775.8,0.07
13161,2025-03-09,482,536,2,26939.32,0.17
13162,2025-02-17,431,504,1,100491.84,0.15
13163,2025-01-21,279,508,2,76494.46,0.12
13164,2025-12-22,144,548,2,14615.61,0.14
13165,2025-04-13,392,537,4,23172.61,0.06
13166,2025-05-06,275,598,1,3679.23,0.15
13167,2025-02-02,171,592,4,344.35,0.14
13168,2025-09-01,553,523,2,2840.91,0.0
13169,2025-12-18,441,545,5,11750.48,0.11
13170,2025-09-04,480,590,4,255.03,0.15
13171,2025-01-17,443,568,1,623.3,0.09
13172,2025-06-30,218,564,5,544.78,0.16
13173,2025-06-08,484,597,2,4985.4,0.08
13174,2025-11-08,440,578,3,828.57,0.13
13175,2025-05-12,211,577,2,380.37,0.08
13176,2025-06-17,536,510,3,133247.99,0.16
13177,2025-10-27,546,539,2,9829.8,0.1
13178,2025-08-01,569,587,5,764.51,0.09
13179,2025-01-01,240,511,4,17741.68,0.07
13180,2025-07-22,416,509,2,43243.19,0.18
13181,2025-03-03,569,574,3,338.63,0.07
13182,2025-04-04,569,507,5,52273.77,0.01
13183,2025-08-30,600,550,1,9243.04,0.07
13184,2025-03-02,297,592,3,264.84,0.04
13185,2025-09-27,186,582,1,546.99,0.12
13186,2025-02-10,218,589,5,309.08,0.17
13187,2025-07-28,205,599,5,552.18,0.12
13188,2025-08-27,193,501,3,87504.31,0.02
13189,2025-03-09,143,505,1,97834.15,0.12
13190,2025-11-10,290,551,3,12911.06,0.1
13191,2025-08-11,563,555,4,9323.75,0.15
13192,2025-06-19,409,524,4,4467.6,0.07
13193,2025-01-26,224,556,2,13276.91,0.0
13194,2025-10-02,542,564,1,717.02,0.08
13195,2025-03-17,537,559,3,14988.88,0.09
13196,2025-05-23,553,572,2,282.18,0.16
13197,2025-02-22,361,583,5,972.72,0.01
13198,2025-07-22,186,596,4,4152.95,0.18
13199,2025-07-24,112,556,2,11817.47,0.12
13200,2025-09-05,590,529,5,2620.24,0.13
13201,2025-05-15,556,523,1,2709.64,0.08
13202,2025-11-12,541,560,2,16895.51,0.15
13203,2025-09-18,548,580,4,247.93,0.12
13204,2025-05-27,259,566,5,405.47,0.15
13205,2025-04-17,469,569,1,495.32,0.16
13206,2025-09-24,295,564,2,623.86,0.18
13207,2025-10-11,342,564,4,559.78,0.2
13208,2025-08-24,203,587,5,616.16,0.09
13209,2025-07-07,211,591,5,708.27,0.15
13210,2025-07-18,395,501,4,69383.34,0.05
13211,2025-01-22,109,595,1,3741.28,0.07
13212,2025-07-13,216,548,4,15457.36,0.05
13213,2025-01-21,127,568,4,593.82,0.01
13214,2025-03-21,470,563,1,300.83,0.07
13215,2025-05-26,258,527,1,9752.91,0.04
13216,2025-12-24,347,530,2,3970.45,0.04
13217,2025-07-05,177,567,3,612.52,0.19
13218,2025-04-29,512,537,4,27475.42,0.03
13219,2025-02-24,547,549,3,26209.95,0.16
13220,2025-11-26,226,537,2,24357.72,0.09
13221,2025-01-31,303,512,4,23608.81,0.15
13222,2025-09-24,532,529,5,2595.29,0.0
13223,2025-02-06,425,569,3,553.08,0.13
13224,2025-11-09,310,524,3,4447.24,0.19
13225,2025-03-24,129,517,4,1552.24,0.19
13226,2025-01-26,424,514,1,44601.68,0.2
13227,2025-10-04,434,556,1,12511.82,0.06
13228,2025-08-24,230,527,4,8176.09,0.14
13229,2025-07-07,154,524,4,4740.3,0.13
13230,2025-03-31,277,513,4,42110.12,0.03
13231,2025-01-22,273,550,5,10974.63,0.07
13232,2025-05-11,588,528,5,14814.96,0.11
13233,2025-12-26,309,548,3,14348.7,0.14
13234,2025-06-11,104,508,2,72991.85,0.05
13235,2025-04-10,456,595,3,3318.87,0.14
13236,2025-07-01,366,520,1,2230.35,0.15
13237,2025-05-15,375,566,4,471.85,0.16
13238,2025-06-06,594,585,5,661.23,0.14
13239,2025-01-10,591,531,2,11611.41,0.03
13240,2025-06-27,441,543,3,14726.63,0.09
13241,2025-01-31,309,599,1,689.27,0.09
13242,2025-09-07,377,550,2,11259.07,0.02
13243,2025-04-20,519,548,2,12065.62,0.02
13244,2025-07-05,157,520,4,2661.16,0.04
13245,2025-11-08,395,553,3,31234.2,0.09
13246,2025-10-13,536,508,5,78832.08,0.07
13247,2025-08-02,130,575,4,498.37,0.02
13248,2025-11-17,259,554,3,34797.39,0.05
13249,2025-08-30,165,528,2,14696.05,0.05
13250,2025-12-18,256,580,3,254.01,0.11
13251,2025-06-25,217,551,2,12270.37,0.09
13252,2025-12-09,250,512,5,25197.05,0.13
13253,2025-01-03,453,549,2,26366.38,0.06
13254,2025-05-12,469,520,4,2409.3,0.08
13255,2025-11-09,375,506,3,52096.92,0.14
13256,2025-01-04,226,553,2,31565.21,0.09
13257,2025-10-17,550,506,2,47801.43,0.1
13258,2025-10-20,187,556,4,13886.36,0.17
13259,2025-01-28,552,564,1,612.32,0.2
13260,2025-06-03,513,536,2,31738.21,0.11
13261,2025-12-31,243,508,4,81010.44,0.05
13262,2025-03-26,492,524,3,4899.67,0.13
13263,2025-01-09,254,535,2,17696.12,0.07
13264,2025-11-15,554,510,1,121501.58,0.09
13265,2025-09-30,373,521,4,4323.64,0.1
13266,2025-11-05,418,536,4,32773.9,0.09
13267,2025-01-12,542,536,3,33535.9,0.11
13268,2025-04-28,394,537,2,24974.47,0.14
13269,2025-06-26,207,590,1,267.77,0.0
13270,2025-02-04,338,578,5,891.72,0.06
13271,2025-04-20,388,593,1,195.73,0.06
13272,2025-11-04,292,538,5,51083.62,0.13
13273,2025-01-04,167,507,3,56744.21,0.0
13274,2025-03-08,122,554,5,26686.89,0.1
13275,2025-11-21,482,531,4,12267.69,0.15
13276,2025-04-26,466,532,1,19838.35,0.01
13277,2025-08-15,480,558,2,3302.07,0.01
13278,2025-10-13,346,505,2,84097.12,0.15
13279,2025-08-10,201,545,5,11782.72,0.04
13280,2025-02-18,340,559,5,13436.74,0.18
13281,2025-07-07,224,511,1,16163.94,0.2
13282,2025-12-04,490,526,1,6620.71,0.05
13283,2025-11-19,394,527,5,8580.77,0.19
13284,2025-02-19,344,525,2,2384.73,0.09
13285,2025-12-21,234,554,5,28800.84,0.09
13286,2025-02-27,534,512,2,26166.65,0.06
13287,2025-12-11,248,511,3,15849.07,0.16
13288,2025-09-01,596,554,2,28547.94,0.15
13289,2025-09-05,101,531,3,12385.05,0.12
13290,2025-05-02,189,570,3,3006.24,0.2
13291,2025-04-19,243,556,2,13107.01,0.18
13292,2025-01-31,294,502,5,59866.92,0.09
13293,2025-10-06,522,502,4,67601.06,0.03
13294,2025-05-30,515,538,3,45858.12,0.19
13295,2025-06-22,548,564,3,704.08,0.19
13296,2025-09-05,499,507,3,51853.13,0.01
13297,2025-01-30,119,532,1,21969.85,0.14
13298,2025-03-05,120,505,4,95432.2,0.04
13299,2025-10-05,315,568,4,537.35,0.02
13300,2025-12-09,392,521,2,5591.45,0.16
13301,2025-06-03,157,501,4,75230.32,0.03
13302,2025-09-23,202,541,1,4367.4,0.04
13303,2025-02-18,287,512,4,28091.28,0.15
13304,2025-01-28,502,596,1,3525.13,0.06
13305,2025-09-30,377,596,2,3601.74,0.08
13306,2025-04-25,235,537,4,25384.46,0.05
13307,2025-02-21,118,557,4,18427.71,0.11
13308,2025-10-04,218,553,4,37374.86,0.11
13309,2025-12-18,115,532,5,22099.5,0.17
13310,2025-11-14,526,517,1,1720.39,0.15
13311,2025-10-30,221,521,3,4576.03,0.2
13312,2025-06-26,560,533,2,31407.21,0.12
13313,2025-10-13,557,556,2,12924.12,0.11
13314,2025-12-13,198,534,3,38515.48,0.17
13315,2025-06-08,386,555,4,9267.47,0.03
13316,2025-10-16,403,562,1,11753.07,0.19
13317,2025-04-05,402,575,3,451.97,0.09
13318,2025-12-07,103,581,5,601.8,0.04
13319,2025-06-19,210,580,4,278.73,0.13
13320,2025-03-01,203,512,1,23603.53,0.13
13321,2025-02-21,293,548,4,15260.39,0.11
13322,2025-11-05,491,539,5,11431.48,0.0
13323,2025-08-16,511,510,2,123410.08,0.06
13324,2025-02-25,241,505,1,94809.27,0.16
13325,2025-04-09,147,504,1,100420.28,0.18
13326,2025-07-15,481,549,4,28479.44,0.18
13327,2025-02-12,571,535,3,18849.24,0.11
13328,2025-04-29,403,502,2,55918.8,0.01
13329,2025-06-16,392,561,4,11161.94,0.06
13330,2025-10-20,425,561,4,9338.5,0.14
13331,2025-03-18,491,583,1,904.17,0.04
13332,2025-02-19,104,584,2,814.99,0.16
13333,2025-04-10,557,521,5,4654.15,0.01
13334,2025-10-12,202,563,1,308.06,0.13
13335,2025-04-06,242,501,5,67375.06,0.09
13336,2025-04-25,476,543,5,11418.02,0.07
13337,2025-07-05,409,582,4,566.85,0.1
13338,2025-05-10,223,539,2,10501.29,0.09
13339,2025-07-25,307,553,3,31358.45,0.02
13340,2025-10-30,149,545,4,9636.01,0.02
13341,2025-03-08,473,525,4,2760.0,0.09
13342,2025-07-21,184,586,2,667.33,0.06
13343,2025-11-27,192,584,4,879.92,0.04
13344,2025-05-28,426,541,3,5037.92,0.12
13345,2025-05-16,205,542,5,7876.35,0.11
13346,2025-08-22,487,536,3,28208.13,0.04
13347,2025-08-31,315,598,1,4119.07,0.06
13348,2025-05-22,545,508,3,76672.07,0.03
13349,2025-01-20,174,570,2,2838.8,0.07
13350,2025-04-02,369,579,2,439.52,0.11
13351,2025-09-30,326,571,5,162.42,0.06
13352,2025-02-12,280,536,5,27286.28,0.14
13353,2025-04-24,346,585,5,611.0,0.06
13354,2025-06-28,586,505,3,91223.22,0.11
13355,2025-11-06,531,562,3,14511.92,0.15
13356,2025-09-11,273,536,3,33740.17,0.08
13357,2025-11-27,435,523,3,2905.18,0.18
13358,2025-05-29,280,559,5,13262.47,0.02
13359,2025-05-26,596,536,2,32658.74,0.04
13360,2025-07-07,499,595,5,3453.5,0.17
13361,2025-12-30,518,554,4,33072.64,0.09
13362,2025-01-21,327,508,5,93077.85,0.15
13363,2025-05-01,289,537,3,26388.41,0.07
13364,2025-12-07,183,503,1,70529.93,0.01
13365,2025-03-02,201,590,3,218.36,0.04
13366,2025-02-03,168,509,4,48485.5,0.01
13367,2025-05-29,423,516,4,1020.92,0.09
13368,2025-04-18,422,567,2,653.71,0.0
13369,2025-05-17,597,538,3,45767.79,0.16
13370,2025-03-25,327,539,3,10096.25,0.08
13371,2025-11-18,152,566,3,435.78,0.17
13372,2025-03-18,425,529,5,2803.13,0.09
13373,2025-05-05,154,530,3,3960.25,0.03
13374,2025-06-16,277,507,1,57228.96,0.11
13375,2025-04-07,370,564,2,652.92,0.09
13376,2025-05-06,195,589,1,385.28,0.12
13377,2025-09-07,321,579,5,397.43,0.17
13378,2025-09-04,441,548,3,12239.18,0.0
13379,2025-06-25,179,536,5,34314.31,0.13
13380,2025-06-12,262,553,2,33820.09,0.01
13381,2025-10-16,188,521,5,5547.08,0.01
13382,2025-10-23,589,584,1,747.85,0.09
13383,2025-01-16,282,543,1,12035.13,0.02
13384,2025-06-24,101,534,2,44617.39,0.19
13385,2025-06-30,267,552,3,25450.04,0.16
13386,2025-10-03,220,524,5,4245.79,0.16
13387,2025-07-01,519,552,2,19329.74,0.19
13388,2025-08-08,438,540,3,20488.37,0.16
13389,2025-09-25,382,590,2,246.19,0.05
13390,2025-06-20,112,526,4,8467.44,0.12
13391,2025-07-11,264,561,2,10687.09,0.15
13392,2025-02-15,211,526,3,8616.26,0.17
13393,2025-04-20,532,512,3,25248.1,0.11
13394,2025-11-27,559,589,1,365.94,0.12
13395,2025-09-04,387,556,2,11579.7,0.0
13396,2025-04-21,289,561,4,10376.35,0.02
13397,2025-12-07,453,561,4,9310.8,0.02
13398,2025-04-09,584,554,3,27870.81,0.06
13399,2025-02-28,291,584,3,926.17,0.14
13400,2025-06-21,352,599,3,549.47,0.16
13401,2025-06-25,265,568,5,569.24,0.16
13402,2025-08-29,415,545,2,10668.68,0.04
13403,2025-02-12,591,541,1,4931.87,0.07
13404,2025-05-01,540,586,2,764.78,0.08
13405,2025-04-10,370,534,2,46999.57,0.15
13406,2025-12-11,392,539,3,11882.03,0.02
13407,2025-06-05,544,549,3,28773.69,0.17
13408,2025-09-13,394,569,3,483.9,0.06
13409,2025-07-28,559,590,5,278.17,0.08
13410,2025-12-15,183,515,4,60160.62,0.04
13411,2025-03-10,265,597,1,5150.69,0.04
13412,2025-07-30,204,511,2,17861.65,0.13
13413,2025-07-03,551,530,5,4477.93,0.09
13414,2025-01-21,454,570,4,3481.82,0.12
13415,2025-06-19,196,575,5,451.14,0.13
13416,2025-08-22,171,544,5,28743.04,0.04
13417,2025-10-09,200,513,3,38819.65,0.06
13418,2025-04-03,436,518,2,3596.91,0.19
13419,2025-10-22,414,540,5,19682.21,0.02
13420,2025-09-07,351,560,3,18431.98,0.09
13421,2025-02-22,323,583,3,1116.46,0.15
13422,2025-07-17,504,507,5,56731.19,0.1
13423,2025-08-19,325,575,4,553.07,0.17
13424,2025-07-17,214,547,2,6009.97,0.09
13425,2025-01-25,242,524,5,5066.17,0.07
13426,2025-11-18,363,528,1,13486.78,0.1
13427,2025-09-22,569,526,1,8084.64,0.14
13428,2025-03-17,180,576,1,433.94,0.07
13429,2025-04-16,115,509,3,55333.95,0.17
13430,2025-07-15,590,553,4,30272.84,0.04
13431,2025-01-02,309,587,3,737.21,0.05
13432,2025-05-30,115,571,5,183.99,0.11
13433,2025-02-28,533,550,1,10404.25,0.04
13434,2025-04-17,434,575,2,544.59,0.18
13435,2025-01-23,578,561,2,8601.59,0.14
13436,2025-01-23,345,552,4,21336.92,0.07
13437,2025-05-13,407,560,1,20159.65,0.16
13438,2025-10-08,562,556,5,12001.22,0.09
13439,2025-12-11,542,520,1,2429.42,0.03
13440,2025-02-18,468,554,5,29844.12,0.15
13441,2025-04-02,383,510,4,121975.33,0.01
13442,2025-09-01,471,539,2,9861.35,0.13
13443,2025-04-03,358,577,4,375.79,0.02
13444,2025-05-01,280,600,4,1117.89,0.09
13445,2025-07-22,475,596,2,4369.79,0.05
13446,2025-08-28,154,504,2,88082.77,0.02
13447,2025-09-03,239,582,1,508.43,0.11
13448,2025-05-01,420,591,1,705.58,0.13
13449,2025-05-20,478,527,4,8894.94,0.14
13450,2025-10-25,273,584,4,846.99,0.15
13451,2025-09-05,161,566,3,426.44,0.14
13452,2025-01-16,263,576,1,462.33,0.14
13453,2025-01-07,281,525,2,2570.72,0.13
13454,2025-02-26,367,561,5,9405.4,0.04
13455,2025-05-02,249,556,4,11970.6,0.01
13456,2025-12-31,226,551,5,11391.03,0.01
13457,2025-10-09,197,576,1,479.85,0.01
13458,2025-03-15,193,581,2,690.58,0.15
13459,2025-08-05,298,596,2,4279.92,0.12
13460,2025-06-02,370,506,1,46780.66,0.18
13461,2025-07-07,187,510,3,127054.57,0.12
13462,2025-09-01,539,591,4,604.21,0.14
13463,2025-08-29,584,576,2,400.06,0.11
13464,2025-01-22,517,570,3,2948.68,0.03
13465,2025-03-11,172,538,3,48781.52,0.08
13466,2025-09-19,466,516,1,1033.11,0.04
13467,2025-11-19,282,577,4,439.42,0.15
13468,2025-10-04,274,599,4,654.88,0.17
13469,2025-04-21,192,587,5,764.64,0.08
13470,2025-12-21,359,510,3,129510.0,0.14
13471,2025-11-30,580,562,3,14370.83,0.02
13472,2025-06-02,164,504,3,100822.38,0.01
13473,2025-09-27,258,536,5,28825.22,0.05
13474,2025-11-04,184,599,4,605.36,0.05
13475,2025-01-29,316,595,3,3441.23,0.07
13476,2025-10-07,465,514,5,44607.61,0.0
13477,2025-09-06,585,529,4,2205.81,0.13
13478,2025-07-05,107,592,4,313.05,0.15
13479,2025-12-09,538,570,3,3452.75,0.03
13480,2025-07-15,298,511,3,15153.93,0.12
13481,2025-12-16,515,588,4,1286.55,0.13
13482,2025-08-27,161,586,2,673.95,0.14
13483,2025-09-26,541,562,2,14072.26,0.13
13484,2025-05-24,520,588,2,1401.17,0.19
13485,2025-11-30,532,501,4,75302.79,0.13
13486,2025-12-18,299,551,4,10434.62,0.2
13487,2025-08-02,167,575,3,550.12,0.04
13488,2025-05-15,389,547,2,6860.27,0.06
13489,2025-01-24,183,557,4,16286.76,0.04
13490,2025-09-10,592,539,5,12709.77,0.01
13491,2025-12-03,163,510,2,104444.25,0.03
13492,2025-11-22,177,527,5,10395.99,0.17
13493,2025-05-20,223,522,5,10201.45,0.17
13494,2025-05-22,488,585,3,556.08,0.12
13495,2025-09-15,513,519,3,1509.1,0.01
13496,2025-02-15,405,585,5,661.18,0.15
13497,2025-05-06,181,502,3,71507.73,0.16
13498,2025-02-14,469,576,3,400.59,0.08
13499,2025-01-04,580,504,4,97679.09,0.03
13500,2025-02-11,228,571,5,144.26,0.06
13501,2025-02-22,330,593,1,202.04,0.08
13502,2025-01-07,294,534,5,44178.56,0.17
13503,2025-10-06,520,508,3,80207.32,0.11
13504,2025-11-15,120,575,4,448.09,0.15
13505,2025-07-18,360,576,3,375.7,0.02
13506,2025-04-09,187,562,5,12922.57,0.18
13507,2025-10-26,127,558,2,3583.84,0.11
13508,2025-01-25,585,555,2,7235.27,0.14
13509,2025-11-10,349,525,2,2606.08,0.06
13510,2025-02-15,524,515,3,54587.2,0.16
13511,2025-09-18,162,502,1,65442.53,0.0
13512,2025-10-21,138,572,5,258.8,0.18
13513,2025-07-03,542,544,4,22491.96,0.07
13514,2025-01-28,358,534,1,45313.56,0.01
13515,2025-07-24,252,589,2,371.57,0.2
13516,2025-11-19,277,520,2,2539.1,0.13
13517,2025-05-01,205,557,4,15678.05,0.19
13518,2025-12-26,175,585,1,648.29,0.14
13519,2025-11-20,237,512,3,26080.84,0.09
13520,2025-01-17,534,535,1,15961.2,0.01
13521,2025-12-01,222,538,5,50102.86,0.01
13522,2025-10-21,539,542,5,9763.31,0.08
13523,2025-09-12,443,550,4,10175.48,0.05
13524,2025-12-31,497,595,2,3625.53,0.1
13525,2025-04-01,145,527,3,9965.98,0.03
13526,2025-04-26,528,542,2,10203.14,0.06
13527,2025-01-29,139,505,3,111374.04,0.2
13528,2025-07-09,168,535,3,15749.14,0.02
13529,2025-02-21,594,584,3,852.43,0.05
13530,2025-10-30,252,528,1,13465.17,0.03
13531,2025-03-29,367,516,3,864.95,0.13
13532,2025-04-29,352,533,1,30568.86,0.03
13533,2025-11-17,150,568,3,509.53,0.1
13534,2025-05-26,406,537,2,27699.67,0.08
13535,2025-02-01,492,581,1,642.7,0.12
13536,2025-09-12,463,550,2,10895.58,0.01
13537,2025-11-17,329,505,3,105849.98,0.01
13538,2025-09-05,140,565,3,234.07,0.18
13539,2025-10-16,351,501,3,87758.18,0.02
13540,2025-12-15,265,506,5,50896.33,0.05
13541,2025-06-11,231,516,2,903.62,0.08
13542,2025-05-18,175,556,4,14023.49,0.04
13543,2025-12-30,592,562,3,14773.31,0.2
13544,2025-10-05,317,543,5,13308.07,0.12
13545,2025-12-07,512,524,3,4607.01,0.1
13546,2025-05-30,466,555,5,9220.64,0.17
13547,2025-07-27,309,501,1,73792.75,0.01
13548,2025-05-28,222,523,5,2838.92,0.06
13549,2025-04-10,115,590,4,232.9,0.11
13550,2025-12-21,304,519,1,1729.91,0.12
13551,2025-10-24,426,510,3,110675.67,0.2
13552,2025-07-13,475,594,5,434.67,0.19
13553,2025-06-11,283,527,2,9281.17,0.15
13554,2025-04-23,496,504,4,79097.63,0.18
13555,2025-11-11,502,513,1,44712.51,0.1
13556,2025-08-14,594,540,2,18020.03,0.18
13557,2025-06-03,485,568,1,624.23,0.02
13558,2025-10-27,395,598,1,4774.65,0.01
13559,2025-01-16,534,535,1,19022.92,0.11
13560,2025-08-15,134,534,5,39938.91,0.14
13561,2025-01-28,598,596,3,4343.03,0.02
13562,2025-07-08,467,597,1,5678.03,0.02
13563,2025-05-14,307,518,3,3618.82,0.0
13564,2025-04-17,402,597,1,6326.07,0.14
13565,2025-02-27,177,561,2,9972.08,0.02
13566,2025-03-07,149,599,2,701.58,0.19
13567,2025-10-30,165,586,5,703.34,0.19
13568,2025-07-30,412,512,3,22696.21,0.19
13569,2025-12-24,114,599,1,570.85,0.06
13570,2025-10-13,185,514,1,48682.46,0.0
13571,2025-06-17,428,506,2,60113.39,0.09
13572,2025-04-12,181,579,1,460.44,0.16
13573,2025-06-11,527,510,3,106605.78,0.14
13574,2025-10-26,120,507,2,52199.65,0.11
13575,2025-03-17,551,600,4,1010.12,0.16
13576,2025-01-17,148,558,2,3560.15,0.2
13577,2025-12-30,229,526,5,8112.22,0.02
13578,2025-01-14,325,558,2,3120.0,0.01
13579,2025-04-02,110,516,2,1060.24,0.13
13580,2025-09-12,311,515,5,53692.26,0.19
13581,2025-09-26,328,520,2,2187.63,0.01
13582,2025-01-08,297,564,2,617.36,0.15
13583,2025-07-09,202,508,1,76269.49,0.01
13584,2025-04-25,533,584,5,889.93,0.03
13585,2025-01-19,231,560,5,21427.06,0.03
13586,2025-01-31,278,599,1,671.33,0.02
13587,2025-03-06,127,580,1,229.79,0.18
13588,2025-12-28,565,567,4,753.31,0.05
13589,2025-09-07,325,531,3,10293.8,0.03
13590,2025-08-20,506,530,1,4389.46,0.16
13591,2025-07-13,403,525,1,2507.29,0.14
13592,2025-06-28,397,571,5,172.9,0.0
13593,2025-10-05,355,525,2,2682.98,0.13
13594,2025-12-24,344,537,3,24820.68,0.16
13595,2025-05-24,299,586,5,757.64,0.18
13596,2025-02-27,230,575,4,508.51,0.14
13597,2025-08-21,253,508,4,72420.92,0.1
13598,2025-07-20,494,533,5,35258.52,0.2
13599,2025-09-26,383,546,2,7428.6,0.18
13600,2025-02-22,280,508,2,75428.56,0.16
13601,2025-07-29,581,522,2,9326.96,0.18
13602,2025-10-27,108,560,3,18462.97,0.03
13603,2025-08-25,592,545,5,10195.64,0.19
13604,2025-03-05,456,506,2,52606.2,0.15
13605,2025-07-14,555,541,5,4303.65,0.15
13606,2025-05-17,472,541,2,4500.85,0.17
13607,2025-10-13,191,590,4,238.56,0.16
13608,2025-05-12,363,594,2,523.79,0.05
13609,2025-05-16,255,589,1,394.67,0.06
13610,2025-12-13,479,504,5,102088.48,0.14
13611,2025-04-16,473,570,2,3054.35,0.03
13612,2025-01-24,515,512,2,24123.59,0.04
13613,2025-05-10,134,577,2,441.98,0.02
13614,2025-01-06,453,505,2,93617.03,0.07
13615,2025-01-17,140,569,4,490.88,0.01
13616,2025-09-26,328,575,3,489.87,0.08
13617,2025-09-12,538,542,2,9532.41,0.04
13618,2025-05-31,559,551,2,12365.11,0.18
13619,2025-04-17,225,562,2,13335.53,0.14
13620,2025-03-18,321,582,2,593.14,0.03
13621,2025-06-05,133,571,1,168.01,0.14
13622,2025-04-28,482,540,4,19330.17,0.01
13623,2025-06-25,407,556,2,13689.69,0.05
13624,2025-05-16,536,576,3,386.81,0.15
13625,2025-05-17,539,576,5,366.63,0.09
13626,2025-05-25,132,523,4,3006.1,0.15
13627,2025-01-09,187,594,5,482.63,0.2
13628,2025-09-18,472,558,3,3715.38,0.1
13629,2025-08-04,435,512,4,25799.58,0.13
13630,2025-07-02,277,556,2,13780.96,0.0
13631,2025-07-18,347,521,4,5124.87,0.15
13632,2025-01-13,112,599,4,639.25,0.15
13633,2025-10-12,316,558,3,3825.54,0.06
13634,2025-09-11,427,526,4,8742.2,0.06
13635,2025-04-21,301,582,1,618.23,0.01
13636,2025-06-24,237,568,1,510.3,0.02
13637,2025-07-15,333,565,1,223.06,0.17
13638,2025-10-22,103,555,1,9183.55,0.09
13639,2025-06-06,533,536,2,29820.54,0.02
13640,2025-11-27,152,542,2,8498.2,0.18
13641,2025-10-11,317,545,5,10211.31,0.11
13642,2025-12-18,440,551,2,10940.14,0.06
13643,2025-12-12,156,505,4,105175.05,0.17
13644,2025-04-22,226,544,2,27675.2,0.19
13645,2025-04-13,296,505,3,87411.08,0.18
13646,2025-12-15,144,559,3,16516.35,0.19
13647,2025-06-12,200,545,3,10533.03,0.19
13648,2025-02-20,445,581,4,645.65,0.08
13649,2025-04-04,438,581,4,679.58,0.04
13650,2025-08-26,221,518,3,3340.04,0.06
13651,2025-07-26,340,565,5,209.0,0.13
13652,2025-12-27,453,590,5,248.47,0.12
13653,2025-02-24,300,558,4,3392.85,0.08
13654,2025-11-24,328,526,1,7107.08,0.08
13655,2025-12-27,571,554,1,32826.53,0.19
13656,2025-08-24,336,512,5,27090.35,0.01
13657,2025-11-03,183,590,2,255.45,0.06
13658,2025-12-22,550,575,5,447.34,0.11
13659,2025-01-09,566,598,4,4219.83,0.08
13660,2025-05-09,304,569,3,494.63,0.04
13661,2025-04-14,335,570,5,3072.68,0.04
13662,2025-09-03,282,518,2,3499.84,0.19
13663,2025-12-14,249,600,1,994.59,0.12
13664,2025-10-18,429,573,4,320.2,0.0
13665,2025-12-29,566,509,5,46237.0,0.01
13666,2025-06-09,525,598,2,4329.84,0.02
13667,2025-12-19,488,568,5,572.3,0.08
13668,2025-12-03,507,577,1,384.62,0.11
13669,2025-05-10,387,501,4,69946.5,0.12
13670,2025-03-12,399,583,4,1174.53,0.11
13671,2025-10-09,264,502,5,63289.88,0.19
13672,2025-11-10,490,566,2,372.69,0.04
13673,2025-03-09,467,570,2,2802.04,0.0
13674,2025-01-25,455,508,2,93827.7,0.14
13675,2025-09-22,139,536,5,33995.4,0.17
13676,2025-06-15,540,528,1,13788.13,0.01
13677,2025-12-19,259,557,2,16267.42,0.18
13678,2025-08-23,273,564,1,638.55,0.15
13679,2025-07-16,497,595,5,3034.11,0.12
13680,2025-01-13,394,600,5,936.27,0.07
13681,2025-08-16,429,550,3,10685.28,0.17
13682,2025-07-12,122,505,4,111864.71,0.13
13683,2025-12-04,157,538,1,55710.95,0.19
13684,2025-02-21,546,528,1,14887.08,0.06
13685,2025-09-27,448,522,2,8900.94,0.11
13686,2025-08-20,209,597,1,5929.26,0.13
13687,2025-03-18,435,502,3,65547.73,0.04
13688,2025-01-07,474,552,4,21564.84,0.06
13689,2025-06-14,594,561,5,9003.01,0.19
13690,2025-03-17,267,540,3,18591.6,0.13
13691,2025-07-15,491,585,3,603.43,0.04
13692,2025-05-11,495,518,4,3913.7,0.2
13693,2025-05-12,424,596,5,4310.26,0.18
13694,2025-12-21,165,510,2,112417.68,0.11
13695,2025-06-27,357,590,5,277.89,0.18
13696,2025-07-20,341,590,4,283.14,0.12
13697,2025-09-15,222,588,3,1285.15,0.08
13698,2025-07-09,483,521,2,4465.43,0.05
13699,2025-01-26,471,519,5,1631.03,0.2
13700,2025-07-02,474,545,2,11398.71,0.05
13701,2025-08-13,264,543,2,11896.98,0.13
13702,2025-02-12,561,576,5,462.24,0.08
13703,2025-02-06,543,521,3,5124.22,0.12
13704,2025-05-13,557,561,4,10775.92,0.02
13705,2025-05-25,598,521,2,4736.41,0.06
13706,2025-01-23,115,554,5,29413.16,0.01
13707,2025-06-23,267,581,5,768.83,0.07
13708,2025-08-25,506,551,2,11368.99,0.18
13709,2025-06-20,115,563,1,353.61,0.1
13710,2025-12-03,564,522,4,9414.2,0.06
13711,2025-05-24,577,580,2,250.73,0.17
13712,2025-10-30,406,563,4,382.0,0.16
13713,2025-06-30,532,548,1,14353.83,0.0
13714,2025-12-30,349,558,2,3686.5,0.04
13715,2025-08-22,345,535,3,16171.75,0.02
13716,2025-12-23,496,549,5,26274.24,0.09
13717,2025-03-20,495,535,4,19106.25,0.12
13718,2025-06-29,338,585,1,587.21,0.01
13719,2025-01-15,197,589,1,398.52,0.16
13720,2025-07-23,379,587,2,691.38,0.05
13721,2025-09-01,280,504,5,91959.56,0.11
13722,2025-05-19,578,590,4,257.36,0.07
13723,2025-06-05,311,573,5,347.31,0.14
13724,2025-08-08,488,556,1,13545.66,0.13
13725,2025-05-06,456,548,3,15898.06,0.07
13726,2025-04-17,310,529,5,2181.36,0.11
13727,2025-09-22,184,577,2,344.55,0.17
13728,2025-02-09,107,520,2,2229.18,0.1
13729,2025-12-30,499,567,3,709.63,0.11
13730,2025-08-12,592,506,1,59602.07,0.16
13731,2025-06-12,455,562,5,12305.52,0.08
13732,2025-07-28,471,568,5,528.28,0.1
13733,2025-11-25,209,519,3,1803.03,0.04
13734,2025-10-22,552,571,5,158.6,0.02
13735,2025-04-16,184,542,4,9362.81,0.07
13736,2025-12-04,257,582,5,611.89,0.16
13737,2025-08-05,144,596,3,3794.07,0.15
13738,2025-08-25,253,593,4,204.57,0.12
13739,2025-03-22,249,529,4,2643.97,0.09
13740,2025-09-16,429,532,3,23471.11,0.18
13741,2025-09-17,322,531,1,12636.81,0.11
13742,2025-10-27,366,540,1,20509.86,0.2
13743,2025-12-21,502,526,4,8306.95,0.1
13744,2025-02-11,307,523,5,3472.44,0.05
13745,2025-07-04,264,556,3,13189.84,0.14
13746,2025-11-21,117,596,2,4064.4,0.1
13747,2025-06-23,202,510,5,110651.26,0.15
13748,2025-07-01,174,540,1,23656.55,0.16
13749,2025-06-12,339,594,2,450.33,0.1
13750,2025-12-07,279,513,1,43555.77,0.06
13751,2025-12-09,310,559,3,15052.1,0.13
13752,2025-06-26,414,599,2,562.72,0.12
13753,2025-03-15,203,531,3,10433.48,0.05
13754,2025-01-21,162,586,1,747.33,0.03
13755,2025-04-07,282,591,5,615.59,0.15
13756,2025-11-18,155,501,4,82843.2,0.19
13757,2025-10-18,335,547,4,7614.08,0.08
13758,2025-05-02,555,550,2,10739.49,0.13
13759,2025-09-18,245,529,4,2220.78,0.02
13760,2025-07-12,204,589,2,329.55,0.08
13761,2025-10-19,238,513,1,39101.12,0.08
13762,2025-07-04,322,501,4,87771.42,0.18
13763,2025-04-09,332,565,4,227.78,0.01
13764,2025-04-27,442,510,3,104037.59,0.12
13765,2025-12-04,218,592,3,295.48,0.19
13766,2025-08-17,600,566,1,377.03,0.18
13767,2025-11-27,277,508,5,77135.76,0.17
13768,2025-10-19,548,541,3,5329.74,0.03
13769,2025-09-02,379,536,5,35009.45,0.06
13770,2025-09-26,115,522,3,9643.46,0.08
13771,2025-10-26,405,576,1,433.39,0.04
13772,2025-01-01,265,553,2,31216.47,0.08
13773,2025-09-14,336,535,1,18214.53,0.11
13774,2025-05-12,261,529,4,2704.99,0.0
13775,2025-05-04,405,560,3,18697.33,0.09
13776,2025-06-24,587,509,3,48267.14,0.1
13777,2025-07-02,476,531,5,11087.7,0.06
13778,2025-09-18,143,523,3,3390.09,0.14
13779,2025-10-28,431,589,2,335.17,0.05
13780,2025-07-02,592,555,4,9285.75,0.03
13781,2025-12-28,185,562,4,14310.7,0.12
13782,2025-08-01,323,543,5,11560.48,0.08
13783,2025-06-12,567,506,5,59945.04,0.11
13784,2025-06-29,451,515,3,56324.28,0.01
13785,2025-09-17,196,548,3,14055.34,0.01
13786,2025-03-07,359,574,3,351.51,0.01
13787,2025-09-08,428,569,2,526.44,0.12
13788,2025-09-03,128,526,5,6813.45,0.02
13789,2025-12-22,372,518,5,3568.86,0.13
13790,2025-04-29,324,502,5,61242.01,0.17
13791,2025-06-05,323,598,2,3945.77,0.07
13792,2025-10-28,473,595,4,3926.16,0.02
13793,2025-01-27,381,527,5,8533.43,0.2
13794,2025-03-22,210,555,1,8861.19,0.02
13795,2025-04-28,400,558,1,3981.5,0.19
13796,2025-02-01,341,550,2,9094.68,0.11
13797,2025-06-19,243,575,4,471.11,0.14
13798,2025-10-22,578,511,1,19147.32,0.07
13799,2025-11-01,314,585,3,578.4,0.09
13800,2025-10-28,386,598,2,4000.7,0.17
13801,2025-03-21,447,546,1,6641.14,0.11
13802,2025-09-20,526,582,3,608.58,0.15
13803,2025-02-05,174,557,1,17971.72,0.18
13804,2025-07-25,457,549,4,26716.17,0.08
13805,2025-12-24,398,582,2,498.81,0.12
13806,2025-02-23,577,577,3,429.13,0.06
13807,2025-05-22,574,572,1,276.91,0.0
13808,2025-10-06,418,543,4,12456.58,0.19
13809,2025-07-16,255,536,4,32753.54,0.17
13810,2025-02-21,202,579,4,426.87,0.02
13811,2025-07-01,276,535,5,15767.88,0.07
13812,2025-04-18,173,554,5,31202.85,0.09
13813,2025-01-29,299,541,3,5393.72,0.13
13814,2025-03-26,580,591,2,663.99,0.02
13815,2025-10-25,202,506,2,48461.06,0.02
13816,2025-12-11,265,592,4,306.56,0.14
13817,2025-06-14,143,537,5,25354.65,0.15
13818,2025-09-27,536,542,2,8910.16,0.04
13819,2025-06-14,172,592,5,269.8,0.02
13820,2025-10-01,277,530,3,4370.22,0.18
13821,2025-09-04,297,584,2,732.52,0.06
13822,2025-10-02,250,572,5,232.72,0.08
13823,2025-03-12,598,587,5,664.19,0.19
13824,2025-04-21,104,521,5,5341.94,0.03
13825,2025-01-09,537,503,1,66686.76,0.07
13826,2025-01-27,312,509,5,47690.93,0.08
13827,2025-11-05,327,519,3,1505.95,0.15
13828,2025-07-18,333,542,4,9689.15,0.19
13829,2025-07-02,150,535,3,15253.09,0.12
13830,2025-06-07,461,532,3,18086.9,0.19
13831,2025-09-06,418,575,1,546.73,0.07
13832,2025-12-14,275,555,1,8177.32,0.19
13833,2025-07-01,307,596,2,3400.51,0.02
13834,2025-05-04,161,584,3,908.73,0.06
13835,2025-06-19,181,573,2,308.07,0.1
13836,2025-11-08,565,535,4,14634.04,0.1
13837,2025-06-05,333,586,2,782.21,0.0
13838,2025-05-01,486,599,1,583.77,0.03
13839,2025-08-29,561,505,2,87288.28,0.02
13840,2025-11-21,492,590,2,257.65,0.05
13841,2025-06-15,502,592,4,289.25,0.18
13842,2025-06-14,565,581,1,640.87,0.2
13843,2025-09-01,258,577,2,382.24,0.04
13844,2025-02-05,166,596,1,3703.31,0.0
13845,2025-06-11,569,544,5,25819.51,0.04
13846,2025-01-09,274,525,2,2180.09,0.13
13847,2025-01-07,291,590,5,242.23,0.17
13848,2025-08-10,211,574,5,335.97,0.03
13849,2025-04-12,358,537,3,23081.37,0.06
13850,2025-06-04,211,557,2,15357.75,0.16
13851,2025-03-16,178,517,2,1632.46,0.18
13852,2025-02-07,579,584,5,723.51,0.14
13853,2025-03-01,524,541,2,5137.41,0.03
13854,2025-11-11,168,543,1,14763.36,0.09
13855,2025-02-02,329,546,5,7186.57,0.12
13856,2025-10-20,104,524,4,4681.29,0.12
13857,2025-10-19,273,567,2,658.43,0.11
13858,2025-03-14,460,567,2,796.1,0.12
13859,2025-08-09,382,558,3,3554.38,0.1
13860,2025-08-11,409,571,1,163.68,0.16
13861,2025-12-17,569,600,2,1029.54,0.12
13862,2025-11-05,582,535,5,19107.64,0.12
13863,2025-12-10,522,521,2,5032.04,0.02
13864,2025-02-02,130,528,3,17099.41,0.11
13865,2025-03-14,396,548,2,12022.63,0.13
13866,2025-03-06,210,544,1,25024.84,0.15
13867,2025-08-16,148,544,4,25455.49,0.07
13868,2025-04-30,587,596,1,4457.61,0.0
13869,2025-03-16,478,516,4,870.88,0.02
13870,2025-02-25,340,582,1,560.25,0.17
13871,2025-08-24,130,553,2,38383.59,0.16
13872,2025-09-27,430,581,1,658.7,0.02
13873,2025-03-18,438,513,4,37351.14,0.01
13874,2025-12-27,125,580,1,230.96,0.11
13875,2025-07-09,313,566,2,438.36,0.2
13876,2025-11-26,406,540,3,18374.86,0.01
13877,2025-06-03,186,595,4,3664.2,0.06
13878,2025-01-08,584,545,4,10366.94,0.08
13879,2025-04-18,347,517,1,1826.65,0.06
13880,2025-10-11,221,539,3,10538.48,0.01
13881,2025-05-17,224,533,4,37543.16,0.1
13882,2025-05-10,366,540,3,23416.25,0.07
13883,2025-05-22,258,518,5,3576.35,0.01
13884,2025-08-01,482,574,4,331.13,0.14
13885,2025-05-10,188,523,5,3135.29,0.12
13886,2025-12-06,292,524,5,5335.26,0.08
13887,2025-09-05,340,553,2,39962.66,0.13
13888,2025-07-30,242,579,2,478.87,0.08
13889,2025-12-21,318,571,1,146.4,0.11
13890,2025-11-07,297,558,5,3905.77,0.06
13891,2025-09-21,289,510,1,112424.86,0.15
13892,2025-10-31,556,526,5,7489.86,0.1
13893,2025-12-26,419,523,1,3015.93,0.12
13894,2025-08-06,442,502,4,59305.17,0.07
13895,2025-09-30,242,596,1,3678.44,0.03
13896,2025-07-24,219,561,1,10504.49,0.14
13897,2025-09-26,295,533,3,33764.4,0.0
13898,2025-10-02,263,523,1,3241.32,0.12
13899,2025-11-28,320,560,2,21620.61,0.05
13900,2025-07-23,322,547,2,6003.47,0.09
13901,2025-02-24,573,524,3,5096.88,0.11
13902,2025-02-24,121,513,1,41551.0,0.02
13903,2025-09-19,269,563,4,396.1,0.11
13904,2025-01-13,388,539,3,9705.65,0.08
13905,2025-12-19,300,503,2,71960.66,0.05
13906,2025-10-25,478,545,3,10285.37,0.1
13907,2025-05-28,537,558,3,3180.75,0.12
13908,2025-12-04,115,596,2,4457.2,0.12
13909,2025-11-08,275,516,5,870.65,0.18
13910,2025-11-30,507,536,5,27392.01,0.17
13911,2025-07-21,135,552,3,19679.34,0.0
13912,2025-06-18,455,573,3,388.85,0.07
13913,2025-09-03,435,543,3,14313.36,0.15
13914,2025-12-06,415,564,1,699.99,0.13
13915,2025-10-22,404,581,3,792.56,0.13
13916,2025-05-04,347,536,5,26899.83,0.12
13917,2025-01-17,519,536,5,31047.91,0.07
13918,2025-09-19,511,573,2,310.61,0.13
13919,2025-01-09,207,588,3,1199.74,0.19
13920,2025-05-16,415,529,3,2827.34,0.03
13921,2025-08-20,540,504,4,81612.2,0.05
13922,2025-08-06,386,514,2,42861.52,0.06
13923,2025-08-27,247,519,2,1607.21,0.12
13924,2025-09-02,592,555,5,8752.35,0.12
13925,2025-02-23,267,533,3,32341.83,0.14
13926,2025-01-04,351,575,3,492.99,0.13
13927,2025-06-20,400,597,4,4905.67,0.12
13928,2025-11-23,516,521,5,5294.31,0.19
13929,2025-05-10,448,590,4,248.13,0.06
13930,2025-04-10,232,593,4,236.34,0.09
13931,2025-08-03,213,538,3,49965.47,0.16
13932,2025-05-01,482,538,4,52624.32,0.15
13933,2025-03-25,519,528,3,15087.3,0.16
13934,2025-01-24,258,569,4,440.5,0.05
13935,2025-09-14,145,530,1,3922.89,0.13
13936,2025-09-04,425,548,4,12130.88,0.04
13937,2025-06-05,263,591,5,570.0,0.12
13938,2025-01-27,433,590,2,243.75,0.18
13939,2025-12-25,130,537,1,26057.5,0.1
13940,2025-06-11,591,551,5,10930.94,0.01
13941,2025-06-22,203,529,5,2469.78,0.06
13942,2025-03-16,591,575,4,534.6,0.13
13943,2025-03-09,571,600,4,958.95,0.08
13944,2025-11-20,600,561,3,11034.17,0.19
13945,2025-12-12,317,530,5,3742.23,0.05
13946,2025-07-07,274,548,3,12186.18,0.02
13947,2025-01-30,439,598,2,3680.97,0.11
13948,2025-06-08,374,587,1,671.4,0.15
13949,2025-09-19,211,562,2,11981.58,0.15
13950,2025-11-02,257,587,2,643.98,0.17
13951,2025-12-30,228,509,4,42981.09,0.03
13952,2025-09-25,531,528,1,15089.21,0.17
13953,2025-02-23,312,553,4,31996.36,0.07
13954,2025-02-11,217,509,5,50994.85,0.12
13955,2025-11-07,368,570,4,2733.39,0.01
13956,2025-01-01,161,534,4,47026.63,0.1
13957,2025-12-28,193,573,5,324.59,0.13
13958,2025-05-22,126,517,2,1614.04,0.12
13959,2025-02-04,580,562,1,13271.96,0.07
13960,2025-12-16,462,581,4,780.98,0.12
13961,2025-04-07,263,544,2,22827.65,0.16
13962,2025-06-23,386,590,2,221.75,0.1
13963,2025-06-16,377,536,5,29391.98,0.03
13964,2025-11-10,174,528,1,17178.53,0.11
13965,2025-10-07,276,598,5,4333.1,0.04
13966,2025-12-29,330,514,2,45356.74,0.16
13967,2025-07-25,548,541,1,5460.27,0.14
13968,2025-07-07,534,539,1,9843.56,0.16
13969,2025-06-02,238,599,2,644.8,0.01
13970,2025-12-10,292,562,3,11668.52,0.07
13971,2025-05-15,132,547,2,7303.55,0.06
13972,2025-05-30,218,523,1,3315.18,0.18
13973,2025-03-15,140,536,3,33186.16,0.15
13974,2025-09-21,458,571,5,156.33,0.06
13975,2025-03-31,332,571,5,164.77,0.07
13976,2025-11-04,157,550,2,11325.64,0.19
13977,2025-10-18,112,550,3,11614.47,0.09
13978,2025-12-02,456,518,5,3191.21,0.12
13979,2025-09-09,272,531,2,12116.35,0.03
13980,2025-01-25,600,586,5,786.84,0.04
13981,2025-07-27,174,563,5,349.51,0.07
13982,2025-01-17,523,554,1,27256.13,0.05
13983,2025-02-24,450,505,3,87125.13,0.02
13984,2025-08-15,480,573,5,345.86,0.13
13985,2025-03-31,457,536,5,31960.53,0.06
13986,2025-05-14,495,523,4,3146.7,0.07
13987,2025-04-15,275,579,1,360.85,0.04
13988,2025-12-22,159,528,4,14961.42,0.2
13989,2025-04-06,446,564,5,708.24,0.07
13990,2025-04-24,101,551,1,10731.09,0.07
13991,2025-05-07,449,531,1,11263.21,0.11
13992,2025-08-08,263,578,4,847.0,0.13
13993,2025-05-06,475,510,3,126255.14,0.17
13994,2025-04-13,254,567,1,719.48,0.06
13995,2025-03-20,149,563,1,391.71,0.08
13996,2025-05-30,200,599,5,699.29,0.07
13997,2025-09-09,435,510,4,114119.07,0.02
13998,2025-12-28,224,566,5,417.42,0.09
13999,2025-09-18,394,587,3,754.45,0.0
14000,2025-02-28,262,546,2,7716.27,0.18
14001,2025-11-15,301,549,2,27756.66,0.18
14002,2025-06-24,113,527,1,9453.6,0.19
14003,2025-04-26,420,563,1,349.8,0.16
14004,2025-04-06,532,513,4,36460.91,0.12
14005,2025-01-06,296,593,5,200.28,0.2
14006,2025-08-12,186,538,4,52886.53,0.05
14007,2025-05-22,243,588,5,1221.27,0.14
14008,2025-04-07,305,560,3,17394.89,0.05
14009,2025-12-21,474,531,5,10703.58,0.12
14010,2025-08-16,384,542,4,8466.19,0.16
14011,2025-11-10,209,584,3,779.45,0.06
14012,2025-10-13,256,581,5,793.77,0.19
14013,2025-05-08,281,582,3,506.42,0.11
14014,2025-05-01,436,538,2,45931.36,0.02
14015,2025-01-12,455,582,5,500.35,0.19
14016,2025-03-08,485,514,4,41911.17,0.03
14017,2025-10-12,247,579,3,475.49,0.01
14018,2025-02-04,571,542,1,9076.87,0.05
14019,2025-04-30,324,544,4,25097.95,0.18
14020,2025-12-05,315,556,1,12360.69,0.06
14021,2025-02-23,303,528,5,17371.79,0.02
14022,2025-01-10,518,558,5,3440.02,0.16
14023,2025-03-17,425,562,2,12442.51,0.14
14024,2025-12-18,323,545,5,11712.08,0.07
14025,2025-12-14,586,515,5,57930.15,0.06
14026,2025-01-01,534,525,4,2553.81,0.2
14027,2025-01-24,381,520,2,2179.68,0.06
14028,2025-07-02,292,529,5,2721.25,0.07
14029,2025-12-13,457,526,2,6602.73,0.17
14030,2025-05-01,115,505,5,96393.6,0.12
14031,2025-07-25,422,562,5,13420.09,0.01
14032,2025-01-10,316,529,2,2744.95,0.11
14033,2025-12-30,195,508,5,84229.06,0.1
14034,2025-12-26,119,570,2,2895.08,0.03
14035,2025-02-13,581,582,4,528.11,0.2
14036,2025-11-20,419,590,1,282.37,0.06
14037,2025-08-03,259,503,2,60466.03,0.01
14038,2025-06-25,435,581,5,606.92,0.18
14039,2025-03-10,408,545,2,10872.24,0.01
14040,2025-09-25,486,597,2,5175.58,0.06
14041,2025-07-29,264,532,5,23688.46,0.19
14042,2025-05-02,552,595,2,3690.74,0.17
14043,2025-10-28,243,566,4,473.44,0.11
14044,2025-09-24,124,571,5,183.71,0.07
14045,2025-12-24,447,531,2,10741.77,0.07
14046,2025-07-29,446,512,5,25899.86,0.02
14047,2025-07-11,256,512,1,22625.77,0.04
14048,2025-10-29,320,579,2,364.81,0.11
14049,2025-02-06,120,526,2,7673.83,0.06
14050,2025-11-22,476,515,3,56232.58,0.12
14051,2025-08-21,483,584,3,860.1,0.17
14052,2025-10-10,551,540,2,20806.5,0.14
14053,2025-10-12,242,570,3,3045.92,0.15
14054,2025-06-28,293,503,4,70104.21,0.09
14055,2025-09-13,212,593,4,205.25,0.16
14056,2025-03-06,349,556,2,13690.12,0.17
14057,2025-06-19,376,517,5,1509.96,0.1
14058,2025-06-13,215,566,5,362.73,0.09
14059,2025-07-27,249,567,2,642.13,0.06
14060,2025-09-06,124,531,4,11544.31,0.08
14061,2025-11-02,503,532,1,23753.43,0.11
14062,2025-11-19,426,501,2,78331.47,0.03
14063,2025-11-09,380,504,3,96028.78,0.18
14064,2025-01-11,233,569,1,546.73,0.05
14065,2025-04-21,576,503,2,63508.74,0.01
14066,2025-12-28,268,598,2,4490.82,0.02
14067,2025-10-08,456,549,1,22361.01,0.19
14068,2025-06-09,384,595,5,3772.78,0.03
14069,2025-12-17,443,554,4,29332.47,0.17
14070,2025-09-28,471,543,2,14656.92,0.02
14071,2025-08-04,225,528,3,13324.21,0.13
14072,2025-01-28,450,534,2,36138.97,0.02
14073,2025-05-23,447,534,1,37831.29,0.03
14074,2025-05-27,516,528,3,15108.44,0.19
14075,2025-11-27,313,582,4,593.33,0.0
14076,2025-06-05,524,525,3,2330.41,0.15
14077,2025-06-24,133,594,3,556.08,0.11
14078,2025-07-19,191,528,1,16296.0,0.13
14079,2025-07-03,389,577,2,380.9,0.13
14080,2025-08-02,184,600,4,1113.59,0.08
14081,2025-02-23,329,578,4,875.0,0.2
14082,2025-09-01,563,503,3,71508.82,0.09
14083,2025-04-07,421,501,3,80006.24,0.15
14084,2025-02-14,238,504,2,98529.92,0.15
14085,2025-07-07,496,583,4,1093.76,0.18
14086,2025-11-26,467,528,2,14287.16,0.09
14087,2025-06-09,122,589,5,319.11,0.09
14088,2025-08-01,376,533,5,38353.0,0.02
14089,2025-02-15,283,539,1,10726.63,0.18
14090,2025-11-28,482,560,5,18650.76,0.07
14091,2025-01-25,314,560,5,20006.6,0.08
14092,2025-03-09,553,511,1,16980.22,0.09
14093,2025-03-17,139,555,2,9290.53,0.02
14094,2025-06-24,219,599,1,542.63,0.14
14095,2025-06-08,510,503,4,59854.1,0.19
14096,2025-11-27,586,568,3,592.23,0.13
14097,2025-02-22,402,504,5,100646.56,0.1
14098,2025-05-03,594,581,5,609.86,0.01
14099,2025-10-27,235,572,2,231.58,0.16
14100,2025-08-28,484,538,1,43049.51,0.01
14101,2025-04-16,410,512,5,22550.58,0.1
14102,2025-07-28,360,593,2,191.34,0.02
14103,2025-01-15,215,557,4,14786.61,0.06
14104,2025-01-10,389,522,2,7921.1,0.12
14105,2025-11-01,245,578,1,790.66,0.0
14106,2025-06-10,168,564,5,672.3,0.11
14107,2025-02-11,323,558,5,3846.38,0.1
14108,2025-08-17,589,506,4,55043.21,0.06
14109,2025-03-23,291,505,1,90688.81,0.01
14110,2025-03-18,319,580,5,285.13,0.12
14111,2025-12-07,575,547,1,6006.05,0.17
14112,2025-02-03,550,509,5,48543.52,0.12
14113,2025-04-16,455,541,2,4716.97,0.11
14114,2025-12-02,103,575,2,442.01,0.07
14115,2025-05-06,420,548,4,14803.94,0.15
14116,2025-02-02,532,540,2,21803.86,0.19
14117,2025-11-02,383,559,3,14882.52,0.04
14118,2025-02-08,173,528,4,16507.72,0.04
14119,2025-01-09,471,523,4,3414.33,0.03
14120,2025-02-06,232,531,3,11443.67,0.17
14121,2025-06-14,147,516,3,991.78,0.14
14122,2025-03-01,578,549,2,26932.61,0.17
14123,2025-05-27,124,528,3,14372.45,0.17
14124,2025-12-28,160,528,4,15315.76,0.01
14125,2025-12-13,140,563,5,362.49,0.11
14126,2025-04-03,560,540,1,22659.42,0.14
14127,2025-02-19,120,560,1,21221.06,0.05
14128,2025-11-26,145,556,4,12133.08,0.0
14129,2025-05-01,279,541,4,5562.99,0.14
14130,2025-01-13,363,532,1,23523.8,0.04
14131,2025-08-28,473,591,4,633.26,0.17
14132,2025-07-18,527,586,4,791.54,0.01
14133,2025-10-11,465,513,1,36286.37,0.06
14134,2025-09-14,316,582,4,578.7,0.04
14135,2025-07-21,443,548,4,15329.15,0.03
14136,2025-07-27,489,560,3,22330.15,0.06
14137,2025-12-17,525,541,1,5536.71,0.07
14138,2025-10-25,439,543,4,13409.71,0.07
14139,2025-11-30,250,558,4,3636.14,0.16
14140,2025-01-08,266,501,1,78421.14,0.09
14141,2025-05-01,387,536,2,27114.45,0.18
14142,2025-10-07,517,582,5,525.55,0.08
14143,2025-08-25,468,549,4,21920.95,0.0
14144,2025-05-23,258,577,4,344.59,0.02
14145,2025-02-06,269,565,3,207.04,0.16
14146,2025-11-24,324,528,2,15239.49,0.13
14147,2025-01-13,541,512,4,24064.17,0.04
14148,2025-04-22,248,558,4,3725.21,0.19
14149,2025-04-22,438,553,5,30587.67,0.14
14150,2025-08-28,441,568,1,638.74,0.01
14151,2025-09-15,515,560,3,20993.99,0.14
14152,2025-02-26,116,516,2,907.59,0.03
14153,2025-02-10,138,599,2,659.54,0.14
14154,2025-11-27,389,592,5,329.99,0.17
14155,2025-01-13,559,590,2,252.8,0.11
14156,2025-11-20,253,576,3,421.15,0.13
14157,2025-04-05,304,598,3,4346.08,0.18
14158,2025-02-26,555,532,1,20750.01,0.18
14159,2025-04-14,426,503,2,65208.49,0.09
14160,2025-09-11,244,594,3,492.57,0.18
14161,2025-05-10,344,590,4,218.64,0.09
14162,2025-01-13,348,562,5,14055.65,0.11
14163,2025-10-07,224,503,1,65574.1,0.19
14164,2025-01-22,135,582,5,536.65,0.16
14165,2025-03-21,213,564,5,546.79,0.07
14166,2025-07-03,587,548,4,12975.45,0.18
14167,2025-05-23,475,545,5,10459.52,0.08
14168,2025-08-02,294,588,4,1229.04,0.16
14169,2025-07-12,280,567,2,769.26,0.11
14170,2025-01-03,418,522,3,9064.52,0.12
14171,2025-04-27,317,531,4,9789.13,0.12
14172,2025-05-24,527,514,5,47564.35,0.17
14173,2025-09-12,217,568,5,572.57,0.16
14174,2025-03-11,540,584,2,946.85,0.1
14175,2025-07-01,346,583,1,941.0,0.07
14176,2025-10-14,531,545,3,10967.37,0.11
14177,2025-08-07,471,533,3,36627.71,0.03
14178,2025-06-18,115,558,4,3845.9,0.13
14179,2025-05-11,240,518,2,3495.76,0.18
14180,2025-05-22,557,515,4,59327.55,0.01
14181,2025-10-13,246,521,1,5381.02,0.04
14182,2025-01-31,296,569,5,489.18,0.0
14183,2025-09-15,185,574,1,325.57,0.0
14184,2025-04-26,311,530,4,4323.81,0.15
14185,2025-10-09,517,597,2,5346.53,0.05
14186,2025-08-18,469,586,5,765.42,0.02
14187,2025-02-05,458,539,1,10665.31,0.15
14188,2025-08-10,523,558,4,3062.06,0.15
14189,2025-01-02,302,588,2,1193.75,0.02
14190,2025-05-13,195,595,5,3275.96,0.17
14191,2025-07-16,505,574,4,303.06,0.14
14192,2025-03-11,190,510,1,135434.27,0.05
14193,2025-07-25,438,512,5,28635.79,0.1
14194,2025-07-28,485,573,3,370.5,0.07
14195,2025-05-13,108,521,2,5263.67,0.05
14196,2025-05-25,113,503,5,73487.35,0.14
14197,2025-06-14,175,592,2,340.2,0.15
14198,2025-12-31,421,592,4,339.54,0.06
14199,2025-07-13,421,573,4,338.15,0.04
14200,2025-05-10,560,582,4,565.91,0.04
14201,2025-04-21,134,595,3,3232.02,0.16
14202,2025-05-16,583,570,3,3016.39,0.2
14203,2025-04-12,169,581,2,735.14,0.05
14204,2025-05-31,565,548,5,15763.16,0.15
14205,2025-11-17,174,551,1,10737.08,0.19
14206,2025-04-20,450,583,2,1189.71,0.06
14207,2025-09-02,548,587,3,701.53,0.05
14208,2025-12-17,535,585,3,542.74,0.17
14209,2025-02-21,141,579,3,472.91,0.02
14210,2025-10-15,164,586,3,730.5,0.02
14211,2025-09-17,585,542,3,9231.04,0.15
14212,2025-09-06,123,575,5,523.23,0.01
14213,2025-05-06,101,511,1,15343.15,0.04
14214,2025-02-12,430,504,5,90314.03,0.11
14215,2025-11-11,294,586,1,673.07,0.16
14216,2025-09-14,518,585,5,627.32,0.09
14217,2025-07-02,151,522,4,10097.05,0.04
14218,2025-12-08,546,533,5,31217.26,0.05
14219,2025-05-27,409,545,2,10858.73,0.12
14220,2025-10-10,266,510,2,104092.39,0.06
14221,2025-07-29,362,566,5,426.39,0.11
14222,2025-09-11,510,584,5,958.56,0.11
14223,2025-09-27,195,550,1,11457.47,0.06
14224,2025-06-24,523,517,3,1800.1,0.18
14225,2025-05-26,296,536,3,26960.3,0.02
14226,2025-09-15,595,581,2,744.21,0.03
14227,2025-04-21,384,568,5,578.05,0.15
14228,2025-01-12,303,571,2,187.49,0.15
14229,2025-12-28,525,510,4,102981.97,0.0
14230,2025-05-27,257,585,1,567.95,0.19
14231,2025-12-10,329,548,1,13542.51,0.19
14232,2025-01-03,245,539,5,11851.4,0.1
14233,2025-03-31,275,553,1,37721.9,0.18
14234,2025-07-27,533,539,5,10773.08,0.03
14235,2025-04-24,392,597,4,4832.37,0.2
14236,2025-04-22,185,599,3,548.91,0.1
14237,2025-02-16,148,597,5,4964.75,0.02
14238,2025-06-26,376,574,4,292.64,0.16
14239,2025-12-06,158,546,1,7287.28,0.01
14240,2025-12-13,207,565,4,237.67,0.01
14241,2025-01-25,303,556,3,12702.65,0.06
14242,2025-11-25,433,599,2,705.63,0.0
14243,2025-05-04,200,529,2,2447.22,0.15
14244,2025-02-23,544,504,4,100902.45,0.16
14245,2025-12-22,175,532,1,23348.22,0.15
14246,2025-11-28,381,553,4,38180.2,0.1
14247,2025-10-17,555,592,2,325.41,0.07
14248,2025-05-01,567,599,3,582.98,0.09
14249,2025-03-10,278,534,4,40069.3,0.08
14250,2025-02-20,184,600,4,948.42,0.1
14251,2025-10-13,510,565,3,229.92,0.08
14252,2025-08-07,177,551,5,13505.39,0.1
14253,2025-11-10,361,566,4,449.09,0.02
14254,2025-04-22,543,557,2,15365.86,0.08
14255,2025-12-07,421,547,4,6432.03,0.09
14256,2025-11-06,342,571,5,173.51,0.04
14257,2025-08-30,295,504,4,83609.33,0.14
14258,2025-02-08,392,535,4,17127.28,0.18
14259,2025-04-29,154,501,3,83423.55,0.14
14260,2025-12-31,515,573,1,365.58,0.03
14261,2025-05-11,523,509,5,45882.07,0.2
14262,2025-09-09,299,595,3,3705.11,0.19
14263,2025-01-27,240,511,3,18722.77,0.11
14264,2025-02-02,257,529,4,2759.58,0.03
14265,2025-02-05,319,580,1,233.06,0.09
14266,2025-01-13,252,586,4,692.8,0.07
14267,2025-10-01,243,542,1,9448.96,0.05
14268,2025-07-27,202,563,3,382.46,0.13
14269,2025-03-05,481,544,5,27723.82,0.18
14270,2025-04-15,180,512,2,21804.12,0.0
14271,2025-08-13,520,518,4,3613.25,0.18
14272,2025-06-19,426,547,4,6590.78,0.11
14273,2025-09-25,215,516,1,1105.34,0.19
14274,2025-10-29,152,548,5,14594.93,0.19
14275,2025-11-11,594,572,3,226.63,0.19
14276,2025-08-19,289,562,2,12814.8,0.01
14277,2025-06-17,196,509,2,55365.46,0.08
14278,2025-02-19,552,547,2,6872.67,0.02
14279,2025-02-10,440,554,5,27370.82,0.03
14280,2025-05-29,228,599,2,542.86,0.16
14281,2025-12-13,189,526,4,7416.33,0.08
14282,2025-01-17,165,582,1,608.91,0.09
14283,2025-07-02,428,526,1,7551.89,0.06
14284,2025-06-23,585,535,2,14867.92,0.06
14285,2025-11-11,101,541,4,4229.2,0.1
14286,2025-03-13,337,549,2,28192.75,0.19
14287,2025-12-06,479,595,3,3183.52,0.19
14288,2025-11-24,260,502,1,66192.7,0.16
14289,2025-07-05,135,559,3,13684.54,0.18
14290,2025-06-02,239,533,2,37276.36,0.0
14291,2025-07-11,407,510,2,113466.77,0.06
14292,2025-01-19,367,539,2,12798.31,0.16
14293,2025-01-22,568,518,3,3661.29,0.11
14294,2025-04-07,585,591,5,617.63,0.2
14295,2025-09-24,252,582,2,556.59,0.2
14296,2025-01-26,472,505,4,86081.91,0.06
14297,2025-04-26,266,579,5,399.9,0.07
14298,2025-11-23,314,562,4,12379.46,0.13
14299,2025-03-07,369,581,5,744.14,0.14
14300,2025-10-14,280,511,5,15235.01,0.13
14301,2025-08-02,575,585,2,563.79,0.17
14302,2025-12-02,461,527,3,10254.68,0.13
14303,2025-03-07,276,589,1,302.32,0.02
14304,2025-08-12,339,528,3,17431.66,0.03
14305,2025-01-09,555,515,5,51645.29,0.03
14306,2025-12-03,522,542,5,8177.89,0.12
14307,2025-07-31,200,564,2,677.5,0.01
14308,2025-11-04,583,557,5,17744.31,0.2
14309,2025-05-07,441,588,4,1339.19,0.11
14310,2025-05-30,459,561,1,10236.86,0.08
14311,2025-04-24,504,556,5,13266.74,0.05
14312,2025-03-26,234,533,5,38182.21,0.01
14313,2025-09-14,421,591,3,678.43,0.16
14314,2025-10-26,476,523,4,2862.64,0.05
14315,2025-08-08,139,547,4,6789.96,0.05
14316,2025-11-01,323,507,4,53440.9,0.14
14317,2025-09-26,508,541,3,5592.86,0.09
14318,2025-04-08,118,540,2,23516.84,0.13
14319,2025-01-02,261,595,4,3475.08,0.05
14320,2025-12-20,349,568,5,559.35,0.2
14321,2025-03-17,327,552,4,19878.77,0.19
14322,2025-06-29,152,575,2,466.85,0.07
14323,2025-12-24,137,560,4,22104.73,0.15
14324,2025-10-13,169,553,5,31420.35,0.16
14325,2025-04-24,156,588,4,1307.53,0.1
14326,2025-01-17,435,592,1,318.83,0.08
14327,2025-05-21,128,531,2,12706.88,0.1
14328,2025-11-02,138,599,2,671.51,0.13
14329,2025-03-23,178,537,3,23296.13,0.04
14330,2025-06-17,497,509,4,53985.91,0.03
14331,2025-05-29,426,573,5,322.4,0.02
14332,2025-08-17,600,507,2,62688.72,0.11
14333,2025-06-22,472,515,2,51470.74,0.2
14334,2025-09-24,346,575,5,502.38,0.11
14335,2025-08-11,471,539,4,11469.08,0.17
14336,2025-02-03,400,575,2,495.04,0.02
14337,2025-06-28,453,515,5,63467.25,0.17
14338,2025-11-05,125,502,2,68091.78,0.13
14339,2025-06-11,111,575,5,423.17,0.16
14340,2025-03-17,221,526,3,8402.98,0.16
14341,2025-05-17,422,508,1,77928.01,0.03
14342,2025-07-18,590,546,4,7259.21,0.18
14343,2025-05-19,238,508,1,90555.45,0.13
14344,2025-11-10,535,592,2,302.93,0.09
14345,2025-01-03,223,520,2,2443.32,0.05
14346,2025-07-15,399,533,2,37561.2,0.2
14347,2025-01-03,419,576,4,405.23,0.04
14348,2025-11-24,424,582,2,611.37,0.2
14349,2025-01-10,593,561,1,9872.37,0.16
14350,2025-12-13,522,583,3,1152.9,0.18
14351,2025-04-15,106,573,1,330.48,0.0
14352,2025-01-03,171,531,1,10258.02,0.06
14353,2025-10-09,490,550,3,9951.39,0.14
14354,2025-02-21,521,523,5,3272.8,0.04
14355,2025-11-12,534,575,5,454.33,0.12
14356,2025-09-27,600,596,5,3952.54,0.09
14357,2025-10-05,537,589,4,357.42,0.15
14358,2025-01-11,473,504,2,90320.0,0.07
14359,2025-10-30,468,574,3,343.97,0.05
14360,2025-06-09,314,512,5,26275.64,0.13
14361,2025-05-24,115,527,2,9545.16,0.15
14362,2025-01-29,518,542,5,8153.66,0.12
14363,2025-02-11,209,503,2,66182.05,0.05
14364,2025-08-15,578,558,3,3186.16,0.04
14365,2025-07-11,296,551,5,12927.92,0.1
14366,2025-06-07,518,577,3,396.82,0.02
14367,2025-05-15,374,555,3,8472.52,0.09
14368,2025-12-04,254,579,4,366.04,0.02
14369,2025-09-07,123,550,4,10094.67,0.18
14370,2025-12-10,188,552,4,24335.37,0.11
14371,2025-09-14,357,571,4,180.2,0.15
14372,2025-12-08,462,503,2,70360.31,0.19
14373,2025-01-25,332,581,3,672.83,0.18
14374,2025-01-04,117,580,4,283.29,0.16
14375,2025-06-04,253,528,3,14206.43,0.04
14376,2025-07-13,291,600,1,937.05,0.19
14377,2025-09-01,233,529,5,2844.6,0.04
14378,2025-09-30,454,568,4,502.86,0.11
14379,2025-02-20,576,592,5,341.55,0.01
14380,2025-08-14,134,573,5,376.89,0.06
14381,2025-10-10,160,595,1,3780.72,0.02
14382,2025-10-20,173,532,1,19915.08,0.14
14383,2025-02-11,263,525,2,2217.45,0.14
14384,2025-01-08,138,504,4,94997.79,0.18
14385,2025-11-30,443,523,2,3072.76,0.1
14386,2025-10-23,382,504,3,101712.27,0.01
14387,2025-06-01,354,515,4,60724.92,0.18
14388,2025-07-26,333,594,3,529.39,0.0
14389,2025-09-29,159,556,1,14117.28,0.12
14390,2025-10-11,418,561,1,10406.34,0.15
14391,2025-11-29,368,576,1,456.46,0.05
14392,2025-07-02,145,592,1,323.58,0.13
14393,2025-12-26,566,596,5,3974.01,0.01
14394,2025-07-11,165,541,3,4466.44,0.17
14395,2025-05-01,485,585,1,651.29,0.2
14396,2025-06-09,374,578,1,959.09,0.1
14397,2025-01-24,269,594,2,514.66,0.04
14398,2025-02-04,374,526,1,8247.81,0.08
14399,2025-11-12,171,524,2,5470.6,0.1
14400,2025-01-23,403,543,4,11808.24,0.04
14401,2025-05-11,413,552,3,24890.49,0.08
14402,2025-12-22,175,553,1,31092.28,0.17
14403,2025-11-07,511,549,5,24223.77,0.15
14404,2025-09-28,410,577,5,341.32,0.01
14405,2025-05-04,193,521,1,4734.93,0.14
14406,2025-12-05,265,543,4,15158.41,0.07
14407,2025-05-25,124,535,4,17705.92,0.18
14408,2025-09-21,274,556,5,13674.55,0.12
14409,2025-01-04,256,503,3,69860.15,0.11
14410,2025-01-27,115,533,4,38276.85,0.03
14411,2025-09-05,281,503,5,61660.56,0.13
14412,2025-01-30,366,533,3,34919.11,0.06
14413,2025-01-21,441,530,5,4029.95,0.15
14414,2025-12-13,351,558,5,3544.57,0.09
14415,2025-04-07,146,516,1,998.39,0.07
14416,2025-12-30,575,514,5,50697.59,0.06
14417,2025-03-11,443,597,3,5885.34,0.1
14418,2025-12-05,535,582,5,535.75,0.13
14419,2025-12-14,172,507,4,59475.51,0.09
14420,2025-04-29,259,554,4,30357.81,0.01
14421,2025-02-13,499,549,5,23803.31,0.13
14422,2025-05-17,336,549,3,26412.17,0.2
14423,2025-02-01,398,551,4,12659.42,0.11
14424,2025-06-28,587,545,5,9739.95,0.09
14425,2025-03-05,540,562,4,14203.03,0.03
14426,2025-02-26,253,583,4,1037.62,0.01
14427,2025-08-10,178,518,3,3395.79,0.05
14428,2025-11-19,576,570,3,2824.61,0.1
14429,2025-04-25,260,509,4,52332.31,0.17
14430,2025-03-06,500,583,4,1124.25,0.03
14431,2025-03-06,556,579,5,413.81,0.06
14432,2025-09-07,352,525,4,2872.0,0.05
14433,2025-10-10,277,594,5,433.77,0.17
14434,2025-10-06,535,563,4,329.62,0.07
14435,2025-10-04,581,560,5,17710.69,0.07
14436,2025-10-19,558,553,2,37716.47,0.06
14437,2025-04-02,248,597,2,5593.81,0.08
14438,2025-09-13,365,594,2,437.29,0.15
14439,2025-03-09,269,514,2,44294.64,0.2
14440,2025-07-24,126,522,1,8157.05,0.18
14441,2025-05-31,386,598,1,4479.45,0.09
14442,2025-04-10,411,600,5,1069.75,0.14
14443,2025-12-05,399,559,1,14087.56,0.2
14444,2025-11-22,418,546,2,7571.27,0.1
14445,2025-08-02,567,548,3,13545.3,0.07
14446,2025-06-09,406,561,5,10800.44,0.13
14447,2025-07-18,204,559,3,13904.67,0.05
14448,2025-05-17,197,544,2,26254.01,0.17
14449,2025-11-29,355,533,5,32735.83,0.09
14450,2025-01-19,499,542,2,9955.65,0.05
14451,2025-05-18,406,575,5,510.26,0.14
14452,2025-10-12,342,593,1,185.13,0.14
14453,2025-04-22,596,599,4,556.5,0.02
14454,2025-02-22,489,545,2,11228.44,0.03
14455,2025-04-03,275,542,1,9362.66,0.1
14456,2025-09-18,134,536,2,27128.38,0.09
14457,2025-10-23,556,522,5,10337.02,0.01
14458,2025-09-19,295,564,3,548.64,0.06
14459,2025-08-07,135,527,1,8928.48,0.17
14460,2025-09-16,177,554,3,32209.95,0.18
14461,2025-03-05,293,588,2,1201.27,0.08
14462,2025-08-18,591,542,5,9698.21,0.05
14463,2025-12-25,376,545,5,9095.26,0.16
14464,2025-11-10,174,563,1,382.48,0.05
14465,2025-08-27,199,511,3,19058.17,0.02
14466,2025-04-03,554,569,2,466.02,0.11
14467,2025-07-20,382,552,1,19421.28,0.06
14468,2025-10-13,443,591,2,663.27,0.12
14469,2025-09-21,564,531,2,10660.09,0.18
14470,2025-05-17,198,593,1,229.32,0.13
14471,2025-11-25,485,546,5,6346.82,0.11
14472,2025-06-12,531,532,1,21328.29,0.12
14473,2025-06-08,524,552,1,23987.43,0.1
14474,2025-07-04,419,530,4,3980.76,0.08
14475,2025-10-11,424,589,2,328.98,0.04
14476,2025-04-18,392,532,3,19980.28,0.06
14477,2025-09-24,268,573,4,390.81,0.12
14478,2025-05-12,438,521,1,4776.45,0.19
14479,2025-01-17,264,585,3,690.25,0.09
14480,2025-06-27,355,571,1,144.68,0.12
14481,2025-10-24,582,552,2,24943.54,0.17
14482,2025-03-06,495,539,5,9856.59,0.16
14483,2025-07-17,115,516,3,1042.4,0.17
14484,2025-05-29,417,543,2,13498.64,0.18
14485,2025-06-20,433,555,1,7340.5,0.19
14486,2025-08-18,294,563,3,358.46,0.18
14487,2025-05-31,164,576,4,476.2,0.02
14488,2025-07-28,214,581,5,752.03,0.09
14489,2025-09-23,457,581,1,660.27,0.19
14490,2025-01-05,378,523,2,3296.61,0.17
14491,2025-01-18,306,558,2,3630.51,0.15
14492,2025-01-16,160,525,4,2440.12,0.07
14493,2025-09-13,172,552,2,20494.55,0.17
14494,2025-05-11,420,599,4,644.06,0.09
14495,2025-11-09,583,562,3,11562.42,0.18
14496,2025-11-21,260,579,4,390.19,0.05
14497,2025-10-24,230,521,1,5250.9,0.16
14498,2025-02-23,357,599,1,600.9,0.02
14499,2025-06-08,163,507,3,48608.38,0.08
14500,2025-07-16,349,503,3,67181.48,0.07
14501,2025-05-24,442,534,5,44135.86,0.02
14502,2025-08-18,226,554,2,27525.92,0.03
14503,2025-03-03,257,518,1,3337.46,0.06
14504,2025-09-30,126,553,2,33659.14,0.12
14505,2025-09-14,492,589,1,372.72,0.03
14506,2025-05-31,546,584,1,945.11,0.16
14507,2025-11-29,480,525,1,2643.99,0.17
14508,2025-07-14,464,566,1,469.44,0.09
14509,2025-06-29,273,598,5,4513.78,0.15
14510,2025-10-25,294,576,2,390.28,0.13
14511,2025-08-23,333,537,3,24428.2,0.1
14512,2025-05-14,594,564,5,631.22,0.13
14513,2025-07-23,110,549,3,28468.1,0.13
14514,2025-07-18,176,559,2,15248.61,0.09
14515,2025-02-15,364,594,2,473.53,0.09
14516,2025-10-13,175,552,3,20123.93,0.17
14517,2025-08-20,507,563,4,328.52,0.01
14518,2025-04-28,167,575,1,467.04,0.11
14519,2025-12-13,500,582,5,630.86,0.05
14520,2025-07-20,401,551,4,11299.53,0.17
14521,2025-12-27,180,588,4,1104.3,0.14
14522,2025-08-19,489,503,4,66213.85,0.05
14523,2025-01-21,104,555,3,7939.32,0.01
14524,2025-07-09,448,527,1,10023.81,0.04
14525,2025-05-07,384,549,4,23025.26,0.01
14526,2025-10-24,169,509,5,45501.63,0.01
14527,2025-07-09,154,566,2,443.66,0.02
14528,2025-03-18,347,557,3,19036.5,0.09
14529,2025-07-20,172,528,3,14978.72,0.11
14530,2025-03-29,530,529,5,2395.19,0.12
14531,2025-12-12,536,588,1,1323.82,0.13
14532,2025-07-10,208,563,1,370.67,0.16
14533,2025-01-08,415,575,5,529.82,0.18
14534,2025-02-27,524,549,2,28233.09,0.12
14535,2025-09-03,381,582,5,572.29,0.16
14536,2025-12-18,287,551,5,13575.65,0.06
14537,2025-05-18,209,542,4,8899.07,0.05
14538,2025-03-22,394,550,1,11741.06,0.14
14539,2025-07-12,405,506,1,56198.19,0.0
14540,2025-04-04,293,555,1,8413.49,0.01
14541,2025-01-17,227,521,1,4438.43,0.07
14542,2025-04-09,326,515,4,57807.04,0.03
14543,2025-11-06,448,544,2,24958.85,0.16
14544,2025-11-14,437,545,5,9332.39,0.11
14545,2025-01-25,232,535,5,16583.49,0.08
14546,2025-08-11,599,555,4,7259.45,0.01
14547,2025-10-13,186,595,4,3650.19,0.15
14548,2025-05-10,395,571,5,189.83,0.07
14549,2025-11-25,334,517,4,1813.01,0.2
14550,2025-03-17,515,530,2,4393.48,0.06
14551,2025-01-30,477,502,4,61196.34,0.06
14552,2025-11-04,583,554,4,29352.96,0.14
14553,2025-10-04,321,535,4,16626.42,0.14
14554,2025-03-16,464,515,4,63995.63,0.1
14555,2025-10-18,558,539,5,12778.4,0.08
14556,2025-06-23,180,501,4,82635.71,0.18
14557,2025-10-09,136,545,4,9675.68,0.04
14558,2025-12-02,314,562,3,12323.64,0.1
14559,2025-05-07,331,557,1,16301.61,0.04
14560,2025-06-18,167,558,2,3518.37,0.03
14561,2025-02-11,482,525,3,2459.19,0.14
14562,2025-07-20,400,581,2,694.7,0.01
14563,2025-09-09,361,508,3,94941.46,0.12
14564,2025-06-01,338,504,4,92444.14,0.15
14565,2025-08-16,136,594,3,506.88,0.16
14566,2025-07-26,395,505,1,86487.42,0.04
14567,2025-06-17,176,559,4,14573.56,0.07
14568,2025-08-25,149,516,5,1026.7,0.19
14569,2025-01-16,262,569,5,516.64,0.04
14570,2025-12-24,371,543,2,14354.71,0.06
14571,2025-06-05,549,513,3,44441.27,0.03
14572,2025-07-22,523,575,1,441.88,0.18
14573,2025-11-22,505,541,1,4703.37,0.14
14574,2025-10-26,201,558,4,3752.47,0.07
14575,2025-09-20,165,521,1,5134.56,0.19
14576,2025-06-10,493,546,2,6550.88,0.01
14577,2025-12-27,194,530,5,4730.07,0.11
14578,2025-02-09,184,509,2,47821.71,0.19
14579,2025-10-21,211,512,1,27523.0,0.13
14580,2025-03-01,328,575,4,488.77,0.1
14581,2025-09-20,547,578,5,780.37,0.04
14582,2025-05-22,554,517,4,1722.27,0.04
14583,2025-03-12,432,529,5,2421.96,0.11
14584,2025-10-17,389,533,3,36953.47,0.13
14585,2025-09-11,452,516,4,998.58,0.17
14586,2025-12-06,530,543,5,12476.17,0.08
14587,2025-07-31,147,566,1,439.05,0.1
14588,2025-07-19,167,526,5,8046.62,0.08
14589,2025-09-21,406,540,3,18513.7,0.01
14590,2025-06-26,148,538,3,45405.97,0.11
14591,2025-12-09,405,528,3,16585.79,0.01
14592,2025-04-05,390,584,4,760.58,0.02
14593,2025-04-29,233,569,1,529.97,0.16
14594,2025-01-16,294,592,3,315.51,0.13
14595,2025-02-13,407,548,3,13959.32,0.03
14596,2025-07-05,367,547,3,7855.83,0.14
14597,2025-01-05,389,584,2,851.87,0.06
14598,2025-11-11,101,564,1,654.14,0.08
14599,2025-11-27,167,574,2,333.06,0.12
14600,2025-12-08,561,512,3,23086.41,0.06
14601,2025-02-01,142,527,5,8080.9,0.03
14602,2025-01-17,169,563,5,367.85,0.03
14603,2025-06-02,523,531,1,12258.93,0.12
14604,2025-06-30,218,553,5,33419.45,0.09
14605,2025-02-10,348,581,5,637.56,0.07
14606,2025-07-15,114,586,4,854.23,0.11
14607,2025-01-29,256,551,3,10359.61,0.06
14608,2025-07-29,449,597,3,5333.6,0.06
14609,2025-09-11,232,544,1,22087.54,0.08
14610,2025-02-19,441,587,5,747.84,0.15
14611,2025-12-25,580,530,4,4463.63,0.15
14612,2025-11-10,370,505,2,97815.88,0.12
14613,2025-01-04,554,513,3,37272.83,0.05
14614,2025-05-07,200,530,3,4430.81,0.01
14615,2025-05-24,479,560,1,22196.05,0.07
14616,2025-03-08,208,570,3,2764.41,0.03
14617,2025-02-22,367,533,2,33209.17,0.04
14618,2025-02-10,274,533,4,38855.23,0.06
14619,2025-01-18,596,569,2,500.57,0.04
14620,2025-09-03,348,560,3,21636.11,0.06
14621,2025-04-16,574,510,3,122224.65,0.08
14622,2025-10-03,351,553,4,31461.73,0.14
14623,2025-11-09,530,581,3,734.62,0.18
14624,2025-12-22,517,525,1,2446.48,0.02
14625,2025-08-19,343,503,5,63977.88,0.02
14626,2025-12-22,597,571,3,178.93,0.15
14627,2025-12-13,191,540,1,23240.15,0.16
14628,2025-04-17,361,596,3,4466.62,0.05
14629,2025-04-28,406,522,5,8325.02,0.16
14630,2025-09-12,514,583,3,1140.79,0.16
14631,2025-11-30,283,511,4,15757.29,0.16
14632,2025-11-03,112,569,5,450.07,0.0
14633,2025-08-22,392,588,2,1240.74,0.02
14634,2025-01-21,454,502,2,71667.44,0.11
14635,2025-08-28,217,596,2,3930.34,0.03
14636,2025-08-09,187,535,5,18473.43,0.07
14637,2025-02-27,522,595,2,3497.24,0.02
14638,2025-06-09,536,600,2,919.42,0.16
14639,2025-12-14,365,530,4,4594.35,0.03
14640,2025-12-29,560,583,1,1147.09,0.05
14641,2025-04-27,286,585,2,597.85,0.03
14642,2025-01-22,495,523,3,2730.11,0.12
14643,2025-03-07,195,526,3,8186.67,0.0
14644,2025-11-14,144,572,5,268.54,0.06
14645,2025-04-21,585,501,2,74786.2,0.04
14646,2025-04-05,568,587,3,650.7,0.16
14647,2025-09-10,458,526,2,7790.34,0.06
14648,2025-11-08,328,543,4,14443.51,0.12
14649,2025-08-28,101,550,2,10070.0,0.15
14650,2025-09-29,282,508,3,72335.26,0.05
14651,2025-09-28,276,582,4,593.91,0.01
14652,2025-07-17,196,525,5,2275.74,0.1
14653,2025-05-30,181,503,4,68680.34,0.03
14654,2025-03-08,414,555,2,7262.95,0.04
14655,2025-03-07,177,534,3,38200.06,0.16
14656,2025-11-12,214,521,5,4447.87,0.18
14657,2025-08-15,430,569,3,480.44,0.03
14658,2025-08-22,444,538,3,52335.65,0.11
14659,2025-06-20,332,503,1,63482.3,0.14
14660,2025-04-15,485,554,5,34658.96,0.17
14661,2025-12-20,263,501,5,74179.58,0.12
14662,2025-06-02,360,557,1,17754.35,0.0
14663,2025-04-11,263,551,3,11893.7,0.07
14664,2025-12-01,129,578,3,902.88,0.12
14665,2025-11-05,212,510,2,128471.14,0.09
14666,2025-04-01,409,509,3,45764.26,0.03
14667,2025-01-01,117,505,3,97329.99,0.17
14668,2025-12-12,397,510,1,109981.97,0.13
14669,2025-10-20,437,512,4,23613.29,0.12
14670,2025-01-26,554,504,4,99939.83,0.04
14671,2025-05-08,377,541,5,4806.8,0.2
14672,2025-11-25,340,556,4,14003.46,0.13
14673,2025-05-14,101,583,4,946.55,0.0
14674,2025-03-28,223,574,3,303.35,0.17
14675,2025-09-11,389,527,5,9641.83,0.02
14676,2025-04-01,399,526,1,8159.62,0.01
14677,2025-11-14,456,514,3,47937.79,0.13
14678,2025-11-20,102,506,1,57934.62,0.12
14679,2025-04-27,143,584,1,923.09,0.08
14680,2025-01-06,293,581,5,714.9,0.17
14681,2025-11-28,478,564,2,619.27,0.1
14682,2025-02-04,269,535,2,16532.54,0.09
14683,2025-02-04,520,580,1,244.8,0.2
14684,2025-08-29,122,517,4,1478.63,0.17
14685,2025-02-22,577,565,1,185.58,0.11
14686,2025-10-30,305,587,1,635.41,0.15
14687,2025-05-13,514,517,2,1545.23,0.0
14688,2025-05-21,293,566,3,377.72,0.0
14689,2025-09-30,400,525,2,2529.8,0.16
14690,2025-10-13,288,520,3,2785.26,0.18
14691,2025-07-30,594,573,1,371.27,0.14
14692,2025-04-02,556,528,1,16602.91,0.19
14693,2025-05-06,282,530,3,3603.12,0.09
14694,2025-10-09,413,593,4,216.25,0.17
14695,2025-12-21,286,511,2,15109.15,0.0
14696,2025-02-11,306,547,3,7215.56,0.09
14697,2025-04-15,410,552,4,23816.99,0.08
14698,2025-05-16,230,559,2,14748.97,0.2
14699,2025-08-24,575,590,5,260.16,0.12
14700,2025-05-31,151,529,3,2708.34,0.19
14701,2025-07-08,209,502,5,54318.9,0.18
14702,2025-07-25,454,548,4,14907.4,0.07
14703,2025-12-22,596,506,4,47542.56,0.03
14704,2025-11-18,566,501,5,81619.61,0.16
14705,2025-10-20,348,571,1,190.09,0.03
14706,2025-09-15,388,594,5,532.18,0.18
14707,2025-10-30,478,535,1,15229.11,0.16
14708,2025-04-12,311,531,4,11817.97,0.03
14709,2025-12-20,182,513,5,41635.92,0.17
14710,2025-07-04,595,508,3,86930.91,0.03
14711,2025-08-23,402,505,4,99040.51,0.17
14712,2025-04-06,413,552,1,23709.08,0.16
14713,2025-08-26,490,505,3,99590.52,0.13
14714,2025-06-26,583,523,2,3407.47,0.07
14715,2025-02-06,366,568,1,561.93,0.14
14716,2025-12-16,246,509,3,53077.52,0.02
14717,2025-09-10,106,516,1,985.27,0.07
14718,2025-06-17,260,545,1,11642.54,0.05
14719,2025-05-30,232,526,4,8279.04,0.2
14720,2025-08-01,127,534,5,45167.47,0.15
14721,2025-12-04,324,565,5,218.4,0.14
14722,2025-05-01,478,536,5,29354.13,0.04
14723,2025-12-21,191,556,4,13111.65,0.03
14724,2025-10-24,582,596,2,3555.93,0.06
14725,2025-03-07,519,594,5,541.71,0.08
14726,2025-01-26,513,590,2,243.21,0.15
14727,2025-04-28,568,590,4,237.87,0.15
14728,2025-10-14,218,579,4,456.28,0.01
14729,2025-08-07,495,533,4,39935.29,0.14
14730,2025-06-21,259,513,4,43900.18,0.1
14731,2025-04-13,317,530,4,4734.14,0.01
14732,2025-03-08,288,557,3,17266.53,0.03
14733,2025-06-29,508,570,5,3082.45,0.09
14734,2025-07-09,392,563,1,318.08,0.01
14735,2025-12-03,350,536,4,32876.75,0.13
14736,2025-09-27,440,516,2,857.1,0.1
14737,2025-04-23,221,588,3,1284.71,0.2
14738,2025-06-21,311,526,3,7879.58,0.03
14739,2025-09-25,375,572,2,239.44,0.19
14740,2025-05-13,192,534,1,42034.5,0.11
14741,2025-07-19,420,584,3,766.12,0.15
14742,2025-02-09,423,529,1,2581.75,0.06
14743,2025-12-05,348,577,3,412.56,0.19
14744,2025-06-18,408,589,5,331.27,0.12
14745,2025-11-07,543,529,5,2784.14,0.16
14746,2025-01-15,322,558,4,3587.09,0.11
14747,2025-07-31,382,565,4,231.42,0.17
14748,2025-05-20,230,596,2,3873.86,0.11
14749,2025-09-23,567,502,4,64490.18,0.09
14750,2025-03-21,258,566,2,406.7,0.07
14751,2025-05-02,265,535,4,14782.66,0.03
14752,2025-06-13,501,583,3,905.68,0.03
14753,2025-10-20,221,565,5,201.79,0.13
14754,2025-07-15,343,551,5,12896.16,0.2
14755,2025-01-15,177,533,2,33338.62,0.19
14756,2025-06-07,196,510,1,108384.01,0.08
14757,2025-12-14,526,531,2,10477.64,0.09
14758,2025-12-30,171,558,5,3030.2,0.16
14759,2025-09-25,128,553,2,35570.27,0.06
14760,2025-12-31,592,568,3,554.67,0.11
14761,2025-01-04,317,582,2,543.41,0.17
14762,2025-01-30,351,569,4,463.14,0.17
14763,2025-07-23,369,533,3,34904.68,0.18
14764,2025-05-18,590,502,5,58529.21,0.19
14765,2025-03-08,544,539,3,11316.74,0.2
14766,2025-11-10,446,593,4,207.85,0.13
14767,2025-07-10,273,502,5,60271.0,0.02
14768,2025-03-01,559,522,5,8750.34,0.07
14769,2025-04-26,585,547,3,7664.32,0.15
14770,2025-06-14,316,592,3,283.3,0.02
14771,2025-06-09,420,524,4,5088.07,0.11
14772,2025-09-26,230,561,3,9045.94,0.1
14773,2025-12-22,365,571,2,153.22,0.02
14774,2025-12-19,292,568,1,583.89,0.08
14775,2025-03-08,514,536,2,28772.34,0.02
14776,2025-03-30,598,510,2,104240.18,0.05
14777,2025-08-09,322,572,2,233.97,0.03
14778,2025-05-16,475,558,2,3558.47,0.06
14779,2025-05-25,252,580,1,244.89,0.19
14780,2025-08-07,163,584,1,764.69,0.08
14781,2025-05-09,108,564,2,669.27,0.14
14782,2025-05-17,106,525,3,2816.67,0.12
14783,2025-03-29,479,517,1,1671.49,0.16
14784,2025-09-29,207,533,2,35189.62,0.15
14785,2025-06-14,288,508,1,76820.0,0.03
14786,2025-03-25,548,522,1,8354.24,0.1
14787,2025-11-20,198,568,5,488.86,0.02
14788,2025-06-30,597,595,3,3113.05,0.19
14789,2025-03-14,472,546,2,6300.38,0.03
14790,2025-04-12,113,505,4,104265.13,0.06
14791,2025-05-02,340,517,1,1630.64,0.17
14792,2025-03-14,545,585,4,623.7,0.19
14793,2025-11-19,390,542,5,9236.3,0.17
14794,2025-01-24,328,532,3,22761.31,0.13
14795,2025-10-15,240,517,2,1599.0,0.17
14796,2025-06-16,291,507,2,48974.76,0.14
14797,2025-10-01,195,583,3,1025.86,0.1
14798,2025-07-23,545,540,4,18616.46,0.11
14799,2025-12-12,402,534,3,45175.71,0.04
14800,2025-09-27,563,539,5,10661.28,0.14
14801,2025-09-30,502,556,3,12697.49,0.11
14802,2025-01-27,422,557,2,15913.42,0.14
14803,2025-09-11,240,571,3,178.95,0.1
14804,2025-05-12,532,518,2,3605.97,0.06
14805,2025-11-27,124,514,3,41532.09,0.09
14806,2025-10-06,360,581,5,622.86,0.17
14807,2025-10-28,288,564,2,589.76,0.16
14808,2025-01-29,585,510,5,119547.61,0.01
14809,2025-05-13,208,512,2,26696.19,0.01
14810,2025-07-01,507,551,4,13016.8,0.18
14811,2025-10-29,418,515,3,58229.17,0.2
14812,2025-09-09,386,539,3,9617.42,0.15
14813,2025-12-28,258,577,2,373.69,0.13
14814,2025-03-26,532,574,3,303.83,0.17
14815,2025-04-25,487,561,5,10284.06,0.14
14816,2025-11-16,374,515,5,49944.17,0.15
14817,2025-12-09,582,540,1,23471.69,0.08
14818,2025-04-01,337,545,1,11192.52,0.15
14819,2025-05-28,411,587,2,660.67,0.13
14820,2025-12-20,472,531,1,9833.89,0.13
14821,2025-05-16,555,590,2,227.72,0.2
14822,2025-04-14,261,546,1,6518.87,0.06
14823,2025-06-17,450,549,2,28273.54,0.06
14824,2025-09-27,272,591,4,675.72,0.11
14825,2025-07-27,115,540,5,18935.07,0.18
14826,2025-06-18,318,523,5,3011.22,0.14
14827,2025-11-18,434,564,5,598.36,0.2
14828,2025-06-04,143,552,2,22781.05,0.18
14829,2025-04-09,324,567,3,617.0,0.1
14830,2025-11-26,584,570,4,3353.52,0.13
14831,2025-01-26,496,577,4,438.98,0.03
14832,2025-08-10,578,555,4,7831.33,0.12
14833,2025-05-10,593,590,4,237.38,0.02
14834,2025-11-05,289,598,2,4439.97,0.16
14835,2025-08-11,594,570,1,3361.47,0.05
14836,2025-03-07,116,551,5,13553.47,0.14
14837,2025-11-28,318,504,2,88240.68,0.13
14838,2025-11-07,454,567,1,663.03,0.01
14839,2025-10-16,310,591,1,699.5,0.03
14840,2025-03-01,426,501,1,72769.24,0.17
14841,2025-03-16,488,580,4,242.8,0.14
14842,2025-12-19,566,585,2,700.27,0.03
14843,2025-11-14,299,559,1,17251.03,0.17
14844,2025-08-17,337,582,2,608.24,0.01
14845,2025-07-06,198,534,3,44356.13,0.04
14846,2025-02-26,552,580,1,277.25,0.07
14847,2025-12-07,252,568,3,542.95,0.09
14848,2025-09-26,159,527,3,9385.89,0.16
14849,2025-03-23,234,549,1,24185.79,0.11
14850,2025-12-19,469,505,5,97314.98,0.01
14851,2025-07-12,212,506,2,50762.39,0.17
14852,2025-10-25,476,540,4,23091.44,0.19
14853,2025-02-14,542,564,4,672.06,0.18
14854,2025-01-30,157,518,3,3794.45,0.15
14855,2025-02-19,332,513,1,41886.31,0.15
14856,2025-05-10,563,579,5,452.43,0.19
14857,2025-10-02,342,567,3,759.81,0.15
14858,2025-09-12,461,505,1,99023.41,0.01
14859,2025-01-05,456,521,3,5224.24,0.12
14860,2025-06-04,456,543,1,11907.75,0.1
14861,2025-08-31,173,518,2,3591.32,0.03
14862,2025-03-25,140,576,4,444.5,0.14
14863,2025-05-21,380,592,1,311.12,0.07
14864,2025-02-22,552,523,2,3364.02,0.12
14865,2025-08-02,130,537,4,26139.86,0.12
14866,2025-02-16,297,577,2,394.67,0.14
14867,2025-10-23,262,520,5,2592.31,0.02
14868,2025-04-08,347,563,1,349.21,0.02
14869,2025-03-15,247,574,4,275.53,0.16
14870,2025-04-12,446,575,3,474.76,0.19
14871,2025-04-20,529,592,3,340.16,0.02
14872,2025-04-22,475,586,3,778.58,0.06
14873,2025-07-10,385,587,5,733.0,0.1
14874,2025-04-15,472,552,5,24193.46,0.05
14875,2025-10-17,353,531,4,11098.04,0.06
14876,2025-12-11,309,504,1,92265.95,0.18
14877,2025-01-28,221,507,1,63256.79,0.09
14878,2025-12-31,254,552,4,20811.84,0.13
14879,2025-11-08,247,516,3,1002.69,0.17
14880,2025-07-17,337,529,4,2313.7,0.18
14881,2025-03-28,423,595,2,3333.8,0.04
14882,2025-10-21,544,527,2,9220.66,0.02
14883,2025-03-14,230,561,4,8499.34,0.18
14884,2025-04-07,184,554,3,34672.1,0.19
14885,2025-11-13,372,512,2,22895.69,0.19
14886,2025-08-17,570,520,2,2721.83,0.04
14887,2025-06-08,241,548,1,15479.51,0.05
14888,2025-06-15,105,527,2,9892.02,0.01
14889,2025-12-17,176,597,4,5529.96,0.07
14890,2025-06-30,262,522,3,9493.59,0.06
14891,2025-01-06,468,562,5,13783.39,0.18
14892,2025-02-10,406,512,2,24706.69,0.14
14893,2025-08-11,199,517,4,1575.8,0.18
14894,2025-07-27,250,541,1,4806.9,0.1
14895,2025-12-06,405,588,5,1308.36,0.17
14896,2025-04-10,528,515,4,60260.95,0.02
14897,2025-09-19,201,507,4,51925.44,0.05
14898,2025-02-21,258,583,5,1175.8,0.04
14899,2025-08-27,571,511,5,17232.95,0.06
14900,2025-12-22,101,540,4,23882.78,0.09
14901,2025-06-23,180,524,1,4708.72,0.03
14902,2025-11-26,560,509,2,53833.31,0.18
14903,2025-03-20,514,551,4,12268.03,0.05
14904,2025-12-03,280,505,5,102634.46,0.06
14905,2025-11-25,328,550,3,9317.55,0.16
14906,2025-08-14,123,572,4,245.73,0.14
14907,2025-11-17,265,531,3,12015.66,0.12
14908,2025-02-07,323,581,5,682.99,0.08
14909,2025-06-01,375,592,1,329.78,0.12
14910,2025-02-23,228,587,4,684.53,0.14
14911,2025-01-05,427,516,1,990.11,0.15
14912,2025-11-17,263,600,5,1003.25,0.0
14913,2025-08-23,506,573,5,373.29,0.16
14914,2025-03-29,507,507,1,50539.26,0.08
14915,2025-09-29,522,588,3,1210.9,0.15
14916,2025-06-09,246,551,1,12398.93,0.13
14917,2025-09-11,338,509,3,48446.61,0.1
14918,2025-11-08,373,539,4,11802.73,0.17
14919,2025-07-03,173,536,5,30939.63,0.04
14920,2025-09-15,394,579,4,394.88,0.15
14921,2025-06-10,355,595,2,3977.47,0.18
14922,2025-01-28,295,530,2,4625.66,0.16
14923,2025-09-23,302,564,4,679.98,0.1
14924,2025-07-24,506,524,2,4823.55,0.12
14925,2025-09-07,116,527,4,9292.78,0.1
14926,2025-05-18,419,527,1,9773.5,0.07
14927,2025-09-08,229,580,2,253.76,0.01
14928,2025-05-25,339,586,3,719.93,0.01
14929,2025-07-01,384,547,2,7461.25,0.11
14930,2025-09-10,372,537,2,25355.74,0.06
14931,2025-11-22,431,529,5,2873.68,0.14
14932,2025-12-04,358,593,5,187.18,0.17
14933,2025-02-25,499,597,1,5912.42,0.17
14934,2025-07-06,233,566,5,469.92,0.15
14935,2025-04-02,490,560,4,19511.87,0.15
14936,2025-01-18,552,550,1,11432.65,0.17
14937,2025-03-17,154,504,3,90694.94,0.02
14938,2025-05-27,582,501,1,83795.05,0.02
14939,2025-03-21,260,572,1,219.07,0.13
14940,2025-05-03,284,593,3,229.94,0.12
14941,2025-04-12,352,542,2,10195.6,0.1
14942,2025-03-25,518,523,5,3127.02,0.05
14943,2025-11-26,539,548,2,13907.1,0.15
14944,2025-06-23,428,505,1,96795.69,0.02
14945,2025-11-26,587,569,1,505.09,0.17
14946,2025-11-15,405,555,3,7308.13,0.11
14947,2025-12-26,455,531,4,12138.02,0.17
14948,2025-09-11,544,527,4,7970.7,0.11
14949,2025-07-08,345,530,2,4015.89,0.2
14950,2025-10-13,107,593,3,195.85,0.13
14951,2025-07-13,544,509,3,55844.36,0.05
14952,2025-09-30,245,580,3,280.48,0.0
14953,2025-01-05,258,526,4,7436.16,0.17
14954,2025-05-22,330,582,4,498.54,0.08
14955,2025-07-11,530,504,5,88905.92,0.07
14956,2025-06-26,166,525,5,2683.41,0.1
14957,2025-04-17,276,542,2,8251.44,0.05
14958,2025-02-01,413,512,3,23503.32,0.16
14959,2025-01-11,113,538,1,49494.65,0.07
14960,2025-08-25,368,532,2,23296.03,0.01
14961,2025-08-19,197,583,3,908.57,0.01
14962,2025-08-18,532,564,4,617.54,0.05
14963,2025-07-19,203,508,1,83802.96,0.18
14964,2025-07-01,114,546,4,7202.83,0.0
14965,2025-05-17,543,526,4,8736.61,0.17
14966,2025-11-16,371,571,2,166.07,0.16
14967,2025-04-02,488,566,3,377.42,0.07
14968,2025-08-25,114,539,1,12796.02,0.07
14969,2025-09-17,132,560,5,17020.12,0.1
14970,2025-07-27,322,594,4,520.76,0.14
14971,2025-12-07,263,597,3,5765.43,0.07
14972,2025-08-30,365,538,1,52652.54,0.17
14973,2025-02-16,597,513,3,37514.98,0.12
14974,2025-11-06,184,511,1,17411.52,0.01
14975,2025-08-22,511,505,4,94952.9,0.09
14976,2025-02-21,495,581,3,668.31,0.02
14977,2025-08-07,312,556,5,13111.68,0.02
14978,2025-10-12,518,561,3,11160.45,0.19
14979,2025-03-03,185,510,5,132846.44,0.12
14980,2025-04-30,238,597,5,5369.23,0.01
14981,2025-12-13,597,541,5,4607.5,0.04
14982,2025-06-10,213,558,4,3454.19,0.11
14983,2025-03-23,399,582,5,553.81,0.1
14984,2025-09-22,401,525,3,2813.98,0.03
14985,2025-09-13,508,564,1,666.2,0.15
14986,2025-03-30,182,510,2,106247.21,0.17
14987,2025-11-20,403,527,5,8560.95,0.08
14988,2025-01-02,302,575,5,449.4,0.16
14989,2025-07-01,346,532,5,22133.65,0.13
14990,2025-03-31,470,574,5,326.39,0.02
14991,2025-03-01,367,527,2,8889.21,0.04
14992,2025-09-07,193,539,3,11844.29,0.2
14993,2025-02-19,306,582,1,516.74,0.16
14994,2025-12-04,517,530,3,4768.28,0.05
14995,2025-05-22,111,583,5,1189.97,0.13
14996,2025-12-22,496,515,5,55352.03,0.03
14997,2025-04-23,441,580,2,231.44,0.04
14998,2025-02-23,140,546,1,7280.05,0.03
14999,2025-03-18,422,536,3,31202.0,0.17
15000,2025-05-25,217,583,2,919.27,0.02
15001,2025-10-07,532,587,4,786.61,0.15
15002,2025-07-15,188,584,1,860.64,0.15
15003,2025-06-30,116,506,2,56341.6,0.18
15004,2025-11-24,142,526,4,8238.59,0.15
15005,2025-10-08,273,536,5,29220.02,0.12
15006,2025-01-06,279,542,1,10375.78,0.16
15007,2025-08-30,523,596,5,3521.73,0.05
15008,2025-08-18,280,534,3,39999.74,0.16
15009,2025-03-25,345,518,1,3903.77,0.01
15010,2025-09-27,494,571,1,156.31,0.18
15011,2025-08-21,246,590,5,247.01,0.04
15012,2025-10-28,148,562,2,13084.98,0.16
15013,2025-07-26,556,523,5,2654.39,0.17
15014,2025-05-22,448,531,3,10866.9,0.1
15015,2025-04-21,132,522,3,10065.38,0.05
15016,2025-02-26,329,570,3,3112.7,0.13
15017,2025-01-04,396,554,1,30563.11,0.04
15018,2025-11-07,312,548,3,13050.32,0.14
15019,2025-01-04,391,578,4,915.2,0.05
15020,2025-10-04,113,513,5,33823.1,0.19
15021,2025-05-10,274,517,3,1752.23,0.09
15022,2025-12-04,322,515,4,58598.47,0.17
15023,2025-11-19,160,536,5,30297.17,0.11
15024,2025-03-06,465,570,2,3454.39,0.03
15025,2025-01-23,243,531,4,11277.03,0.16
15026,2025-09-02,594,534,5,46832.6,0.03
15027,2025-10-19,503,551,3,13254.75,0.08
15028,2025-01-05,465,529,5,2461.84,0.18
15029,2025-06-04,215,561,1,9531.59,0.04
15030,2025-04-20,486,558,4,3003.67,0.18
15031,2025-03-21,576,502,5,66647.54,0.1
15032,2025-06-30,131,592,2,290.4,0.15
15033,2025-04-05,459,507,4,57670.07,0.18
15034,2025-07-24,210,562,2,15142.71,0.0
15035,2025-03-22,507,523,2,3277.21,0.02
15036,2025-06-06,247,508,1,92347.01,0.07
15037,2025-02-20,374,535,5,18013.24,0.06
15038,2025-05-10,278,550,3,10973.03,0.18
15039,2025-06-11,334,555,5,8555.24,0.2
15040,2025-04-11,441,547,1,7755.04,0.19
15041,2025-06-12,426,592,2,264.05,0.03
15042,2025-04-14,291,538,4,53939.9,0.12
15043,2025-04-12,166,539,1,12655.05,0.1
15044,2025-09-27,594,510,3,117375.39,0.03
15045,2025-09-30,314,588,5,1121.97,0.14
15046,2025-06-04,135,587,5,779.3,0.15
15047,2025-10-28,313,530,2,4775.83,0.06
15048,2025-04-14,155,564,5,553.89,0.19
15049,2025-06-05,595,592,5,294.52,0.15
15050,2025-02-02,261,570,1,2689.26,0.13
15051,2025-12-27,189,534,3,38596.27,0.14
15052,2025-03-22,202,563,2,321.65,0.15
15053,2025-10-08,250,585,5,587.36,0.06
15054,2025-02-06,428,560,2,18905.61,0.2
15055,2025-03-26,557,561,5,8720.88,0.02
15056,2025-06-10,463,502,5,68777.51,0.2
15057,2025-04-26,178,558,5,3414.06,0.04
15058,2025-06-27,120,555,1,8693.58,0.08
15059,2025-10-13,375,540,2,19261.14,0.2
15060,2025-11-21,137,568,4,540.78,0.12
15061,2025-07-28,254,587,1,665.96,0.01
15062,2025-01-23,210,543,1,13083.95,0.12
15063,2025-11-07,104,589,5,333.59,0.01
15064,2025-09-02,139,559,5,17205.98,0.08
15065,2025-09-20,205,562,4,12285.35,0.08
15066,2025-02-28,553,591,5,690.85,0.03
15067,2025-04-14,547,589,5,334.59,0.18
15068,2025-04-09,147,511,4,18550.64,0.07
15069,2025-07-20,471,524,5,4791.56,0.17
15070,2025-03-06,258,503,3,62471.36,0.08
15071,2025-09-22,297,591,4,645.67,0.04
15072,2025-01-18,258,507,1,48836.5,0.06
15073,2025-09-30,289,568,2,639.4,0.17
15074,2025-06-01,570,584,1,739.42,0.1
15075,2025-08-14,443,530,3,4660.81,0.07
15076,2025-01-24,228,539,2,11596.18,0.14
15077,2025-02-28,586,550,5,10559.49,0.19
15078,2025-09-08,587,570,3,2757.93,0.06
15079,2025-10-08,341,503,3,69654.09,0.03
15080,2025-02-28,399,554,1,28196.98,0.14
15081,2025-10-26,445,567,3,606.47,0.17
15082,2025-04-01,463,537,3,26564.41,0.17
15083,2025-06-21,397,514,1,48194.7,0.18
15084,2025-06-18,164,595,1,3685.63,0.03
15085,2025-10-01,295,544,4,25817.87,0.12
15086,2025-11-18,134,501,2,79672.61,0.02
15087,2025-06-30,455,582,1,496.82,0.02
15088,2025-10-21,584,520,3,2839.1,0.03
15089,2025-09-02,495,523,2,2895.2,0.06
15090,2025-11-15,516,502,2,56714.13,0.07
15091,2025-11-17,446,519,1,1759.96,0.09
15092,2025-10-31,241,518,1,3782.25,0.06
15093,2025-11-20,171,525,1,2398.46,0.13
15094,2025-06-23,338,537,4,23899.1,0.14
15095,2025-07-28,462,598,5,4045.86,0.05
15096,2025-11-25,318,535,2,15933.11,0.11
15097,2025-11-18,337,571,4,185.59,0.06
15098,2025-08-17,116,600,2,958.45,0.19
15099,2025-12-16,237,552,3,19699.83,0.11
15100,2025-02-14,135,556,1,14230.48,0.13
15101,2025-10-29,214,567,4,787.27,0.05
15102,2025-05-31,148,585,2,566.24,0.09
15103,2025-09-08,226,571,3,148.05,0.0
15104,2025-12-25,238,516,5,1104.37,0.12
15105,2025-06-22,443,573,4,363.41,0.04
15106,2025-08-02,379,539,1,9966.48,0.07
15107,2025-08-26,246,502,2,62512.8,0.15
15108,2025-12-13,136,572,4,220.52,0.1
15109,2025-06-27,586,599,2,551.14,0.16
15110,2025-04-18,478,540,3,23020.35,0.04
15111,2025-05-23,190,533,1,39601.21,0.19
15112,2025-12-02,571,531,2,11319.49,0.14
15113,2025-03-22,176,594,5,459.39,0.06
15114,2025-12-03,219,581,4,697.31,0.19
15115,2025-05-05,248,524,4,5154.21,0.03
15116,2025-11-02,310,510,2,129737.66,0.13
15117,2025-10-01,290,537,3,25400.55,0.16
15118,2025-01-04,587,586,3,714.63,0.16
15119,2025-02-06,548,556,2,11836.15,0.05
15120,2025-06-02,392,522,2,9585.65,0.12
15121,2025-05-03,401,506,5,47830.85,0.04
15122,2025-10-30,389,597,4,5938.58,0.08
15123,2025-07-03,282,505,4,87901.84,0.05
15124,2025-09-20,466,578,1,907.19,0.07
15125,2025-10-23,410,539,2,12075.96,0.02
15126,2025-01-18,303,531,1,11414.51,0.05
15127,2025-08-05,473,525,4,2669.31,0.09
15128,2025-05-22,507,529,4,2733.56,0.07
15129,2025-05-14,571,562,2,15157.27,0.09
15130,2025-01-12,497,527,3,8840.07,0.17
15131,2025-03-06,166,541,1,5053.29,0.07
15132,2025-05-17,394,584,4,743.38,0.19
15133,2025-08-05,341,596,1,4197.72,0.06
15134,2025-07-01,522,593,2,195.36,0.04
15135,2025-03-01,143,534,3,36825.77,0.17
15136,2025-04-26,435,585,3,697.11,0.05
15137,2025-06-08,169,598,1,4782.82,0.1
15138,2025-04-02,310,598,5,3807.96,0.07
15139,2025-01-27,309,599,3,573.65,0.13
15140,2025-12-22,549,586,5,782.53,0.14
15141,2025-03-25,123,590,3,281.55,0.08
15142,2025-04-27,341,526,4,8098.88,0.02
15143,2025-11-25,337,594,5,545.96,0.19
15144,2025-12-01,228,552,1,19208.64,0.16
15145,2025-01-11,132,565,1,215.88,0.16
15146,2025-01-27,223,504,2,94711.13,0.15
15147,2025-04-23,308,523,1,3130.46,0.17
15148,2025-02-03,357,583,2,1185.78,0.16
15149,2025-08-19,427,526,3,7249.22,0.14
15150,2025-11-06,112,594,4,439.6,0.05
15151,2025-08-16,180,538,3,53766.81,0.15
15152,2025-08-27,257,573,1,395.28,0.0
15153,2025-09-29,309,501,4,70047.51,0.05
15154,2025-09-18,585,558,1,3164.47,0.15
15155,2025-09-21,179,515,1,56328.75,0.14
15156,2025-11-02,207,537,1,26838.68,0.1
15157,2025-10-10,280,529,2,2811.88,0.19
15158,2025-10-12,228,561,4,9360.4,0.11
15159,2025-11-30,411,517,2,1655.86,0.07
15160,2025-03-11,299,523,4,3401.59,0.2
15161,2025-02-05,454,598,2,4498.62,0.16
15162,2025-02-03,592,578,1,891.9,0.13
15163,2025-05-04,368,528,2,16389.17,0.14
15164,2025-06-02,184,582,5,615.12,0.1
15165,2025-10-10,129,536,5,33668.42,0.08
15166,2025-05-29,143,510,1,129778.9,0.07
15167,2025-03-20,385,581,1,624.0,0.03
15168,2025-07-17,526,512,3,24867.49,0.16
15169,2025-11-06,180,573,2,371.55,0.07
15170,2025-03-04,148,559,3,14834.78,0.2
15171,2025-12-21,430,578,1,805.47,0.17
15172,2025-11-26,328,570,4,3177.64,0.16
15173,2025-05-01,211,509,2,47134.86,0.19
15174,2025-08-31,223,546,2,6214.32,0.13
15175,2025-11-28,248,573,1,318.4,0.11
15176,2025-02-25,156,556,3,12205.21,0.13
15177,2025-07-14,282,540,4,20821.75,0.1
15178,2025-02-22,525,578,3,785.88,0.15
15179,2025-09-25,170,506,3,46776.46,0.05
15180,2025-05-14,573,581,3,600.72,0.08
15181,2025-09-06,581,587,5,729.33,0.14
15182,2025-11-08,465,546,4,6532.85,0.19
15183,2025-09-08,437,579,4,388.24,0.02
15184,2025-08-16,310,515,2,50293.7,0.12
15185,2025-05-16,151,580,5,260.45,0.04
15186,2025-10-17,423,510,2,135630.38,0.15
15187,2025-07-03,137,513,4,40906.8,0.16
15188,2025-09-04,345,559,4,15582.43,0.19
15189,2025-04-03,122,522,4,9312.44,0.02
15190,2025-01-26,373,524,2,4532.32,0.08
15191,2025-10-17,514,581,3,798.85,0.03
15192,2025-12-12,355,554,3,31166.39,0.17
15193,2025-05-21,572,533,4,31458.46,0.06
15194,2025-08-11,374,549,5,25947.98,0.08
15195,2025-03-24,155,514,2,49271.63,0.16
15196,2025-11-18,405,508,1,86330.24,0.16
15197,2025-06-14,377,590,2,283.95,0.01
15198,2025-12-14,229,593,3,212.79,0.07
15199,2025-01-30,113,591,2,540.3,0.16
15200,2025-02-01,225,539,2,9749.43,0.04
15201,2025-11-05,400,564,3,692.57,0.02
15202,2025-12-30,570,524,4,4949.79,0.15
15203,2025-02-06,289,510,4,106901.18,0.08
15204,2025-01-14,326,545,4,9750.03,0.12
15205,2025-04-17,291,506,4,46039.04,0.2
15206,2025-03-24,308,579,4,457.37,0.06
15207,2025-03-15,480,545,2,10460.34,0.04
15208,2025-07-21,293,594,3,506.82,0.07
15209,2025-12-01,226,598,1,3991.11,0.1
15210,2025-12-29,469,568,5,492.85,0.12
15211,2025-05-16,274,597,1,5725.85,0.04
15212,2025-05-31,406,561,5,9132.46,0.03
15213,2025-04-27,424,535,3,15712.46,0.06
15214,2025-03-21,591,557,4,19021.08,0.15
15215,2025-09-01,292,599,1,602.01,0.03
15216,2025-12-25,171,592,5,267.34,0.15
15217,2025-04-04,549,599,4,540.1,0.14
15218,2025-02-20,126,518,2,3113.15,0.0
15219,2025-09-27,311,573,2,339.32,0.16
15220,2025-08-17,413,589,1,327.24,0.16
15221,2025-09-06,488,575,5,525.78,0.19
15222,2025-04-13,342,564,3,541.98,0.05
15223,2025-11-19,197,584,3,872.14,0.13
15224,2025-11-25,321,523,3,3102.33,0.06
15225,2025-02-16,454,552,4,21508.34,0.08
15226,2025-12-19,204,584,3,841.99,0.09
15227,2025-01-03,403,524,2,5135.39,0.01
15228,2025-11-28,140,548,3,15978.27,0.07
15229,2025-03-27,200,526,5,6782.21,0.1
15230,2025-01-10,104,518,2,3937.96,0.06
15231,2025-06-14,388,543,5,12480.66,0.14
15232,2025-05-10,168,578,3,929.21,0.13
15233,2025-05-06,322,567,1,732.4,0.02
15234,2025-08-16,247,511,5,18236.89,0.01
15235,2025-01-28,522,530,4,4571.99,0.04
15236,2025-11-04,193,514,4,50701.59,0.16
15237,2025-04-20,423,564,3,549.02,0.02
15238,2025-10-05,229,525,4,2661.52,0.05
15239,2025-04-18,452,575,2,533.5,0.16
15240,2025-10-23,514,524,2,5047.88,0.15
15241,2025-11-04,150,505,5,110893.35,0.06
15242,2025-05-14,484,546,2,7231.41,0.1
15243,2025-12-17,382,584,5,880.07,0.06
15244,2025-03-21,423,592,5,301.24,0.09
15245,2025-08-27,124,556,1,11955.19,0.01
15246,2025-06-20,370,596,5,3646.2,0.08
15247,2025-10-13,447,539,4,12760.44,0.07
15248,2025-10-17,143,519,2,1734.26,0.04
15249,2025-08-16,461,594,3,447.9,0.17
15250,2025-08-22,348,566,1,447.14,0.11
15251,2025-04-21,325,543,2,12098.74,0.13
15252,2025-02-18,326,544,5,25476.61,0.2
15253,2025-06-04,179,579,5,390.78,0.12
15254,2025-12-31,437,575,4,552.32,0.04
15255,2025-11-01,528,572,1,220.76,0.13
15256,2025-02-14,218,552,4,21187.72,0.09
15257,2025-05-01,575,545,5,11180.71,0.14
15258,2025-12-20,534,530,3,4223.59,0.14
15259,2025-03-27,117,545,3,9393.27,0.04
15260,2025-08-26,400,506,3,58274.38,0.18
15261,2025-09-07,217,578,1,951.36,0.02
15262,2025-06-04,133,586,1,698.16,0.12
15263,2025-07-06,552,555,4,8916.9,0.05
15264,2025-12-07,176,591,4,664.38,0.19
15265,2025-08-19,165,548,2,15018.27,0.18
15266,2025-11-14,326,554,3,27569.3,0.02
15267,2025-10-21,555,580,4,250.48,0.07
15268,2025-05-26,166,563,1,334.74,0.03
15269,2025-06-10,595,560,5,19649.76,0.02
15270,2025-01-02,536,560,2,21211.6,0.16
15271,2025-03-24,299,539,4,11652.84,0.19
15272,2025-12-09,473,517,4,1654.83,0.18
15273,2025-05-18,182,525,2,2637.55,0.06
15274,2025-04-30,435,504,5,103374.99,0.02
15275,2025-12-09,512,593,2,216.31,0.16
15276,2025-12-23,151,546,5,7355.17,0.13
15277,2025-03-02,457,579,4,463.07,0.11
15278,2025-03-18,586,502,5,59329.33,0.15
15279,2025-05-04,598,545,3,9737.0,0.12
15280,2025-05-03,583,581,4,610.5,0.18
15281,2025-03-30,429,561,5,8922.5,0.11
15282,2025-05-16,320,532,4,23635.33,0.16
15283,2025-05-27,481,555,4,8390.9,0.11
15284,2025-08-17,215,564,4,564.02,0.05
15285,2025-03-30,410,521,2,4206.85,0.06
15286,2025-08-15,402,574,3,306.85,0.06
15287,2025-08-24,397,560,2,18324.61,0.01
15288,2025-02-05,470,557,4,17415.4,0.03
15289,2025-08-25,488,507,2,62870.51,0.04
15290,2025-04-25,137,572,3,259.4,0.06
15291,2025-02-07,433,548,3,14460.62,0.05
15292,2025-04-23,252,582,5,555.6,0.16
15293,2025-12-28,227,567,2,641.72,0.16
15294,2025-04-05,240,506,3,54735.59,0.19
15295,2025-07-08,148,596,4,3411.8,0.16
15296,2025-03-12,265,502,3,54585.69,0.03
15297,2025-02-25,327,531,1,11851.94,0.08
15298,2025-04-29,263,526,4,7964.06,0.0
15299,2025-02-10,400,572,1,279.8,0.06
15300,2025-06-12,439,587,5,745.35,0.19
15301,2025-07-06,300,562,4,14881.04,0.1
15302,2025-12-01,576,507,5,49133.81,0.02
15303,2025-02-05,340,556,5,12140.03,0.06
15304,2025-03-10,236,546,3,6360.08,0.01
15305,2025-08-25,495,574,5,269.26,0.09
15306,2025-08-05,562,591,2,680.87,0.13
15307,2025-01-27,330,521,5,5289.14,0.2
15308,2025-12-12,319,504,4,87327.22,0.01
15309,2025-01-23,195,542,5,9338.63,0.12
15310,2025-04-08,488,526,3,7326.81,0.07
15311,2025-05-20,346,527,2,9921.41,0.05
15312,2025-04-15,420,513,1,38236.35,0.01
15313,2025-05-18,443,579,3,463.56,0.09
15314,2025-05-06,308,537,5,22039.74,0.14
15315,2025-03-15,404,509,5,43254.67,0.03
15316,2025-12-24,540,519,3,1900.22,0.13
15317,2025-04-20,300,510,4,113049.14,0.16
15318,2025-06-29,114,599,1,631.92,0.13
15319,2025-08-23,175,501,2,75965.09,0.01
15320,2025-05-21,491,512,3,21969.28,0.07
15321,2025-12-26,365,509,1,43728.1,0.14
15322,2025-07-28,298,510,2,132557.91,0.05
15323,2025-10-10,344,550,4,9964.03,0.03
15324,2025-07-28,543,569,5,510.08,0.05
15325,2025-10-27,497,584,3,807.47,0.12
15326,2025-03-25,402,529,3,2468.02,0.14
15327,2025-09-13,407,508,5,83805.84,0.19
15328,2025-07-14,185,578,5,799.52,0.1
15329,2025-07-02,123,505,3,102956.09,0.17
15330,2025-07-08,477,515,2,52760.58,0.1
15331,2025-04-09,339,509,2,50066.82,0.01
15332,2025-06-18,329,575,2,529.59,0.0
15333,2025-10-31,399,503,2,67207.95,0.06
15334,2025-08-30,373,506,4,55002.22,0.12
15335,2025-02-07,551,600,3,933.64,0.17
15336,2025-02-03,330,582,3,578.4,0.17
15337,2025-08-26,297,578,1,927.1,0.11
15338,2025-05-23,391,533,3,39024.3,0.18
15339,2025-05-13,574,543,4,13394.79,0.16
15340,2025-06-30,313,522,2,9866.24,0.11
15341,2025-02-15,539,508,3,92961.44,0.0
15342,2025-07-07,527,598,1,4040.47,0.16
15343,2025-03-30,556,522,1,9506.55,0.03
15344,2025-02-15,201,545,5,10546.68,0.17
15345,2025-04-20,398,549,3,21825.9,0.12
15346,2025-07-20,238,567,5,659.5,0.17
15347,2025-01-25,162,589,3,358.57,0.16
15348,2025-01-15,332,584,1,826.23,0.0
15349,2025-11-11,220,528,1,15239.82,0.02
15350,2025-04-19,113,555,5,7257.86,0.03
15351,2025-04-05,477,505,1,98591.54,0.04
15352,2025-10-21,389,562,5,14750.79,0.03
15353,2025-09-14,596,515,2,56390.77,0.19
15354,2025-06-30,118,515,1,63486.57,0.13
15355,2025-03-23,333,527,4,8503.76,0.07
15356,2025-08-28,324,532,5,22068.04,0.18
15357,2025-05-22,325,504,5,92870.75,0.0
15358,2025-09-10,314,589,4,392.91,0.04
15359,2025-02-01,380,554,3,31530.26,0.13
15360,2025-06-24,387,531,4,10462.28,0.05
15361,2025-07-14,202,556,3,12420.49,0.04
15362,2025-03-26,181,570,5,3438.95,0.09
15363,2025-06-24,423,515,4,59975.88,0.18
15364,2025-12-11,328,528,5,15906.7,0.05
15365,2025-12-19,219,519,4,1733.57,0.01
15366,2025-09-03,515,539,5,12350.7,0.14
15367,2025-03-01,223,545,2,9979.93,0.18
15368,2025-06-17,185,597,5,6012.25,0.04
15369,2025-05-06,291,558,2,3818.4,0.2
15370,2025-09-15,579,534,4,40823.19,0.03
15371,2025-07-09,548,532,1,20424.43,0.17
15372,2025-01-21,350,592,3,327.34,0.17
15373,2025-05-05,565,516,2,1014.53,0.02
15374,2025-09-30,252,520,1,2310.82,0.05
15375,2025-06-13,276,518,5,3451.84,0.06
15376,2025-05-21,224,565,3,214.84,0.15
15377,2025-03-20,440,553,4,30729.81,0.01
15378,2025-09-12,163,584,4,928.44,0.03
15379,2025-04-21,295,567,5,661.66,0.19
15380,2025-03-08,512,576,2,467.49,0.05
15381,2025-12-30,277,590,5,268.11,0.03
15382,2025-01-06,157,534,5,43339.05,0.02
15383,2025-01-19,349,557,3,16338.55,0.18
15384,2025-08-15,218,563,3,397.83,0.14
15385,2025-09-26,185,502,4,68952.8,0.13
15386,2025-12-20,304,570,1,3349.25,0.15
15387,2025-04-11,493,528,4,14329.1,0.14
15388,2025-11-10,572,526,1,6838.89,0.11
15389,2025-12-05,281,551,1,13279.81,0.15
15390,2025-08-27,313,531,2,9895.53,0.14
15391,2025-06-08,350,589,4,308.44,0.07
15392,2025-10-07,134,511,2,18077.61,0.12
15393,2025-03-22,578,568,4,518.5,0.09
15394,2025-06-13,104,554,2,26901.63,0.13
15395,2025-12-07,520,531,4,9984.71,0.18
15396,2025-08-16,487,559,5,13408.64,0.18
15397,2025-07-28,496,584,3,807.01,0.13
15398,2025-06-20,396,581,3,789.5,0.11
15399,2025-03-13,150,515,1,62737.95,0.11
15400,2025-08-23,596,527,4,7902.37,0.15
15401,2025-10-08,143,508,5,74786.99,0.01
15402,2025-09-17,454,590,3,268.39,0.08
15403,2025-07-19,101,568,1,510.1,0.0
15404,2025-11-29,150,580,4,265.22,0.13
15405,2025-06-09,283,588,5,1222.09,0.07
15406,2025-02-10,531,592,5,324.04,0.19
15407,2025-04-26,329,523,3,2941.78,0.12
15408,2025-05-04,484,548,2,15837.05,0.01
15409,2025-09-01,492,539,2,12088.18,0.0
15410,2025-01-16,180,596,4,4271.79,0.16
15411,2025-11-12,398,542,2,8086.1,0.07
15412,2025-02-27,446,587,2,746.54,0.02
15413,2025-10-13,519,510,5,127594.18,0.16
15414,2025-12-28,247,563,3,399.42,0.14
15415,2025-08-02,243,513,5,44018.13,0.11
15416,2025-10-25,299,580,4,263.18,0.01
15417,2025-01-18,118,525,4,2168.65,0.12
15418,2025-11-05,258,519,1,1756.73,0.02
15419,2025-07-25,212,573,3,307.38,0.15
15420,2025-02-24,390,521,3,5316.01,0.03
15421,2025-04-10,570,579,5,457.43,0.0
15422,2025-08-21,463,541,1,4948.15,0.17
15423,2025-11-02,192,588,1,1365.28,0.14
15424,2025-11-21,569,546,5,6319.71,0.05
15425,2025-05-08,165,556,1,13124.22,0.08
15426,2025-06-05,395,590,1,259.87,0.17
15427,2025-07-18,159,577,2,439.16,0.16
15428,2025-10-19,551,521,1,4533.79,0.02
15429,2025-12-26,509,596,5,4272.57,0.13
15430,2025-07-08,280,523,4,3365.36,0.1
15431,2025-08-04,237,567,1,694.03,0.11
15432,2025-05-16,407,595,1,3145.53,0.02
15433,2025-09-01,525,578,3,868.3,0.0
15434,2025-03-27,329,522,4,10078.78,0.09
15435,2025-05-07,390,510,3,112528.97,0.18
15436,2025-10-10,283,507,3,55279.65,0.15
15437,2025-08-15,345,584,5,802.06,0.08
15438,2025-04-20,539,509,4,52630.64,0.11
15439,2025-09-20,584,596,5,3928.34,0.13
15440,2025-11-18,143,561,4,8811.22,0.12
15441,2025-06-28,124,565,3,239.93,0.13
15442,2025-03-20,240,517,4,1702.71,0.14
15443,2025-11-22,218,544,2,24480.04,0.12
15444,2025-12-25,121,540,2,22958.16,0.19
15445,2025-08-24,125,501,1,83780.14,0.12
15446,2025-03-24,186,507,2,60085.51,0.2
15447,2025-05-10,473,547,3,7994.52,0.05
15448,2025-05-23,137,582,2,569.35,0.2
15449,2025-02-28,592,555,4,8338.1,0.08
15450,2025-11-25,449,510,3,133840.25,0.01
15451,2025-10-26,270,590,5,227.24,0.03
15452,2025-05-13,548,508,1,94382.15,0.11
15453,2025-03-02,585,524,1,5211.41,0.15
15454,2025-11-16,190,550,3,11906.24,0.06
15455,2025-11-10,479,519,5,1480.53,0.1
15456,2025-10-28,291,587,2,772.31,0.1
15457,2025-10-22,425,519,4,1889.35,0.08
15458,2025-04-08,522,533,2,37615.29,0.15
15459,2025-09-28,107,526,3,7177.79,0.11
15460,2025-02-03,373,582,2,524.45,0.03
15461,2025-05-09,474,527,4,9765.41,0.13
15462,2025-08-16,594,550,4,9480.35,0.05
15463,2025-12-28,502,546,1,7291.11,0.18
15464,2025-08-31,329,517,4,1761.97,0.04
15465,2025-06-07,294,522,5,8919.62,0.13
15466,2025-09-28,525,573,2,399.24,0.15
15467,2025-11-28,594,509,5,47727.93,0.12
15468,2025-10-14,162,535,3,14609.54,0.1
15469,2025-11-22,232,514,4,39827.52,0.08
15470,2025-10-13,379,554,1,29247.65,0.16
15471,2025-06-08,344,562,2,14939.43,0.06
15472,2025-08-08,270,569,1,514.35,0.04
15473,2025-04-01,171,569,3,531.29,0.13
15474,2025-11-30,515,535,2,15005.26,0.19
15475,2025-03-02,505,581,1,603.49,0.03
15476,2025-02-17,188,536,3,29916.13,0.09
15477,2025-08-04,363,549,5,21802.51,0.01
15478,2025-01-23,159,502,4,56369.63,0.16
15479,2025-10-24,416,510,4,124048.59,0.05
15480,2025-11-26,448,506,4,60615.86,0.19
15481,2025-02-08,580,567,1,795.74,0.1
15482,2025-09-07,246,581,4,605.85,0.04
15483,2025-09-03,473,513,3,44738.71,0.08
15484,2025-09-04,234,503,2,60456.9,0.17
15485,2025-03-18,524,569,4,451.19,0.04
15486,2025-09-05,291,515,2,55348.44,0.02
15487,2025-11-24,109,560,5,21368.12,0.03
15488,2025-05-18,355,539,1,10729.52,0.0
15489,2025-09-20,238,529,5,2624.7,0.15
15490,2025-09-16,423,549,3,23663.51,0.03
15491,2025-01-14,129,579,3,373.35,0.06
15492,2025-05-04,151,573,3,368.29,0.03
15493,2025-09-12,141,543,2,14049.08,0.15
15494,2025-06-11,560,527,4,7895.58,0.17
15495,2025-04-09,600,512,2,28137.11,0.17
15496,2025-09-12,408,573,1,343.45,0.09
15497,2025-01-07,539,559,5,16699.87,0.09
15498,2025-12-01,573,551,4,10770.48,0.06
15499,2025-05-23,258,502,3,67949.93,0.03
15500,2025-12-07,544,524,4,5112.21,0.0
15501,2025-10-31,315,552,4,21900.09,0.02
15502,2025-10-24,352,525,5,2834.84,0.14
15503,2025-01-31,259,572,3,255.83,0.2
15504,2025-12-04,572,549,3,24402.85,0.05
15505,2025-05-19,157,515,4,62629.21,0.1
15506,2025-07-01,549,599,3,707.23,0.17
15507,2025-08-07,352,515,3,60249.44,0.15
15508,2025-06-19,249,539,5,12252.19,0.13
15509,2025-03-02,116,510,5,108359.14,0.14
15510,2025-07-29,482,571,2,160.26,0.04
15511,2025-01-31,359,593,1,189.07,0.07
15512,2025-08-12,355,563,4,389.87,0.13
15513,2025-11-27,555,563,1,368.16,0.0
15514,2025-09-28,262,578,1,735.57,0.09
15515,2025-05-21,212,505,4,95378.31,0.17
15516,2025-03-22,112,563,4,385.22,0.05
15517,2025-11-20,220,562,5,11559.57,0.18
15518,2025-07-19,360,547,5,6388.42,0.03
15519,2025-05-15,510,535,3,16366.23,0.02
15520,2025-02-26,105,506,1,51833.51,0.18
15521,2025-11-27,473,598,4,3619.86,0.01
15522,2025-09-22,124,529,4,2551.64,0.13
15523,2025-10-15,359,585,4,702.62,0.1
15524,2025-03-12,109,534,1,37873.83,0.07
15525,2025-04-24,389,526,2,6917.75,0.18
15526,2025-02-07,514,593,5,190.88,0.2
15527,2025-05-06,465,556,5,13615.17,0.09
15528,2025-02-02,195,527,4,8345.58,0.15
15529,2025-04-06,192,558,1,3840.35,0.16
15530,2025-09-27,402,580,2,279.32,0.02
15531,2025-11-06,567,526,2,8065.98,0.01
15532,2025-04-27,345,507,2,53620.67,0.13
15533,2025-12-06,500,513,3,41564.03,0.19
15534,2025-12-03,592,564,2,637.91,0.18
15535,2025-02-08,348,512,4,24204.19,0.16
15536,2025-11-30,288,549,1,22001.19,0.12
15537,2025-03-02,563,595,2,3475.81,0.01
15538,2025-03-30,486,514,1,42676.13,0.04
15539,2025-03-31,285,554,2,31963.73,0.2
15540,2025-09-10,203,533,4,34125.67,0.14
15541,2025-04-21,267,540,5,20149.6,0.11
15542,2025-04-09,160,510,2,121491.27,0.19
15543,2025-01-20,448,515,3,53410.5,0.16
15544,2025-09-20,228,598,4,4791.18,0.1
15545,2025-08-13,317,589,2,370.04,0.06
15546,2025-06-26,406,569,1,517.22,0.19
15547,2025-03-20,224,550,3,10385.55,0.13
15548,2025-03-03,103,549,4,22497.92,0.04
15549,2025-07-14,102,511,3,17338.87,0.05
15550,2025-04-16,232,514,2,43832.04,0.12
15551,2025-04-17,109,529,2,2475.42,0.03
15552,2025-05-19,131,574,2,308.13,0.02
15553,2025-08-15,117,565,1,183.54,0.15
15554,2025-06-05,386,538,3,44642.64,0.0
15555,2025-06-13,473,575,3,442.77,0.12
15556,2025-04-09,179,509,2,53230.53,0.14
15557,2025-04-05,406,512,3,26955.98,0.03
15558,2025-07-02,342,558,2,3602.47,0.11
15559,2025-04-13,252,556,4,12324.2,0.1
15560,2025-11-30,247,549,3,21871.56,0.12
15561,2025-03-29,500,504,4,84275.1,0.13
15562,2025-10-27,218,562,3,12703.9,0.19
15563,2025-08-25,557,554,3,27056.6,0.02
15564,2025-06-26,426,530,5,4218.89,0.03
15565,2025-01-05,482,593,4,238.97,0.09
15566,2025-01-15,480,525,5,2378.36,0.17
15567,2025-04-20,391,569,4,447.53,0.19
15568,2025-12-15,259,513,3,38930.05,0.1
15569,2025-08-23,446,556,3,12866.62,0.0
15570,2025-02-01,394,523,4,3349.21,0.11
15571,2025-03-08,224,546,3,7335.37,0.01
15572,2025-12-31,518,599,2,611.86,0.01
15573,2025-04-18,188,568,1,585.97,0.15
15574,2025-11-22,182,545,2,10490.04,0.02
15575,2025-09-24,273,587,2,772.97,0.09
15576,2025-09-25,417,526,1,7670.73,0.2
15577,2025-01-09,362,508,5,91264.97,0.17
15578,2025-06-12,373,538,2,46170.15,0.02
15579,2025-06-16,256,525,4,2236.27,0.01
15580,2025-02-02,211,591,2,680.64,0.09
15581,2025-04-21,564,573,2,374.82,0.02
15582,2025-05-16,522,576,3,446.41,0.2
15583,2025-07-30,151,509,1,47638.81,0.02
15584,2025-07-21,129,546,2,6011.4,0.03
15585,2025-03-06,539,542,4,9677.16,0.12
15586,2025-02-24,156,518,1,3567.96,0.07
15587,2025-05-21,134,551,3,10240.85,0.03
15588,2025-04-20,101,523,4,3358.06,0.02
15589,2025-01-13,453,553,2,30133.27,0.09
15590,2025-12-02,522,556,3,11176.6,0.05
15591,2025-04-21,512,567,4,625.65,0.12
15592,2025-03-21,272,524,3,4852.64,0.13
15593,2025-02-09,482,597,5,5113.17,0.01
15594,2025-05-25,224,527,5,7915.45,0.15
15595,2025-07-09,590,506,1,53959.46,0.17
15596,2025-10-22,528,534,4,43643.36,0.08
15597,2025-12-01,187,504,4,99523.26,0.02
15598,2025-10-27,470,549,2,24928.08,0.19
15599,2025-01-08,210,596,4,3861.71,0.06
15600,2025-05-01,542,591,1,690.42,0.03
15601,2025-08-01,312,527,5,9048.03,0.11
15602,2025-07-09,359,566,4,368.14,0.05
15603,2025-06-16,138,552,1,25060.15,0.09
15604,2025-10-06,577,597,4,5616.18,0.08
15605,2025-07-19,442,536,2,34994.95,0.12
15606,2025-08-23,448,598,4,4141.29,0.01
15607,2025-05-12,510,592,3,319.16,0.12
15608,2025-02-26,574,531,1,11950.09,0.15
15609,2025-01-02,291,533,5,33107.05,0.02
15610,2025-05-17,102,507,5,57757.91,0.16
15611,2025-11-23,268,542,5,8941.25,0.1
15612,2025-08-24,323,548,3,12662.99,0.06
15613,2025-11-10,217,533,2,31975.87,0.01
15614,2025-05-17,275,527,3,8834.28,0.07
15615,2025-07-27,424,544,4,23091.18,0.18
15616,2025-01-28,279,587,2,731.92,0.07
15617,2025-08-03,433,564,5,593.77,0.01
15618,2025-04-18,501,569,4,534.34,0.16
15619,2025-01-13,331,533,4,35817.92,0.13
15620,2025-12-29,463,592,3,315.18,0.01
15621,2025-11-11,266,516,4,1113.42,0.07
15622,2025-03-16,536,555,1,8651.96,0.2
15623,2025-04-20,356,552,2,21668.85,0.18
15624,2025-04-10,102,564,1,704.28,0.13
15625,2025-03-11,457,575,1,465.07,0.03
15626,2025-03-25,507,571,1,172.24,0.08
15627,2025-05-22,432,570,1,3092.04,0.14
15628,2025-04-02,387,572,5,272.29,0.08
15629,2025-12-22,444,582,1,613.66,0.14
15630,2025-11-21,338,576,4,475.24,0.11
15631,2025-06-01,295,561,3,8720.96,0.02
15632,2025-12-06,522,548,4,13070.38,0.1
15633,2025-06-12,316,580,3,263.34,0.02
15634,2025-01-27,576,543,1,12243.94,0.1
15635,2025-11-08,510,557,5,17364.76,0.09
15636,2025-03-24,335,542,3,8015.76,0.08
15637,2025-03-13,526,594,2,475.57,0.16
15638,2025-01-14,491,550,2,9771.69,0.15
15639,2025-05-31,479,584,4,827.3,0.11
15640,2025-11-21,250,559,5,15841.76,0.17
15641,2025-04-02,122,513,3,41612.3,0.01
15642,2025-12-22,347,538,4,49633.03,0.07
15643,2025-10-30,401,569,1,525.89,0.03
15644,2025-11-21,374,516,5,984.36,0.04
15645,2025-01-08,440,576,1,399.01,0.12
15646,2025-02-07,357,520,5,2334.04,0.06
15647,2025-06-24,433,550,2,10931.82,0.05
15648,2025-01-22,576,509,5,43024.38,0.18
15649,2025-07-14,195,510,4,109511.6,0.18
15650,2025-01-22,535,571,2,144.63,0.18
15651,2025-07-09,206,547,2,7725.43,0.1
15652,2025-05-02,462,580,3,261.93,0.19
15653,2025-10-24,296,511,3,14696.14,0.16
15654,2025-09-09,346,587,2,691.26,0.05
15655,2025-03-20,121,529,4,2845.4,0.06
15656,2025-01-02,139,562,5,14643.9,0.07
15657,2025-10-31,271,518,1,3849.58,0.14
15658,2025-07-27,179,587,5,762.81,0.15
15659,2025-04-29,214,537,4,27040.14,0.11
15660,2025-07-31,531,569,3,462.55,0.1
15661,2025-12-09,102,557,4,16371.96,0.16
15662,2025-01-11,190,516,1,1078.11,0.08
15663,2025-04-27,529,583,3,1150.19,0.06
15664,2025-02-19,267,529,1,2440.22,0.04
15665,2025-10-11,480,545,3,11471.51,0.03
15666,2025-10-16,293,569,3,437.87,0.18
15667,2025-08-05,447,516,2,939.04,0.09
15668,2025-05-31,196,503,4,63479.05,0.04
15669,2025-12-14,247,597,5,6296.32,0.13
15670,2025-04-28,469,528,3,16644.01,0.03
15671,2025-03-13,599,523,3,3492.83,0.19
15672,2025-10-04,218,592,3,307.17,0.13
15673,2025-02-24,582,537,5,24594.58,0.2
15674,2025-01-24,263,509,1,55415.42,0.19
15675,2025-10-19,440,567,1,724.53,0.13
15676,2025-07-05,185,529,4,2708.24,0.19
15677,2025-01-23,287,556,3,12065.7,0.06
15678,2025-03-21,319,576,5,411.49,0.17
15679,2025-03-25,487,568,3,583.46,0.16
15680,2025-07-07,464,582,3,580.08,0.03
15681,2025-06-28,308,538,2,51181.79,0.06
15682,2025-12-28,295,570,1,2759.81,0.05
15683,2025-09-20,109,508,2,77833.88,0.06
15684,2025-12-04,124,547,1,6083.34,0.11
15685,2025-05-27,464,522,2,8741.72,0.04
15686,2025-08-16,298,553,4,35525.06,0.03
15687,2025-02-28,526,521,2,5402.75,0.05
15688,2025-11-04,521,538,1,50534.93,0.12
15689,2025-05-30,337,513,3,41880.52,0.11
15690,2025-08-06,433,595,2,3199.0,0.02
15691,2025-08-07,234,595,5,3828.77,0.07
15692,2025-01-25,349,515,5,60303.86,0.06
15693,2025-10-30,294,560,4,21108.25,0.12
15694,2025-06-23,573,544,3,21862.58,0.06
15695,2025-01-24,304,552,4,23056.81,0.16
15696,2025-09-15,211,502,5,65398.07,0.17
15697,2025-02-06,297,539,3,9682.04,0.04
15698,2025-09-14,157,584,2,771.85,0.06
15699,2025-05-26,528,596,4,3570.6,0.16
15700,2025-09-11,164,519,1,1583.45,0.03
15701,2025-03-28,392,502,3,61591.07,0.16
15702,2025-09-08,315,559,4,15930.58,0.02
15703,2025-03-23,110,556,3,11542.2,0.06
15704,2025-08-12,506,510,1,111003.52,0.15
15705,2025-11-17,429,571,3,188.63,0.01
15706,2025-03-13,348,585,3,597.89,0.02
15707,2025-02-17,323,542,4,7981.22,0.18
15708,2025-06-09,153,588,4,1395.84,0.06
15709,2025-08-08,196,526,3,7836.83,0.16
15710,2025-04-10,190,572,3,233.4,0.12
15711,2025-12-20,344,528,3,15480.24,0.02
15712,2025-06-04,261,538,5,54045.51,0.01
15713,2025-06-04,576,564,1,616.96,0.18
15714,2025-09-15,360,511,3,15636.33,0.15
15715,2025-06-04,395,597,3,4836.6,0.17
15716,2025-05-05,259,586,5,673.42,0.15
15717,2025-02-18,286,545,5,10641.4,0.15
15718,2025-07-09,175,597,5,5668.07,0.16
15719,2025-12-17,285,528,2,15744.12,0.04
15720,2025-01-10,431,529,4,2677.02,0.07
15721,2025-04-11,147,573,5,391.76,0.03
15722,2025-03-22,332,521,4,4590.48,0.05
15723,2025-06-02,341,586,5,757.05,0.09
15724,2025-12-27,325,595,3,3553.82,0.01
15725,2025-09-27,443,531,5,10654.26,0.2
15726,2025-11-25,384,548,3,14343.33,0.04
15727,2025-03-17,437,522,3,9093.12,0.02
15728,2025-08-30,164,502,4,64811.08,0.01
15729,2025-08-19,225,515,3,55221.98,0.06
15730,2025-03-12,137,564,3,577.2,0.04
15731,2025-09-24,564,501,1,69291.66,0.07
15732,2025-01-04,354,550,3,11581.63,0.18
15733,2025-06-15,413,545,4,9301.92,0.1
15734,2025-04-13,376,600,2,1048.81,0.13
15735,2025-02-08,568,586,3,853.8,0.07
15736,2025-09-19,485,567,4,736.97,0.08
15737,2025-06-13,119,505,5,96209.32,0.02
15738,2025-04-05,425,578,3,957.53,0.02
15739,2025-08-08,367,545,5,11758.92,0.02
15740,2025-07-13,455,519,5,1807.44,0.16
15741,2025-05-04,281,588,1,1397.58,0.19
15742,2025-06-12,133,581,2,698.13,0.02
15743,2025-09-22,544,505,4,93828.63,0.17
15744,2025-10-11,319,581,3,787.76,0.16
15745,2025-03-21,582,598,3,4639.14,0.18
15746,2025-05-31,164,576,1,422.16,0.18
15747,2025-09-30,378,531,5,12575.38,0.05
15748,2025-08-21,422,516,2,1065.36,0.13
15749,2025-09-21,157,549,5,23698.14,0.03
15750,2025-01-14,579,569,5,554.84,0.1
15751,2025-08-06,329,564,1,654.65,0.09
15752,2025-09-07,537,559,5,14993.52,0.11
15753,2025-12-15,210,580,5,235.65,0.11
15754,2025-08-21,437,553,1,39263.69,0.14
15755,2025-03-11,514,594,3,517.64,0.2
15756,2025-12-11,107,520,1,2261.16,0.08
15757,2025-09-01,399,504,1,86118.37,0.13
15758,2025-12-25,503,580,3,262.75,0.19
15759,2025-03-21,524,587,4,685.26,0.07
15760,2025-02-27,577,509,2,54663.49,0.19
15761,2025-06-19,235,503,3,72130.32,0.09
15762,2025-09-09,513,506,4,59920.46,0.14
15763,2025-01-16,357,560,3,18953.1,0.14
15764,2025-09-16,447,509,4,52129.88,0.08
15765,2025-01-28,442,551,1,10660.93,0.12
15766,2025-02-28,256,563,5,311.82,0.11
15767,2025-10-15,123,510,3,122984.57,0.02
15768,2025-11-01,350,509,1,49132.17,0.15
15769,2025-06-08,449,523,3,3004.4,0.11
15770,2025-08-17,253,578,5,907.35,0.1
15771,2025-08-28,178,551,1,10781.63,0.15
15772,2025-01-03,286,564,4,617.25,0.03
15773,2025-07-07,313,546,5,7707.91,0.2
15774,2025-02-24,558,529,1,2791.38,0.0
15775,2025-03-27,110,514,4,39470.41,0.09
15776,2025-01-22,240,560,5,18949.47,0.11
15777,2025-12-21,321,501,2,87793.6,0.06
15778,2025-03-20,209,545,1,11966.68,0.1
15779,2025-01-18,551,558,2,3181.43,0.01
15780,2025-01-09,272,509,3,51558.66,0.16
15781,2025-02-01,471,569,1,454.59,0.17
15782,2025-04-23,469,568,1,507.62,0.06
15783,2025-12-08,137,545,4,10767.59,0.05
15784,2025-02-12,230,563,1,387.6,0.05
15785,2025-08-04,532,522,3,8981.51,0.08
15786,2025-03-21,224,554,2,34682.0,0.15
15787,2025-05-01,454,510,3,110291.97,0.16
15788,2025-10-07,189,591,1,663.33,0.1
15789,2025-09-19,422,505,4,89142.4,0.05
15790,2025-08-09,183,544,2,23473.16,0.16
15791,2025-03-29,286,581,2,773.85,0.11
15792,2025-03-03,571,567,1,649.45,0.05
15793,2025-10-10,586,510,4,119201.81,0.02
15794,2025-11-27,517,589,3,389.52,0.17
15795,2025-11-05,367,575,5,513.73,0.05
15796,2025-09-23,427,540,2,22083.24,0.13
15797,2025-06-05,132,559,4,16241.99,0.05
15798,2025-08-21,382,563,5,369.98,0.18
15799,2025-07-26,344,561,3,9120.3,0.17
15800,2025-03-24,337,522,5,8808.64,0.18
15801,2025-01-20,541,589,4,371.84,0.07
15802,2025-10-31,225,581,4,633.13,0.06
15803,2025-05-20,135,528,4,14804.1,0.01
15804,2025-11-23,160,537,2,27096.68,0.05
15805,2025-03-27,409,589,3,363.74,0.1
15806,2025-11-02,354,596,5,4026.46,0.14
15807,2025-01-09,441,552,1,21408.92,0.01
15808,2025-06-07,486,565,4,184.93,0.14
15809,2025-12-05,560,593,2,184.04,0.13
15810,2025-09-29,213,597,5,5785.87,0.15
15811,2025-05-07,472,573,1,351.14,0.07
15812,2025-04-25,556,513,5,43710.9,0.15
15813,2025-09-13,270,563,5,310.48,0.13
15814,2025-11-08,593,526,3,8593.31,0.06
15815,2025-07-04,425,590,2,270.42,0.17
15816,2025-01-09,305,568,2,513.4,0.05
15817,2025-12-24,294,512,3,24849.27,0.03
15818,2025-09-08,456,520,3,2821.37,0.07
15819,2025-05-13,152,575,4,475.14,0.12
15820,2025-07-16,334,513,3,36478.52,0.13
15821,2025-05-08,193,559,4,17313.46,0.03
15822,2025-12-17,299,541,4,5442.32,0.12
15823,2025-10-05,447,574,3,300.43,0.19
15824,2025-06-21,518,539,1,10634.64,0.03
15825,2025-03-26,373,505,4,111678.17,0.18
15826,2025-03-18,556,545,4,9429.25,0.0
15827,2025-10-22,278,537,1,25674.75,0.16
15828,2025-03-05,540,553,5,38990.56,0.16
15829,2025-12-23,191,599,3,646.95,0.19
15830,2025-06-18,331,548,5,14952.46,0.05
15831,2025-09-23,151,571,4,170.88,0.02
15832,2025-01-06,235,551,5,10452.86,0.18
15833,2025-09-19,538,547,5,6797.47,0.12
15834,2025-08-10,399,572,1,279.16,0.11
15835,2025-04-30,384,531,3,10058.44,0.08
15836,2025-05-01,545,583,2,901.26,0.02
15837,2025-07-11,491,523,5,3142.24,0.03
15838,2025-07-28,377,537,3,23688.73,0.06
15839,2025-08-08,348,541,5,4450.81,0.15
15840,2025-03-08,543,535,4,16764.1,0.02
15841,2025-01-03,292,574,4,327.73,0.05
15842,2025-01-02,506,566,1,402.43,0.07
15843,2025-12-17,260,591,3,619.88,0.02
15844,2025-02-01,533,541,1,5400.88,0.01
15845,2025-06-28,330,520,2,2317.28,0.04
15846,2025-03-24,382,502,4,64951.91,0.19
15847,2025-12-16,462,563,4,351.97,0.18
15848,2025-04-17,127,529,4,2331.69,0.09
15849,2025-03-08,384,518,5,3941.26,0.2
15850,2025-11-24,181,584,4,931.52,0.19
15851,2025-02-15,294,585,4,661.28,0.14
15852,2025-06-06,543,599,3,694.6,0.09
15853,2025-07-10,544,556,4,12713.25,0.17
15854,2025-05-21,468,528,1,14077.36,0.1
15855,2025-10-06,359,522,2,9658.3,0.05
15856,2025-05-06,383,587,5,724.34,0.04
15857,2025-08-07,230,501,1,83117.68,0.19
15858,2025-03-31,543,529,4,2166.1,0.03
15859,2025-04-24,183,594,2,524.48,0.2
15860,2025-06-27,217,535,3,16748.72,0.03
15861,2025-10-12,470,591,4,690.69,0.15
15862,2025-11-20,124,528,5,16051.42,0.07
15863,2025-09-25,566,549,1,26839.25,0.03
15864,2025-12-25,272,593,4,208.51,0.12
15865,2025-10-21,547,551,2,10705.3,0.04
15866,2025-11-15,225,503,3,74536.65,0.12
15867,2025-01-19,280,542,4,10312.83,0.06
15868,2025-12-31,302,569,3,553.34,0.13
15869,2025-07-15,201,580,2,223.5,0.11
15870,2025-01-14,484,511,3,17665.85,0.05
15871,2025-09-08,429,590,4,252.64,0.08
15872,2025-03-13,541,555,2,8738.37,0.14
15873,2025-06-20,356,581,4,720.71,0.18
15874,2025-01-10,594,511,1,19088.41,0.09
15875,2025-02-26,262,572,5,253.15,0.19
15876,2025-01-23,120,596,4,3917.19,0.06
15877,2025-01-19,246,524,4,5061.92,0.17
15878,2025-05-06,520,531,3,10214.21,0.05
15879,2025-12-23,594,525,2,2562.69,0.18
15880,2025-09-21,243,596,1,3540.41,0.05
15881,2025-11-07,172,516,3,936.4,0.07
15882,2025-07-18,153,518,1,3670.69,0.15
15883,2025-07-22,491,558,4,3354.73,0.06
15884,2025-06-12,509,501,3,73626.52,0.02
15885,2025-05-05,395,578,5,937.67,0.12
15886,2025-11-08,574,565,5,228.37,0.14
15887,2025-08-08,269,579,4,389.71,0.17
15888,2025-11-10,237,514,5,40908.54,0.0
15889,2025-06-24,471,565,3,208.62,0.11
15890,2025-12-06,539,546,3,6041.86,0.07
15891,2025-04-22,382,556,4,11606.24,0.1
15892,2025-04-21,442,561,1,8577.17,0.04
15893,2025-03-29,430,537,1,26457.13,0.07
15894,2025-07-08,371,510,3,134376.39,0.15
15895,2025-01-17,193,591,4,629.81,0.05
15896,2025-01-02,414,590,3,237.36,0.14
15897,2025-01-29,596,532,2,18329.41,0.14
15898,2025-09-04,363,510,3,123962.31,0.1
15899,2025-08-29,411,590,3,279.44,0.05
15900,2025-09-14,408,507,3,60288.94,0.04
15901,2025-03-22,203,517,3,1919.2,0.02
15902,2025-06-30,396,590,1,279.04,0.08
15903,2025-10-15,228,595,4,3699.9,0.14
15904,2025-01-23,229,589,2,367.47,0.07
15905,2025-03-18,208,520,3,2401.16,0.03
15906,2025-07-08,334,564,3,655.18,0.1
15907,2025-02-26,594,529,2,2573.33,0.14
15908,2025-11-21,474,537,4,27956.56,0.08
15909,2025-04-19,132,574,2,338.28,0.02
15910,2025-09-03,487,501,3,75414.27,0.02
15911,2025-09-18,506,518,3,3994.68,0.04
15912,2025-07-25,179,560,2,17432.97,0.17
15913,2025-02-11,365,544,1,23145.13,0.1
15914,2025-07-25,491,581,4,673.19,0.09
15915,2025-12-13,101,508,5,79225.49,0.03
15916,2025-01-07,516,533,1,37140.81,0.01
15917,2025-05-29,327,570,3,2907.96,0.19
15918,2025-09-25,476,537,4,27688.42,0.06
15919,2025-11-21,457,585,2,566.93,0.02
15920,2025-06-20,165,501,1,67146.33,0.06
15921,2025-12-04,287,508,4,94138.24,0.09
15922,2025-10-18,263,581,3,675.85,0.19
15923,2025-11-19,518,510,3,125337.94,0.19
15924,2025-07-27,387,508,1,83382.21,0.05
15925,2025-07-05,483,586,4,836.23,0.17
15926,2025-09-17,149,515,4,63192.86,0.12
15927,2025-12-01,259,508,3,92616.06,0.04
15928,2025-01-08,422,538,1,45197.64,0.19
15929,2025-05-04,266,528,1,15690.23,0.17
15930,2025-08-18,109,512,4,22774.05,0.06
15931,2025-12-09,463,586,2,807.02,0.14
15932,2025-09-24,209,526,2,6611.49,0.1
15933,2025-04-14,587,583,3,1118.32,0.06
15934,2025-12-30,247,551,3,12686.11,0.15
15935,2025-01-29,406,516,2,989.55,0.19
15936,2025-10-17,479,540,1,21859.48,0.11
15937,2025-09-26,212,517,4,1811.31,0.13
15938,2025-06-13,187,590,4,271.64,0.19
15939,2025-02-28,134,591,2,697.95,0.09
15940,2025-08-10,290,528,5,16332.37,0.08
15941,2025-12-03,547,526,1,6719.62,0.03
15942,2025-05-31,443,544,2,21862.36,0.19
15943,2025-03-21,223,552,1,24827.42,0.04
15944,2025-03-19,467,564,5,656.99,0.19
15945,2025-05-09,382,559,1,13839.38,0.12
15946,2025-12-05,350,596,3,3778.28,0.09
15947,2025-05-23,474,550,5,11132.03,0.01
15948,2025-07-02,222,545,1,10308.96,0.09
15949,2025-04-02,461,515,5,51743.17,0.01
15950,2025-07-30,499,515,5,48925.3,0.14
15951,2025-07-28,396,501,2,73349.81,0.12
15952,2025-01-16,284,585,1,677.89,0.09
15953,2025-01-03,445,519,2,1786.39,0.11
15954,2025-12-06,521,515,5,48458.48,0.06
15955,2025-01-08,304,510,3,132959.74,0.09
15956,2025-01-18,162,575,5,524.75,0.14
15957,2025-01-12,303,570,3,2804.7,0.14
15958,2025-04-08,404,552,2,20799.09,0.02
15959,2025-06-21,161,600,5,891.21,0.09
15960,2025-02-24,561,536,5,29191.01,0.11
15961,2025-12-20,172,583,4,1103.55,0.07
15962,2025-02-17,165,536,2,28686.77,0.07
15963,2025-10-24,343,598,2,4379.18,0.12
15964,2025-06-23,246,544,5,26111.59,0.05
15965,2025-05-29,531,525,3,2447.2,0.05
15966,2025-07-02,469,501,4,82842.64,0.09
15967,2025-02-01,505,562,3,12718.79,0.2
15968,2025-03-30,361,592,5,298.54,0.18
15969,2025-04-16,430,513,4,35130.17,0.2
15970,2025-05-07,585,559,3,13584.12,0.19
15971,2025-09-28,520,598,5,4436.38,0.2
15972,2025-08-29,269,532,4,20380.24,0.05
15973,2025-03-03,472,540,3,19542.81,0.18
15974,2025-02-12,562,522,2,9281.96,0.09
15975,2025-07-27,286,598,2,3777.54,0.14
15976,2025-06-19,395,560,4,21859.05,0.07
15977,2025-10-08,469,556,1,11387.61,0.07
15978,2025-08-15,318,543,5,12596.36,0.06
15979,2025-04-25,426,583,5,982.44,0.07
15980,2025-08-04,563,506,5,50226.09,0.07
15981,2025-07-23,105,519,1,1829.24,0.14
15982,2025-10-29,142,597,4,5386.89,0.08
15983,2025-12-17,303,591,1,678.92,0.04
15984,2025-01-22,264,589,1,389.21,0.0
15985,2025-11-18,356,561,3,9063.26,0.16
15986,2025-10-21,442,544,4,22064.56,0.11
15987,2025-04-15,139,581,4,731.82,0.11
15988,2025-06-30,379,531,1,11559.43,0.0
15989,2025-11-11,542,586,1,844.18,0.1
15990,2025-07-15,561,534,1,43038.23,0.16
15991,2025-09-14,495,513,4,37165.04,0.12
15992,2025-12-03,192,548,5,13424.36,0.06
15993,2025-12-28,471,589,1,306.55,0.15
15994,2025-01-04,142,580,3,223.86,0.15
15995,2025-04-15,209,546,1,7428.52,0.2
15996,2025-08-12,305,533,1,34089.19,0.11
15997,2025-07-24,544,544,4,26439.92,0.14
15998,2025-03-27,447,588,2,1405.63,0.11
15999,2025-05-06,587,505,4,105591.17,0.0
16000,2025-03-31,429,564,2,642.09,0.03
16001,2025-05-23,227,588,1,1418.16,0.09
16002,2025-04-25,176,520,1,2279.02,0.14
16003,2025-01-05,193,511,1,19112.54,0.02
16004,2025-04-29,255,594,2,487.41,0.18
16005,2025-01-07,484,578,2,764.78,0.08
16006,2025-04-13,389,566,2,397.61,0.15
16007,2025-02-18,151,507,5,54440.08,0.08
16008,2025-12-01,214,529,3,2268.49,0.09
16009,2025-05-26,336,527,1,10006.55,0.13
16010,2025-11-28,408,551,4,12176.42,0.14
16011,2025-12-31,549,596,2,3466.89,0.16
16012,2025-10-08,430,559,2,16279.16,0.1
16013,2025-06-09,168,543,3,13853.57,0.05
16014,2025-11-20,262,572,1,244.54,0.14
16015,2025-10-19,385,513,1,44372.02,0.03
16016,2025-12-26,397,590,2,259.05,0.11
16017,2025-09-03,289,563,4,315.57,0.13
16018,2025-07-09,568,574,3,306.31,0.14
16019,2025-08-20,113,572,4,275.5,0.15
16020,2025-05-25,584,541,4,4306.05,0.06
16021,2025-08-19,126,581,5,679.02,0.2
16022,2025-02-16,530,545,3,10845.66,0.19
16023,2025-05-07,208,511,1,15383.3,0.08
16024,2025-02-02,432,525,1,2860.64,0.11
16025,2025-11-19,279,594,1,424.11,0.13
16026,2025-08-31,230,557,1,19044.39,0.1
16027,2025-01-18,262,596,4,3917.22,0.07
16028,2025-03-15,228,573,1,360.57,0.16
16029,2025-09-14,391,586,5,868.56,0.19
16030,2025-04-14,250,582,3,638.13,0.01
16031,2025-03-13,246,551,5,10813.71,0.1
16032,2025-07-07,240,542,5,8435.65,0.13
16033,2025-06-06,167,590,5,273.57,0.14
16034,2025-10-18,266,574,2,296.55,0.06
16035,2025-07-12,589,501,4,84571.96,0.18
16036,2025-06-14,427,526,4,7755.53,0.13
16037,2025-02-15,474,554,1,29647.43,0.05
16038,2025-09-22,137,581,2,776.66,0.08
16039,2025-06-04,508,568,5,622.48,0.19
16040,2025-02-19,486,540,2,18293.9,0.12
16041,2025-01-08,296,507,3,56460.83,0.1
16042,2025-11-11,577,516,1,919.25,0.13
16043,2025-12-01,134,576,1,408.82,0.05
16044,2025-07-02,439,514,1,43774.39,0.03
16045,2025-08-04,125,573,4,377.23,0.09
16046,2025-02-10,347,596,1,4229.18,0.09
16047,2025-05-22,363,523,1,3129.92,0.02
16048,2025-02-17,312,511,5,16843.24,0.11
16049,2025-08-28,470,508,4,78709.58,0.16
16050,2025-10-10,190,528,1,15647.51,0.08
16051,2025-03-19,187,541,1,4903.75,0.06
16052,2025-03-03,581,599,4,555.83,0.03
16053,2025-08-05,497,521,1,5443.88,0.07
16054,2025-06-27,457,552,2,20565.91,0.13
16055,2025-12-13,146,593,5,201.57,0.0
16056,2025-01-28,381,550,1,10377.43,0.1
16057,2025-10-09,279,587,5,730.62,0.17
16058,2025-01-14,133,586,4,855.39,0.18
16059,2025-10-15,495,544,4,27126.88,0.01
16060,2025-10-25,232,529,3,2473.66,0.05
16061,2025-01-11,336,552,3,23598.87,0.05
16062,2025-08-13,133,600,3,917.9,0.14
16063,2025-10-16,265,506,4,60379.76,0.2
16064,2025-10-08,104,553,3,39986.01,0.06
16065,2025-08-13,241,574,5,350.79,0.04
16066,2025-02-22,310,575,2,451.01,0.15
16067,2025-04-19,330,507,2,54154.44,0.15
16068,2025-09-26,476,572,5,248.74,0.03
16069,2025-09-29,457,577,5,420.87,0.08
16070,2025-07-03,372,508,2,78296.03,0.12
16071,2025-01-28,107,530,5,3787.33,0.06
16072,2025-03-25,516,506,2,56778.66,0.05
16073,2025-05-05,119,598,2,4732.77,0.02
16074,2025-05-26,353,529,4,2789.49,0.06
16075,2025-04-18,374,597,4,5282.33,0.15
16076,2025-04-05,101,569,1,427.97,0.04
16077,2025-03-27,169,580,1,228.77,0.1
16078,2025-06-12,541,570,3,3279.62,0.05
16079,2025-05-04,318,600,5,1112.16,0.05
16080,2025-06-10,175,502,4,67727.02,0.01
16081,2025-03-09,371,548,5,12715.59,0.08
16082,2025-03-23,520,567,3,772.27,0.15
16083,2025-05-19,566,537,2,27275.34,0.07
16084,2025-02-25,229,534,1,46092.28,0.19
16085,2025-02-14,375,561,4,10555.26,0.1
16086,2025-02-10,103,561,3,9698.27,0.08
16087,2025-01-18,567,501,2,80775.3,0.05
16088,2025-01-02,569,587,2,622.18,0.02
16089,2025-09-12,363,520,1,2753.85,0.15
16090,2025-04-16,576,573,1,340.96,0.12
16091,2025-10-10,273,520,4,2263.45,0.0
16092,2025-11-15,583,511,2,16545.43,0.11
16093,2025-08-09,466,575,4,509.3,0.04
16094,2025-11-29,460,514,1,49439.08,0.01
16095,2025-10-03,143,522,1,9167.54,0.19
16096,2025-08-10,114,594,1,463.04,0.16
16097,2025-08-01,275,516,4,1014.15,0.11
16098,2025-04-16,568,520,1,2334.97,0.17
16099,2025-04-11,416,600,3,934.1,0.01
16100,2025-11-16,583,568,5,480.49,0.07
16101,2025-11-26,307,597,5,4973.23,0.04
16102,2025-12-01,196,557,2,16223.95,0.16
16103,2025-08-24,250,526,3,7254.05,0.03
16104,2025-08-10,248,559,5,16463.25,0.03
16105,2025-09-11,546,551,4,13377.2,0.1
16106,2025-07-21,341,590,3,266.68,0.08
16107,2025-10-19,368,560,2,18429.98,0.18
16108,2025-06-15,525,538,2,54442.75,0.14
16109,2025-02-21,483,526,5,7051.45,0.09
16110,2025-09-13,264,567,2,731.56,0.2
16111,2025-01-16,325,566,2,444.27,0.04
16112,2025-12-10,236,581,2,756.82,0.2
16113,2025-06-13,511,535,2,16858.37,0.07
16114,2025-09-11,517,578,3,803.72,0.12
16115,2025-12-25,475,543,3,13498.69,0.09
16116,2025-05-13,363,530,3,3800.99,0.19
16117,2025-08-01,461,562,2,13049.92,0.03
16118,2025-10-30,471,512,4,21807.45,0.18
16119,2025-01-15,374,548,2,13199.65,0.14
16120,2025-04-07,382,558,3,3696.83,0.0
16121,2025-12-11,227,575,5,494.75,0.01
16122,2025-12-04,192,572,2,260.69,0.11
16123,2025-07-24,198,561,4,10203.36,0.1
16124,2025-08-30,424,571,4,181.22,0.09
16125,2025-08-03,169,550,2,10272.41,0.08
16126,2025-12-10,232,532,4,19349.75,0.06
16127,2025-06-15,142,583,5,1082.68,0.09
16128,2025-05-31,342,573,4,378.93,0.17
16129,2025-05-26,348,525,2,2681.78,0.13
16130,2025-08-02,255,552,5,19833.42,0.18
16131,2025-10-17,189,514,2,46227.62,0.11
16132,2025-06-24,286,504,5,100155.12,0.17
16133,2025-03-13,477,555,5,8805.56,0.13
16134,2025-09-16,343,509,2,55492.17,0.05
16135,2025-09-07,399,591,2,700.84,0.05
16136,2025-09-13,469,571,4,191.62,0.13
16137,2025-05-25,194,596,4,4251.22,0.16
16138,2025-02-15,324,535,3,17177.55,0.07
16139,2025-03-08,364,551,4,11650.63,0.08
16140,2025-08-11,187,502,3,62959.74,0.09
16141,2025-06-05,336,509,2,50126.38,0.19
16142,2025-08-20,170,518,2,3629.98,0.1
16143,2025-06-08,524,562,1,14078.3,0.16
16144,2025-05-17,386,583,1,1102.35,0.08
16145,2025-03-25,321,577,3,355.61,0.17
16146,2025-09-17,298,597,4,5697.75,0.07
16147,2025-08-26,432,569,4,453.23,0.01
16148,2025-12-24,329,557,2,18862.65,0.05
16149,2025-12-07,463,587,4,784.89,0.2
16150,2025-01-09,302,539,5,11118.03,0.15
16151,2025-04-10,529,508,4,85999.16,0.11
16152,2025-09-19,384,515,5,48942.78,0.02
16153,2025-04-09,325,537,5,24207.95,0.12
16154,2025-06-23,282,526,3,8246.71,0.15
16155,2025-01-04,484,588,3,1222.09,0.16
16156,2025-08-25,445,532,5,18334.65,0.17
16157,2025-09-08,542,562,1,13225.84,0.12
16158,2025-09-28,427,507,3,56791.29,0.19
16159,2025-10-17,556,585,5,570.47,0.05
16160,2025-06-26,293,506,4,55915.18,0.01
16161,2025-05-29,539,560,3,18553.72,0.18
16162,2025-11-14,158,501,5,80938.03,0.05
16163,2025-07-24,166,557,1,14450.97,0.16
16164,2025-12-05,466,534,1,46998.74,0.01
16165,2025-01-30,429,549,1,27379.84,0.01
16166,2025-08-25,220,596,5,4447.24,0.19
16167,2025-11-06,233,593,5,221.73,0.09
16168,2025-12-18,189,582,3,508.51,0.03
16169,2025-07-30,371,501,3,83053.21,0.0
16170,2025-08-18,184,546,5,6606.53,0.11
16171,2025-12-01,352,575,4,495.17,0.03
16172,2025-03-08,542,599,3,657.53,0.13
16173,2025-04-26,570,596,3,3831.41,0.18
16174,2025-10-17,533,592,4,264.01,0.09
16175,2025-08-29,285,522,2,9216.48,0.0
16176,2025-03-04,582,544,1,25959.76,0.02
16177,2025-09-28,558,589,4,376.11,0.04
16178,2025-08-30,429,533,2,30682.18,0.12
16179,2025-11-22,362,581,1,799.71,0.12
16180,2025-08-05,298,592,3,342.96,0.13
16181,2025-06-20,112,563,1,312.71,0.16
16182,2025-05-03,374,574,4,345.52,0.2
16183,2025-02-26,136,597,5,6395.77,0.05
16184,2025-11-27,383,588,3,1244.27,0.13
16185,2025-11-13,558,517,1,1542.15,0.11
16186,2025-11-02,332,582,2,604.65,0.04
16187,2025-08-30,446,575,5,472.17,0.04
16188,2025-12-30,108,538,5,55010.6,0.03
16189,2025-07-30,503,529,1,2207.73,0.01
16190,2025-11-20,157,509,3,47181.46,0.05
16191,2025-04-07,226,597,4,5509.84,0.09
16192,2025-04-22,122,524,1,4307.64,0.14
16193,2025-02-28,101,549,5,24011.86,0.04
16194,2025-06-15,431,589,2,392.96,0.16
16195,2025-12-31,299,515,4,54887.72,0.08
16196,2025-02-03,291,577,3,426.68,0.03
16197,2025-09-26,261,572,3,271.23,0.13
16198,2025-08-29,165,559,1,14150.12,0.02
16199,2025-01-19,552,502,4,60295.08,0.17
16200,2025-10-07,287,588,4,1234.03,0.19
16201,2025-06-06,532,561,3,9932.94,0.06
16202,2025-06-01,451,582,3,636.09,0.11
16203,2025-07-25,438,589,2,357.51,0.07
16204,2025-04-11,551,600,4,926.0,0.11
16205,2025-03-04,429,545,2,11269.42,0.13
16206,2025-05-15,380,540,2,21961.21,0.06
16207,2025-08-07,174,528,3,15113.35,0.18
16208,2025-03-08,434,503,4,61533.81,0.13
16209,2025-10-06,342,557,5,17167.82,0.01
16210,2025-03-04,382,521,5,5459.22,0.17
16211,2025-09-13,231,525,5,2719.12,0.01
16212,2025-11-03,404,577,4,388.1,0.09
16213,2025-09-25,550,532,2,20658.52,0.1
16214,2025-05-29,538,584,5,928.02,0.05
16215,2025-01-25,357,553,5,32514.61,0.19
16216,2025-09-24,267,593,1,191.52,0.18
16217,2025-10-08,446,503,2,64592.83,0.02
16218,2025-12-07,113,509,4,43965.47,0.14
16219,2025-03-04,508,532,5,22080.59,0.13
16220,2025-09-24,448,537,1,24993.57,0.2
16221,2025-08-08,415,583,2,1150.45,0.08
16222,2025-09-27,479,531,3,10294.01,0.02
16223,2025-09-23,550,538,4,49655.56,0.08
16224,2025-12-31,138,579,5,447.58,0.05
16225,2025-01-23,182,524,4,5214.04,0.16
16226,2025-08-06,357,546,1,7540.76,0.04
16227,2025-08-30,276,569,3,495.48,0.01
16228,2025-02-02,160,530,5,4458.9,0.11
16229,2025-04-10,503,587,5,708.34,0.1
16230,2025-08-30,255,510,4,135414.09,0.18
16231,2025-08-15,554,520,2,2783.33,0.15
16232,2025-01-27,164,594,5,467.81,0.01
16233,2025-12-10,405,559,2,16239.4,0.1
16234,2025-11-02,411,501,1,69961.95,0.14
16235,2025-12-17,582,509,2,44210.58,0.08
16236,2025-07-25,158,579,2,375.8,0.14
16237,2025-07-23,281,552,1,21461.38,0.2
16238,2025-10-04,235,517,3,1551.61,0.14
16239,2025-01-10,381,572,4,241.59,0.17
16240,2025-08-17,528,594,5,489.43,0.18
16241,2025-07-25,414,569,2,557.45,0.03
16242,2025-03-10,293,524,4,4518.88,0.14
16243,2025-01-14,275,581,4,655.03,0.04
16244,2025-05-07,468,510,2,115510.7,0.05
16245,2025-02-15,515,501,2,72661.4,0.11
16246,2025-07-13,524,579,4,362.12,0.06
16247,2025-02-01,300,583,4,920.04,0.05
16248,2025-12-20,127,523,4,2775.04,0.03
16249,2025-05-13,128,599,5,664.43,0.08
16250,2025-03-01,445,540,4,21163.91,0.09
16251,2025-10-24,256,590,2,265.19,0.02
16252,2025-07-17,222,525,1,2527.1,0.06
16253,2025-10-10,344,562,2,13187.88,0.07
16254,2025-07-18,582,530,1,4013.86,0.14
16255,2025-08-08,269,566,2,370.38,0.14
16256,2025-05-17,546,590,4,223.35,0.02
16257,2025-03-29,435,529,5,2220.23,0.2
16258,2025-04-30,179,598,1,4101.33,0.16
16259,2025-03-27,162,503,1,73385.53,0.13
16260,2025-03-06,115,520,5,2707.24,0.01
16261,2025-09-17,340,539,3,12064.14,0.1
16262,2025-01-13,492,568,2,570.14,0.02
16263,2025-04-24,173,569,4,443.31,0.19
16264,2025-07-24,167,582,1,515.19,0.03
16265,2025-06-02,209,599,4,693.65,0.01
16266,2025-06-03,439,541,4,4902.4,0.14
16267,2025-12-13,284,554,3,32800.81,0.16
16268,2025-12-28,401,578,1,867.17,0.14
16269,2025-06-29,549,576,4,475.07,0.08
16270,2025-12-22,270,597,1,5012.13,0.14
16271,2025-10-16,384,590,3,236.95,0.05
16272,2025-09-11,169,577,2,346.93,0.1
16273,2025-07-02,128,516,4,1085.5,0.14
16274,2025-10-12,423,563,3,368.97,0.07
16275,2025-01-22,324,578,1,724.92,0.17
16276,2025-06-24,224,575,5,559.49,0.15
16277,2025-03-14,590,576,3,460.03,0.15
16278,2025-04-17,145,532,3,18897.84,0.01
16279,2025-03-29,329,527,2,9052.36,0.2
16280,2025-03-21,519,547,4,6544.91,0.03
16281,2025-01-20,588,543,2,12753.31,0.19
16282,2025-02-16,320,519,5,1540.92,0.07
16283,2025-03-24,500,575,2,522.15,0.04
16284,2025-04-29,537,554,5,30956.59,0.14
16285,2025-07-26,352,566,2,415.6,0.12
16286,2025-07-27,527,544,3,21806.24,0.15
16287,2025-08-06,563,594,2,432.7,0.13
16288,2025-05-07,581,577,3,378.24,0.1
16289,2025-11-25,425,556,4,14382.89,0.18
16290,2025-11-22,223,513,1,42686.11,0.05
16291,2025-12-23,248,597,3,5668.89,0.09
16292,2025-03-15,521,560,1,19516.36,0.04
16293,2025-03-28,393,540,2,21489.98,0.05
16294,2025-10-25,524,563,3,374.31,0.11
16295,2025-10-30,389,562,3,12337.53,0.18
16296,2025-02-21,454,568,3,493.38,0.02
16297,2025-06-02,516,524,5,4976.01,0.15
16298,2025-08-30,403,574,4,321.91,0.03
16299,2025-11-25,154,578,1,897.28,0.2
16300,2025-04-17,493,563,1,378.54,0.06
16301,2025-06-15,276,514,5,38738.49,0.12
16302,2025-04-13,187,570,1,3164.59,0.04
16303,2025-02-13,453,528,1,14458.31,0.06
16304,2025-11-18,512,576,3,368.19,0.11
16305,2025-08-10,325,530,1,3606.6,0.04
16306,2025-08-18,232,558,5,3127.04,0.04
16307,2025-01-25,482,512,2,25641.16,0.09
16308,2025-09-20,228,568,3,480.86,0.0
16309,2025-01-25,329,537,4,28742.22,0.01
16310,2025-12-21,441,578,1,747.35,0.08
16311,2025-09-11,281,532,3,19188.71,0.2
16312,2025-04-15,292,505,1,111826.33,0.01
16313,2025-08-26,275,540,4,22076.24,0.14
16314,2025-05-30,274,512,5,24513.8,0.18
16315,2025-09-20,432,544,4,23527.41,0.15
16316,2025-11-30,226,556,5,11346.34,0.03
16317,2025-01-26,460,579,3,383.51,0.13
16318,2025-10-21,558,585,2,682.76,0.1
16319,2025-04-29,250,598,4,4583.48,0.17
16320,2025-01-17,325,565,1,233.56,0.08
16321,2025-07-07,434,553,2,30234.11,0.19
16322,2025-09-17,115,506,5,46281.0,0.12
16323,2025-04-23,406,502,2,57975.58,0.03
16324,2025-08-18,326,576,4,455.54,0.19
16325,2025-10-31,349,513,1,44711.57,0.16
16326,2025-10-11,476,513,2,40128.5,0.17
16327,2025-03-25,595,540,1,20884.57,0.12
16328,2025-12-28,351,525,5,2656.8,0.02
16329,2025-05-10,379,511,2,14708.65,0.04
16330,2025-10-28,413,501,3,71318.31,0.07
16331,2025-08-11,434,510,5,122360.24,0.04
16332,2025-03-23,413,575,2,440.36,0.05
16333,2025-10-02,186,528,4,15521.03,0.02
16334,2025-03-30,358,569,4,455.43,0.05
16335,2025-02-04,455,510,4,102522.01,0.16
16336,2025-12-23,297,587,1,671.12,0.09
16337,2025-09-01,538,550,2,9648.62,0.03
16338,2025-06-10,578,511,5,16235.49,0.18
16339,2025-09-16,447,531,5,10381.81,0.19
16340,2025-05-06,325,559,1,15317.58,0.15
16341,2025-12-10,274,507,5,49324.7,0.15
16342,2025-12-17,214,589,3,390.71,0.18
16343,2025-11-26,112,527,4,8079.74,0.13
16344,2025-02-28,548,506,1,59778.94,0.18
16345,2025-12-18,146,589,2,335.61,0.09
16346,2025-08-24,387,527,1,10196.64,0.06
16347,2025-08-20,527,570,4,3055.32,0.09
16348,2025-02-06,243,589,2,308.23,0.08
16349,2025-01-02,296,577,2,360.82,0.05
16350,2025-05-26,456,530,2,3625.11,0.03
16351,2025-10-08,474,597,2,6080.55,0.09
16352,2025-04-17,477,554,2,27847.87,0.1
16353,2025-03-09,101,540,2,22329.88,0.17
16354,2025-11-06,248,545,4,9034.32,0.17
16355,2025-04-05,242,549,1,28752.66,0.12
16356,2025-07-22,113,581,4,638.65,0.03
16357,2025-08-10,266,524,3,4328.88,0.04
16358,2025-01-01,195,551,3,12258.29,0.13
16359,2025-05-10,528,595,4,3382.24,0.18
16360,2025-06-25,343,588,2,1080.98,0.19
16361,2025-07-05,415,516,5,1012.02,0.02
16362,2025-02-16,172,546,1,6929.66,0.18
16363,2025-05-01,152,578,4,779.6,0.05
16364,2025-10-27,565,587,3,727.1,0.07
16365,2025-07-31,109,534,1,39529.52,0.05
16366,2025-06-18,283,542,5,8810.95,0.13
16367,2025-01-21,523,567,5,768.8,0.2
16368,2025-12-07,398,579,3,448.35,0.09
16369,2025-11-10,152,579,2,379.03,0.11
16370,2025-08-24,200,568,2,606.56,0.11
16371,2025-07-05,115,539,1,11723.75,0.2
16372,2025-05-02,306,568,2,539.49,0.08
16373,2025-05-16,492,600,3,1096.08,0.01
16374,2025-06-02,136,538,1,55133.07,0.17
16375,2025-09-05,549,562,2,11867.25,0.05
16376,2025-08-20,492,571,5,180.53,0.01
16377,2025-07-01,211,516,4,928.69,0.12
16378,2025-12-06,205,587,3,787.46,0.15
16379,2025-02-19,428,565,2,196.55,0.08
16380,2025-06-05,215,519,3,1821.04,0.11
16381,2025-06-09,544,594,4,533.38,0.04
16382,2025-02-28,452,543,2,14472.08,0.02
16383,2025-10-03,508,579,5,439.0,0.18
16384,2025-03-26,591,534,3,45378.99,0.17
16385,2025-04-21,473,591,3,614.31,0.15
16386,2025-01-24,505,573,4,357.41,0.05
16387,2025-01-11,327,557,4,17383.42,0.16
16388,2025-01-23,431,584,2,829.44,0.02
16389,2025-01-30,319,574,2,332.51,0.14
16390,2025-08-04,452,566,4,432.31,0.16
16391,2025-06-13,104,556,4,13993.67,0.15
16392,2025-08-11,450,541,2,4954.1,0.15
16393,2025-10-03,530,556,5,13663.12,0.04
16394,2025-06-03,358,557,2,18280.57,0.1
16395,2025-12-13,173,579,2,436.89,0.13
16396,2025-09-13,325,582,3,550.8,0.18
16397,2025-10-30,322,540,2,21713.87,0.05
16398,2025-07-03,231,530,4,3930.57,0.16
16399,2025-12-30,552,530,3,4467.33,0.02
16400,2025-09-04,254,571,2,191.9,0.14
16401,2025-08-13,308,570,3,3414.22,0.02
16402,2025-11-26,205,540,5,20103.83,0.01
16403,2025-10-28,209,556,2,12443.73,0.01
16404,2025-04-30,260,518,3,3698.3,0.14
16405,2025-09-11,122,565,3,193.22,0.13
16406,2025-03-15,374,575,4,534.74,0.0
16407,2025-03-17,379,591,4,548.24,0.17
16408,2025-01-15,578,537,2,21793.54,0.01
16409,2025-01-26,325,549,2,22391.79,0.1
16410,2025-02-12,170,554,4,27482.54,0.03
16411,2025-10-09,134,536,4,28754.11,0.01
16412,2025-08-06,525,527,1,8239.43,0.12
16413,2025-08-10,530,543,3,14950.19,0.12
16414,2025-05-03,267,519,4,1914.92,0.05
16415,2025-11-03,215,563,4,343.68,0.03
16416,2025-09-02,464,514,2,46105.6,0.02
16417,2025-03-03,241,545,2,9105.5,0.1
16418,2025-04-02,579,587,5,675.2,0.03
16419,2025-08-20,214,562,2,12320.22,0.01
16420,2025-09-10,333,590,5,250.13,0.15
16421,2025-12-01,387,555,4,8457.03,0.12
16422,2025-05-07,336,586,3,807.46,0.12
16423,2025-12-09,452,516,3,1011.56,0.15
16424,2025-03-31,541,579,1,377.46,0.1
16425,2025-01-20,167,568,2,635.38,0.07
16426,2025-06-06,569,563,4,330.01,0.17
16427,2025-08-26,534,554,5,27735.4,0.04
16428,2025-08-26,522,517,5,1555.37,0.05
16429,2025-10-07,541,585,3,655.63,0.08
16430,2025-10-25,144,562,2,13501.27,0.15
16431,2025-05-29,311,509,1,54249.93,0.2
16432,2025-04-29,328,556,3,12204.8,0.08
16433,2025-10-07,101,528,1,15149.46,0.07
16434,2025-01-24,252,596,1,3610.83,0.02
16435,2025-04-19,489,550,2,9353.35,0.17
16436,2025-10-11,344,509,3,45267.33,0.16
16437,2025-06-02,176,579,2,437.24,0.11
16438,2025-12-02,575,509,4,55149.45,0.14
16439,2025-02-24,399,572,2,221.27,0.17
16440,2025-03-15,549,574,2,283.57,0.09
16441,2025-09-10,332,557,2,17568.15,0.15
16442,2025-07-23,116,521,1,5395.19,0.03
16443,2025-08-23,351,544,3,22899.08,0.06
16444,2025-11-01,538,587,4,792.37,0.12
16445,2025-04-03,152,586,5,812.85,0.16
16446,2025-04-21,111,562,5,11656.89,0.15
16447,2025-01-23,550,515,5,50176.27,0.07
16448,2025-08-26,361,599,2,705.64,0.14
16449,2025-06-03,219,538,4,46462.56,0.18
16450,2025-08-30,336,538,3,47268.64,0.17
16451,2025-06-23,268,527,3,9948.22,0.12
16452,2025-09-27,215,567,3,626.34,0.13
16453,2025-10-07,567,563,2,357.06,0.17
16454,2025-09-12,446,502,5,57964.71,0.19
16455,2025-10-14,532,579,3,390.98,0.02
16456,2025-11-23,288,530,1,4263.34,0.17
16457,2025-11-27,377,537,3,27043.1,0.1
16458,2025-01-26,262,566,2,474.11,0.05
16459,2025-03-04,295,560,5,18485.67,0.07
16460,2025-02-18,385,522,4,8384.98,0.2
16461,2025-08-28,458,521,1,5275.85,0.07
16462,2025-01-03,457,572,3,230.21,0.1
16463,2025-06-07,159,553,1,33337.48,0.16
16464,2025-08-31,542,516,5,1024.74,0.09
16465,2025-03-10,200,512,4,23112.08,0.13
16466,2025-02-26,480,566,4,454.83,0.02
16467,2025-07-23,533,512,1,26417.97,0.19
16468,2025-01-09,473,515,3,56412.07,0.09
16469,2025-06-24,139,514,4,38514.07,0.03
16470,2025-11-12,600,517,4,1585.89,0.1
16471,2025-11-18,565,567,1,615.77,0.1
16472,2025-08-07,467,559,4,13464.51,0.16
16473,2025-05-14,206,577,3,354.94,0.18
16474,2025-06-01,305,560,2,20743.89,0.12
16475,2025-10-03,263,595,3,3155.8,0.04
16476,2025-02-19,130,562,2,13560.86,0.1
16477,2025-09-06,507,599,1,554.29,0.05
16478,2025-09-26,303,591,1,605.88,0.07
16479,2025-12-11,162,573,3,304.98,0.1
16480,2025-05-07,180,516,5,1079.18,0.05
16481,2025-10-04,553,553,5,37826.74,0.04
16482,2025-01-31,301,520,1,2163.38,0.15
16483,2025-07-16,581,516,4,984.61,0.14
16484,2025-07-26,123,567,4,698.65,0.05
16485,2025-08-30,276,574,5,300.0,0.03
16486,2025-01-01,284,574,5,347.68,0.14
16487,2025-03-25,284,585,4,564.26,0.18
16488,2025-12-23,270,576,5,408.58,0.08
16489,2025-05-07,116,588,4,1170.69,0.09
16490,2025-04-19,594,573,4,365.54,0.07
16491,2025-08-26,595,513,1,39151.14,0.16
16492,2025-07-05,168,587,3,670.57,0.13
16493,2025-04-13,222,596,5,4273.83,0.04
16494,2025-12-13,409,592,4,351.23,0.04
16495,2025-09-30,326,535,5,15773.54,0.16
16496,2025-02-05,463,595,3,3900.48,0.09
16497,2025-05-12,516,549,5,27775.99,0.16
16498,2025-05-28,456,520,4,2577.0,0.02
16499,2025-03-24,371,564,2,554.95,0.01
16500,2025-02-26,132,548,2,14910.68,0.02
16501,2025-08-11,528,562,5,12729.21,0.13
16502,2025-02-14,256,545,3,10885.78,0.06
16503,2025-12-26,341,587,4,693.09,0.05
16504,2025-12-07,204,531,5,10145.06,0.02
16505,2025-07-05,520,544,4,25165.14,0.09
16506,2025-12-15,287,568,1,522.3,0.07
16507,2025-04-10,127,587,5,601.88,0.19
16508,2025-12-02,524,554,5,27336.61,0.07
16509,2025-02-13,289,507,4,51435.62,0.17
16510,2025-12-16,397,572,5,230.05,0.06
16511,2025-08-08,561,551,5,11867.24,0.04
16512,2025-10-16,378,554,1,28529.4,0.01
16513,2025-05-24,250,569,3,514.49,0.01
16514,2025-02-22,448,592,2,315.17,0.19
16515,2025-10-03,186,568,3,622.41,0.01
16516,2025-02-08,434,574,5,345.71,0.11
16517,2025-09-19,115,585,1,566.28,0.18
16518,2025-11-13,368,524,5,4328.7,0.18
16519,2025-08-30,316,505,4,97124.12,0.13
16520,2025-01-30,121,587,5,761.12,0.06
16521,2025-06-18,392,530,1,3760.0,0.11
16522,2025-10-01,166,579,2,432.35,0.11
16523,2025-03-19,571,519,4,1585.99,0.05
16524,2025-03-19,452,577,3,418.13,0.15
16525,2025-01-04,136,532,2,21969.16,0.09
16526,2025-05-28,328,544,4,25716.92,0.15
16527,2025-07-28,271,553,3,33700.59,0.09
16528,2025-08-02,577,513,5,37232.2,0.04
16529,2025-04-30,170,586,3,663.45,0.13
16530,2025-09-10,562,546,4,6955.33,0.06
16531,2025-01-15,110,600,2,856.84,0.01
16532,2025-08-31,387,577,2,348.42,0.12
16533,2025-09-29,198,557,3,18281.05,0.04
16534,2025-05-14,442,527,1,10087.86,0.15
16535,2025-05-13,199,529,3,2276.41,0.12
16536,2025-04-26,131,515,1,57598.8,0.13
16537,2025-12-08,546,558,1,3362.86,0.07
16538,2025-06-17,250,501,4,82375.27,0.02
16539,2025-03-10,308,581,3,760.91,0.09
16540,2025-01-29,427,554,4,31176.73,0.14
16541,2025-10-22,398,536,5,28102.76,0.18
16542,2025-02-25,444,501,5,73605.27,0.16
16543,2025-05-08,298,596,2,4386.38,0.03
16544,2025-01-01,584,547,2,7617.1,0.14
16545,2025-09-27,284,554,2,31307.27,0.18
16546,2025-10-24,266,562,2,13066.79,0.16
16547,2025-06-25,435,518,2,3801.14,0.02
16548,2025-05-26,578,535,5,15491.77,0.09
16549,2025-11-27,282,550,1,10457.44,0.02
16550,2025-09-06,102,506,1,57151.81,0.09
16551,2025-02-26,459,503,2,61543.23,0.11
16552,2025-04-25,571,550,4,10206.42,0.09
16553,2025-03-20,433,560,3,19816.57,0.06
16554,2025-10-17,226,594,2,504.88,0.15
16555,2025-09-16,355,524,5,4729.43,0.02
16556,2025-07-11,533,561,3,11033.23,0.1
16557,2025-12-20,286,526,3,7453.73,0.13
16558,2025-06-17,252,588,5,1215.36,0.13
16559,2025-12-09,295,517,2,1602.08,0.1
16560,2025-10-01,506,548,3,12094.8,0.12
16561,2025-07-08,348,574,5,337.29,0.07
16562,2025-02-20,597,506,2,56054.56,0.01
16563,2025-01-27,515,589,2,312.12,0.11
16564,2025-05-22,450,584,2,824.47,0.13
16565,2025-11-24,159,592,5,287.39,0.15
16566,2025-05-21,321,531,5,10207.46,0.15
16567,2025-03-04,465,519,4,1649.35,0.17
16568,2025-06-07,534,566,4,418.24,0.13
16569,2025-10-24,376,560,2,22009.57,0.16
16570,2025-03-30,493,532,3,22234.78,0.2
16571,2025-11-25,392,506,5,53389.42,0.03
16572,2025-12-07,221,565,4,234.77,0.2
16573,2025-07-22,253,536,2,27322.21,0.11
16574,2025-10-27,585,578,5,904.87,0.18
16575,2025-06-04,371,597,1,4901.99,0.03
16576,2025-05-10,492,562,1,12363.03,0.07
16577,2025-10-28,565,519,4,1463.73,0.19
16578,2025-11-22,367,510,3,102014.54,0.2
16579,2025-05-16,273,507,2,62784.46,0.1
16580,2025-02-22,440,579,2,385.36,0.04
16581,2025-04-14,178,544,3,26270.35,0.16
16582,2025-03-28,361,568,3,633.78,0.17
16583,2025-09-11,511,549,2,22328.22,0.06
16584,2025-02-14,492,520,4,2181.01,0.19
16585,2025-06-10,500,589,4,357.3,0.02
16586,2025-10-17,504,583,5,1105.38,0.12
16587,2025-09-14,516,597,1,5684.65,0.1
16588,2025-12-12,123,531,2,11467.11,0.09
16589,2025-12-14,425,569,5,542.23,0.17
16590,2025-04-18,578,600,1,972.37,0.12
16591,2025-01-17,282,569,5,480.21,0.16
16592,2025-05-31,572,529,2,2360.18,0.07
16593,2025-12-28,499,560,2,22013.1,0.05
16594,2025-01-13,269,536,4,34440.49,0.08
16595,2025-07-22,589,575,2,480.31,0.11
16596,2025-03-16,384,539,4,12148.29,0.16
16597,2025-11-12,334,569,5,448.28,0.13
16598,2025-01-04,402,550,5,9359.14,0.1
16599,2025-07-13,351,516,5,1018.63,0.14
16600,2025-04-11,195,571,1,162.75,0.06
16601,2025-04-03,158,564,3,612.78,0.16
16602,2025-05-28,162,524,2,4299.32,0.06
16603,2025-08-12,443,526,4,8399.89,0.08
16604,2025-12-12,536,585,1,626.51,0.19
16605,2025-07-03,206,586,3,772.56,0.19
16606,2025-03-03,499,541,4,5015.67,0.19
16607,2025-08-18,487,579,2,439.48,0.04
16608,2025-01-06,530,553,1,39802.65,0.07
16609,2025-08-17,205,572,4,284.38,0.2
16610,2025-08-22,192,523,3,2730.2,0.1
16611,2025-07-25,466,548,2,14140.12,0.11
16612,2025-03-22,232,506,2,56157.38,0.07
16613,2025-08-09,365,570,2,2786.47,0.04
16614,2025-12-21,458,548,1,14610.06,0.16
16615,2025-10-25,537,591,3,605.35,0.18
16616,2025-01-04,324,509,5,49523.56,0.13
16617,2025-10-23,470,579,3,434.39,0.11
16618,2025-08-25,142,511,4,17298.81,0.04
16619,2025-11-02,214,534,5,47909.2,0.08
16620,2025-11-10,435,540,5,19405.18,0.05
16621,2025-08-09,389,514,5,39959.55,0.11
16622,2025-04-21,454,547,2,6543.36,0.1
16623,2025-05-27,116,592,1,318.37,0.1
16624,2025-10-01,411,511,5,14545.75,0.13
16625,2025-03-22,373,571,1,165.03,0.14
16626,2025-11-04,199,581,4,673.66,0.05
16627,2025-07-18,599,585,2,712.51,0.02
16628,2025-11-28,338,561,3,10925.47,0.1
16629,2025-02-10,173,527,4,9998.6,0.09
16630,2025-05-26,530,598,5,3638.95,0.11
16631,2025-12-17,562,571,3,150.84,0.17
16632,2025-12-24,176,575,4,556.79,0.09
16633,2025-01-11,365,565,5,226.33,0.17
16634,2025-06-09,420,582,5,527.61,0.1
16635,2025-05-08,230,599,2,606.69,0.07
16636,2025-01-29,256,560,5,17494.68,0.17
16637,2025-02-23,555,599,2,708.07,0.19
16638,2025-05-25,199,535,3,17485.2,0.11
16639,2025-11-14,350,506,3,51774.2,0.17
16640,2025-02-03,438,543,5,13881.1,0.14
16641,2025-04-12,144,554,3,35067.36,0.12
16642,2025-05-24,218,542,5,8225.77,0.1
16643,2025-01-19,353,558,4,3896.34,0.05
16644,2025-02-11,316,503,1,65250.15,0.17
16645,2025-08-07,374,531,3,11086.93,0.1
16646,2025-10-20,501,578,4,927.17,0.18
16647,2025-08-12,484,514,3,50737.84,0.04
16648,2025-01-09,117,525,3,2481.31,0.11
16649,2025-08-02,546,504,4,96472.77,0.1
16650,2025-06-22,364,578,4,738.08,0.11
16651,2025-11-11,541,577,1,412.15,0.0
16652,2025-08-13,571,572,4,269.18,0.1
16653,2025-01-15,206,516,2,861.11,0.18
16654,2025-02-21,469,555,4,9013.97,0.11
16655,2025-08-26,532,559,3,14999.55,0.16
16656,2025-12-19,423,549,5,25221.78,0.05
16657,2025-04-27,196,571,4,190.77,0.19
16658,2025-05-06,130,535,4,18582.66,0.01
16659,2025-10-24,132,577,2,444.76,0.08
16660,2025-04-05,404,571,4,174.69,0.1
16661,2025-04-20,211,596,3,4441.61,0.07
16662,2025-03-03,206,529,3,2684.01,0.09
16663,2025-03-06,153,501,5,79693.48,0.08
16664,2025-01-22,306,520,3,2388.97,0.05
16665,2025-02-22,127,536,3,28421.6,0.15
16666,2025-07-21,290,523,4,3174.89,0.08
16667,2025-09-08,344,595,3,3052.94,0.03
16668,2025-05-13,587,521,5,4260.42,0.12
16669,2025-07-24,329,569,4,499.99,0.17
16670,2025-04-19,389,538,1,49311.05,0.15
16671,2025-05-26,438,505,3,84838.41,0.08
16672,2025-10-22,329,525,4,2731.82,0.01
16673,2025-06-04,192,563,3,395.71,0.01
16674,2025-11-28,225,582,2,565.73,0.05
16675,2025-03-27,147,516,3,888.36,0.1
16676,2025-01-01,494,504,2,83672.38,0.18
16677,2025-07-05,314,580,1,247.55,0.11
16678,2025-01-26,509,580,4,285.55,0.09
16679,2025-06-27,550,539,1,10108.06,0.02
16680,2025-11-15,233,583,3,1109.71,0.09
16681,2025-06-13,391,565,2,202.74,0.1
16682,2025-08-01,449,571,1,166.75,0.11
16683,2025-09-09,312,507,2,56298.35,0.08
16684,2025-10-31,262,551,2,10386.11,0.14
16685,2025-01-20,390,558,5,3676.28,0.06
16686,2025-08-05,149,574,5,281.32,0.2
16687,2025-11-26,424,565,1,227.2,0.1
16688,2025-07-25,316,560,5,17193.13,0.02
16689,2025-04-11,374,557,5,14818.17,0.19
16690,2025-11-13,367,559,1,14964.59,0.15
16691,2025-10-01,473,578,4,790.62,0.14
16692,2025-07-02,314,507,5,62878.96,0.06
16693,2025-05-23,368,562,5,12326.9,0.01
16694,2025-04-13,340,582,1,619.31,0.15
16695,2025-01-22,564,585,2,699.5,0.09
16696,2025-12-27,229,573,5,389.14,0.01
16697,2025-07-21,159,587,3,759.31,0.19
16698,2025-06-30,515,553,4,30360.22,0.12
16699,2025-11-15,540,599,5,577.13,0.01
16700,2025-07-28,443,535,1,17803.41,0.02
16701,2025-01-11,331,589,2,342.24,0.07
16702,2025-09-13,274,532,3,20341.51,0.07
16703,2025-11-12,170,551,5,12478.81,0.02
16704,2025-03-21,483,553,1,36168.51,0.13
16705,2025-01-15,534,543,4,14288.9,0.14
16706,2025-11-03,363,531,1,12255.13,0.05
16707,2025-11-27,214,543,1,14240.96,0.14
16708,2025-06-24,379,582,5,562.43,0.17
16709,2025-11-24,345,553,3,34740.55,0.16
16710,2025-04-03,476,576,5,378.75,0.11
16711,2025-01-15,465,578,4,857.63,0.18
16712,2025-05-06,587,510,5,132962.31,0.19
16713,2025-06-24,589,583,5,1113.71,0.02
16714,2025-05-26,369,518,4,3982.05,0.04
16715,2025-06-29,261,547,5,7531.71,0.04
16716,2025-02-13,396,554,4,34006.06,0.17
16717,2025-05-23,362,533,5,38406.01,0.15
16718,2025-11-17,200,560,3,20455.61,0.03
16719,2025-03-27,214,538,3,46684.22,0.0
16720,2025-03-30,320,535,2,18404.47,0.15
16721,2025-02-02,364,513,4,34538.97,0.12
16722,2025-07-18,524,510,1,124808.07,0.06
16723,2025-03-17,443,506,5,51821.67,0.09
16724,2025-07-06,272,548,2,14504.78,0.14
16725,2025-07-17,101,509,2,49491.29,0.13
16726,2025-11-23,372,571,4,171.93,0.07
16727,2025-09-06,284,539,4,12171.97,0.01
16728,2025-01-08,279,585,5,697.9,0.18
16729,2025-12-12,478,581,1,772.94,0.12
16730,2025-01-27,145,509,2,53689.83,0.13
16731,2025-06-11,490,581,3,702.89,0.03
16732,2025-07-02,477,516,4,876.43,0.09
16733,2025-09-23,302,532,5,22586.29,0.06
16734,2025-01-20,434,505,3,98081.49,0.15
16735,2025-10-08,300,522,3,8470.39,0.0
16736,2025-12-26,237,551,4,11194.01,0.12
16737,2025-05-13,222,550,4,11500.02,0.17
16738,2025-08-09,409,536,2,32004.01,0.02
16739,2025-11-26,564,515,1,52377.35,0.07
16740,2025-12-27,281,545,3,10228.33,0.19
16741,2025-01-11,595,566,5,360.99,0.07
16742,2025-07-23,524,512,4,21707.37,0.18
16743,2025-08-28,155,566,1,433.66,0.0
16744,2025-06-11,527,589,1,380.22,0.0
16745,2025-07-25,143,530,3,4007.04,0.09
16746,2025-10-24,579,557,5,14869.57,0.18
16747,2025-09-14,307,573,4,380.77,0.05
16748,2025-05-28,413,567,1,782.32,0.03
16749,2025-11-13,431,566,1,429.95,0.13
16750,2025-08-01,144,584,1,854.48,0.01
16751,2025-03-20,530,538,4,46811.97,0.08
16752,2025-06-14,377,521,1,5521.4,0.16
16753,2025-08-02,241,561,2,11071.25,0.14
16754,2025-06-13,440,578,5,852.73,0.11
16755,2025-06-23,372,507,2,48305.01,0.12
16756,2025-08-13,158,588,1,1326.42,0.13
16757,2025-10-03,484,541,3,4600.11,0.03
16758,2025-11-22,325,551,2,12452.83,0.03
16759,2025-07-27,120,569,5,469.44,0.03
16760,2025-05-03,587,584,5,801.22,0.03
16761,2025-01-07,422,511,2,14454.55,0.06
16762,2025-08-12,310,581,2,781.77,0.03
16763,2025-06-01,266,510,3,122871.11,0.16
16764,2025-08-19,528,539,5,12070.96,0.12
16765,2025-02-24,436,560,3,17085.63,0.12
16766,2025-05-11,324,546,4,6008.64,0.16
16767,2025-06-18,599,547,5,7538.76,0.08
16768,2025-02-25,277,511,4,17560.11,0.18
16769,2025-01-29,124,596,5,4331.86,0.02
16770,2025-05-16,536,587,1,711.63,0.08
16771,2025-12-31,213,583,2,1190.41,0.16
16772,2025-04-11,529,505,4,98696.63,0.13
16773,2025-06-01,519,508,2,92534.68,0.02
16774,2025-11-10,224,592,5,314.13,0.17
16775,2025-06-02,336,529,3,2461.16,0.16
16776,2025-04-03,222,561,5,11135.27,0.16
16777,2025-05-15,439,553,2,34509.42,0.09
16778,2025-10-13,159,573,2,381.57,0.0
16779,2025-08-09,231,504,1,92991.68,0.02
16780,2025-05-20,413,563,4,306.39,0.2
16781,2025-12-05,388,522,4,8201.91,0.07
16782,2025-09-20,304,526,1,8456.98,0.03
16783,2025-02-12,377,536,2,34921.73,0.19
16784,2025-12-31,336,519,4,1455.6,0.05
16785,2025-07-06,240,595,1,3490.75,0.05
16786,2025-07-13,370,584,3,832.29,0.04
16787,2025-03-02,144,547,4,7329.14,0.12
16788,2025-03-30,331,544,4,27058.15,0.04
16789,2025-09-17,396,501,3,73779.42,0.05
16790,2025-11-14,535,549,4,21927.12,0.01
16791,2025-02-02,298,582,1,572.49,0.04
16792,2025-05-03,422,541,5,5259.71,0.08
16793,2025-11-18,346,546,4,6629.46,0.03
16794,2025-12-07,240,507,1,57925.67,0.13
16795,2025-06-23,258,571,2,148.72,0.05
16796,2025-09-05,138,589,1,329.64,0.04
16797,2025-12-13,419,563,5,359.24,0.18
16798,2025-12-31,428,584,5,896.18,0.03
16799,2025-10-01,569,511,3,18658.04,0.1
16800,2025-03-15,415,513,1,40063.88,0.04
16801,2025-07-20,454,529,1,2303.54,0.08
16802,2025-12-14,227,595,3,3332.29,0.12
16803,2025-09-30,292,586,5,802.57,0.08
16804,2025-04-01,341,600,2,871.16,0.16
16805,2025-01-07,179,501,3,80571.58,0.12
16806,2025-05-23,506,505,5,111155.2,0.05
16807,2025-10-19,367,559,2,16161.81,0.05
16808,2025-02-27,186,547,1,7551.81,0.08
16809,2025-08-31,142,548,5,15143.95,0.02
16810,2025-02-13,501,561,3,9022.48,0.17
16811,2025-04-22,447,571,3,186.38,0.01
16812,2025-06-13,324,553,1,33501.22,0.2
16813,2025-11-29,287,548,4,12720.84,0.06
16814,2025-06-18,457,527,3,9737.18,0.16
16815,2025-07-02,277,509,3,44967.8,0.05
16816,2025-03-13,308,570,1,2988.19,0.01
16817,2025-07-31,556,585,5,646.19,0.09
16818,2025-03-03,297,595,2,3697.98,0.03
16819,2025-06-10,132,504,2,81195.33,0.18
16820,2025-08-10,205,556,3,11924.69,0.08
16821,2025-09-20,555,536,5,30435.26,0.19
16822,2025-05-02,170,559,4,16463.78,0.13
16823,2025-02-11,572,546,2,7282.0,0.13
16824,2025-01-18,407,520,3,2691.03,0.13
16825,2025-06-22,119,548,3,15026.39,0.19
16826,2025-03-02,378,526,4,8028.34,0.04
16827,2025-04-10,576,502,5,68087.04,0.11
16828,2025-11-05,194,535,1,18761.16,0.12
16829,2025-12-28,446,527,3,9357.61,0.16
16830,2025-09-11,399,584,4,935.49,0.02
16831,2025-04-26,578,567,3,799.3,0.11
16832,2025-10-25,370,596,4,4423.74,0.02
16833,2025-08-11,234,550,1,9609.78,0.06
16834,2025-03-09,499,544,2,23667.12,0.16
16835,2025-02-22,438,566,1,464.89,0.09
16836,2025-12-15,166,572,4,225.0,0.06
16837,2025-08-15,496,568,5,486.09,0.2
16838,2025-08-13,166,526,3,6673.52,0.01
16839,2025-02-24,247,503,2,75788.93,0.17
16840,2025-08-14,534,600,5,1021.83,0.02
16841,2025-07-07,293,546,4,6845.78,0.17
16842,2025-10-25,575,556,1,13265.86,0.09
16843,2025-08-21,292,558,1,3688.66,0.02
16844,2025-07-23,203,594,5,506.32,0.15
16845,2025-06-27,313,541,3,5467.8,0.14
16846,2025-07-23,593,544,2,23640.87,0.03
16847,2025-07-15,244,538,5,49254.74,0.04
16848,2025-07-25,104,517,4,1453.03,0.08
16849,2025-10-28,352,569,4,529.24,0.08
16850,2025-03-01,465,581,2,753.63,0.07
16851,2025-01-08,547,547,5,7658.71,0.01
16852,2025-04-23,232,597,1,6179.28,0.17
16853,2025-09-26,357,564,3,607.28,0.17
16854,2025-05-06,329,531,5,11958.15,0.19
16855,2025-10-28,199,580,4,274.18,0.16
16856,2025-01-16,545,585,5,674.59,0.13
16857,2025-12-07,313,510,5,130173.56,0.14
16858,2025-04-15,404,522,2,10030.82,0.06
16859,2025-03-16,254,510,1,130047.57,0.19
16860,2025-10-31,225,552,3,25329.05,0.1
16861,2025-05-26,518,567,3,608.62,0.15
16862,2025-04-24,593,543,2,14239.65,0.12
16863,2025-05-25,299,533,3,35810.14,0.08
16864,2025-05-18,298,539,4,11491.42,0.16
16865,2025-11-07,522,571,1,146.37,0.01
16866,2025-07-22,127,517,1,1715.7,0.11
16867,2025-06-20,177,526,4,8706.82,0.08
16868,2025-06-29,427,540,5,21189.94,0.07
16869,2025-02-08,184,578,5,860.08,0.04
16870,2025-03-11,357,539,2,12411.62,0.13
16871,2025-05-11,208,569,3,434.96,0.18
16872,2025-04-18,137,532,3,23779.31,0.01
16873,2025-03-10,201,506,1,55017.88,0.11
16874,2025-05-29,218,521,1,4516.63,0.19
16875,2025-05-20,584,514,5,40140.88,0.18
16876,2025-07-16,508,597,2,5368.91,0.19
16877,2025-03-03,270,537,3,21891.46,0.12
16878,2025-05-06,600,556,1,11779.25,0.05
16879,2025-09-29,488,580,3,230.2,0.12
16880,2025-03-02,419,516,1,895.19,0.18
16881,2025-01-28,370,545,3,11251.18,0.16
16882,2025-10-27,443,589,4,364.55,0.09
16883,2025-06-25,220,556,3,12421.7,0.15
16884,2025-05-20,291,578,2,869.86,0.04
16885,2025-06-16,346,590,2,252.18,0.03
16886,2025-03-02,426,577,3,386.82,0.03
16887,2025-04-15,598,523,5,2795.64,0.15
16888,2025-07-18,544,512,3,26771.77,0.05
16889,2025-12-23,292,538,1,55165.89,0.16
16890,2025-11-26,348,506,3,60420.41,0.09
16891,2025-03-22,354,579,5,445.82,0.16
16892,2025-10-28,284,581,4,659.09,0.1
16893,2025-11-21,274,572,5,249.68,0.08
16894,2025-01-13,469,565,1,227.87,0.01
16895,2025-02-20,244,584,1,839.72,0.09
16896,2025-09-05,293,588,4,1318.79,0.06
16897,2025-06-09,415,543,3,14379.87,0.14
16898,2025-10-07,449,540,5,18019.95,0.15
16899,2025-01-22,236,510,1,135734.38,0.01
16900,2025-02-21,493,528,2,16552.85,0.04
16901,2025-12-10,245,512,1,23489.66,0.09
16902,2025-05-04,445,543,1,13504.98,0.04
16903,2025-01-31,481,549,2,23783.19,0.03
16904,2025-11-09,144,503,4,75685.41,0.09
16905,2025-08-31,134,576,3,365.15,0.14
16906,2025-10-05,348,525,1,2198.55,0.03
16907,2025-06-01,590,562,3,12106.04,0.09
16908,2025-07-10,292,530,3,4572.19,0.19
16909,2025-08-25,392,502,5,57627.82,0.01
16910,2025-09-04,385,586,1,752.47,0.08
16911,2025-01-01,518,546,5,6812.29,0.1
16912,2025-05-16,186,555,5,7855.8,0.09
16913,2025-04-21,492,539,5,11860.93,0.11
16914,2025-01-02,590,530,4,4632.36,0.19
16915,2025-10-31,152,538,3,53536.5,0.12
16916,2025-12-30,463,589,5,347.97,0.18
16917,2025-07-27,470,554,2,31210.63,0.13
16918,2025-02-09,299,521,1,4593.66,0.03
16919,2025-07-26,535,580,2,282.99,0.08
16920,2025-06-29,369,577,2,360.17,0.16
16921,2025-01-26,168,520,1,2293.79,0.14
16922,2025-08-19,173,584,2,927.31,0.04
16923,2025-12-08,565,511,2,16762.16,0.11
16924,2025-10-02,164,525,1,2479.53,0.02
16925,2025-11-15,378,538,1,48733.45,0.16
16926,2025-12-13,187,513,1,34737.26,0.01
16927,2025-08-15,421,506,1,57865.21,0.02
16928,2025-12-15,420,543,2,11808.26,0.07
16929,2025-07-06,123,569,4,426.91,0.05
16930,2025-11-27,520,577,4,349.41,0.07
16931,2025-08-22,149,582,2,501.42,0.07
16932,2025-03-20,530,567,3,702.9,0.16
16933,2025-04-06,492,576,5,451.69,0.16
16934,2025-08-21,387,534,4,43022.58,0.05
16935,2025-02-17,168,503,4,66690.35,0.06
16936,2025-01-11,172,544,4,27769.46,0.09
16937,2025-10-01,534,572,1,246.66,0.14
16938,2025-05-14,283,522,4,9727.55,0.17
16939,2025-12-25,549,557,4,16283.94,0.18
16940,2025-05-03,557,582,3,632.41,0.02
16941,2025-10-05,435,530,2,3861.55,0.07
16942,2025-05-20,484,580,4,261.75,0.18
16943,2025-05-14,116,529,5,2449.47,0.18
16944,2025-10-30,479,591,3,624.33,0.15
16945,2025-02-10,412,580,5,272.87,0.04
16946,2025-01-14,378,534,4,46089.89,0.04
16947,2025-02-19,188,534,5,44973.16,0.05
16948,2025-12-01,386,504,2,78401.31,0.08
16949,2025-03-01,176,580,1,225.81,0.11
16950,2025-04-07,214,559,1,14866.1,0.02
16951,2025-06-24,219,539,3,11422.31,0.13
16952,2025-05-24,448,572,4,236.58,0.07
16953,2025-08-02,104,593,3,214.88,0.17
16954,2025-02-28,468,510,5,106625.01,0.12
16955,2025-09-03,581,588,1,1082.83,0.02
16956,2025-03-24,225,595,3,3566.99,0.05
16957,2025-12-18,211,574,5,322.89,0.01
16958,2025-09-21,443,579,3,427.17,0.09
16959,2025-01-04,358,599,2,554.42,0.11
16960,2025-12-23,189,599,1,684.08,0.19
16961,2025-11-20,394,539,5,10203.57,0.19
16962,2025-11-13,261,519,2,1824.11,0.19
16963,2025-03-15,447,534,5,40251.32,0.04
16964,2025-03-13,315,550,1,10665.15,0.09
16965,2025-07-01,305,518,4,3232.69,0.14
16966,2025-11-12,484,568,2,560.46,0.09
16967,2025-08-19,566,503,4,70417.89,0.01
16968,2025-05-06,213,527,4,8456.2,0.16
16969,2025-01-21,509,583,2,925.89,0.15
16970,2025-04-10,310,559,5,13861.17,0.12
16971,2025-09-22,437,501,3,85269.99,0.13
16972,2025-09-25,520,511,1,18565.09,0.05
16973,2025-07-20,175,584,3,814.49,0.11
16974,2025-01-25,393,540,2,19202.82,0.11
16975,2025-02-13,362,515,4,56646.5,0.09
16976,2025-10-11,217,546,1,7024.05,0.11
16977,2025-12-01,275,583,4,936.87,0.0
16978,2025-01-18,248,533,2,36831.37,0.11
16979,2025-11-05,591,549,5,24813.34,0.02
16980,2025-03-16,395,514,1,49027.27,0.19
16981,2025-04-23,170,520,2,2818.08,0.09
16982,2025-01-03,172,564,4,634.6,0.16
16983,2025-05-18,371,584,1,846.44,0.02
16984,2025-06-25,348,558,2,3381.66,0.14
16985,2025-06-06,370,566,2,476.73,0.19
16986,2025-08-24,370,521,4,5590.87,0.13
16987,2025-08-12,600,596,2,3866.82,0.13
16988,2025-07-14,507,549,4,21738.15,0.09
16989,2025-02-17,304,579,3,421.41,0.03
16990,2025-04-28,542,526,5,7746.1,0.12
16991,2025-12-17,390,533,3,38637.22,0.08
16992,2025-10-27,326,593,3,206.4,0.01
16993,2025-09-15,273,509,1,50054.68,0.03
16994,2025-04-04,245,559,2,13792.0,0.08
16995,2025-11-08,111,560,2,18361.58,0.09
16996,2025-05-15,513,531,1,11173.72,0.04
16997,2025-08-30,328,532,2,19502.21,0.06
16998,2025-08-20,301,572,4,271.41,0.08
16999,2025-10-26,187,513,5,36598.43,0.13
17000,2025-03-05,183,563,3,341.23,0.02
17001,2025-04-27,174,528,5,16847.86,0.01
17002,2025-04-26,499,592,2,266.48,0.04
17003,2025-09-11,182,570,2,3342.4,0.11
17004,2025-08-09,350,508,1,91441.47,0.13
17005,2025-05-01,501,578,4,879.12,0.06
17006,2025-11-07,294,518,5,3580.01,0.1
17007,2025-04-20,351,583,2,968.53,0.18
17008,2025-07-15,146,589,5,336.69,0.12
17009,2025-01-31,143,599,2,719.9,0.01
17010,2025-10-15,446,574,4,268.34,0.16
17011,2025-12-06,286,585,2,608.46,0.18
17012,2025-12-31,411,557,4,17496.72,0.02
17013,2025-11-24,543,591,5,612.31,0.1
17014,2025-09-25,511,596,2,3497.5,0.03
17015,2025-05-31,589,571,3,172.7,0.06
17016,2025-03-13,476,545,4,10673.04,0.05
17017,2025-05-25,506,554,1,27311.89,0.07
17018,2025-07-18,163,546,3,7980.84,0.1
17019,2025-12-28,197,531,1,11758.91,0.09
17020,2025-02-05,149,562,3,12021.12,0.12
17021,2025-07-02,371,573,4,301.02,0.19
17022,2025-07-05,165,532,3,18085.77,0.19
17023,2025-12-09,461,591,2,557.64,0.01
17024,2025-09-04,394,594,3,464.4,0.13
17025,2025-02-08,448,530,3,3905.12,0.18
17026,2025-12-04,154,535,5,15449.84,0.13
17027,2025-11-24,373,535,4,16602.33,0.09
17028,2025-11-14,433,559,1,16979.08,0.08
17029,2025-08-18,593,578,1,851.22,0.09
17030,2025-04-29,481,537,3,24400.14,0.19
17031,2025-12-24,578,571,5,173.69,0.07
17032,2025-10-14,478,595,2,3940.42,0.07
17033,2025-01-28,145,568,3,507.1,0.07
17034,2025-04-09,398,527,4,8228.36,0.12
17035,2025-09-05,281,534,3,46185.95,0.08
17036,2025-04-06,252,595,4,3883.62,0.08
17037,2025-12-27,462,545,3,9486.56,0.12
17038,2025-04-28,528,584,1,895.41,0.02
17039,2025-01-03,110,595,5,3721.23,0.14
17040,2025-09-14,359,511,2,18107.18,0.19
17041,2025-12-25,538,581,5,721.77,0.1
17042,2025-01-03,575,573,3,342.68,0.07
17043,2025-06-17,559,593,1,236.77,0.09
17044,2025-11-01,538,529,1,2699.46,0.15
17045,2025-05-16,432,564,1,584.28,0.17
17046,2025-09-21,129,538,3,42955.11,0.13
17047,2025-02-28,108,574,2,338.94,0.05
17048,2025-07-27,323,515,2,50509.68,0.03
17049,2025-10-09,296,580,3,252.11,0.16
17050,2025-10-09,267,581,4,618.6,0.07
17051,2025-03-03,164,533,4,31647.06,0.18
17052,2025-01-26,250,517,4,1850.44,0.05
17053,2025-10-14,201,512,2,27298.55,0.09
17054,2025-01-30,233,502,1,62154.07,0.02
17055,2025-11-29,565,588,5,1184.43,0.16
17056,2025-03-29,452,547,2,6274.95,0.05
17057,2025-10-12,597,553,3,37782.76,0.11
17058,2025-04-09,267,573,5,313.79,0.12
17059,2025-01-31,465,526,5,8034.21,0.04
17060,2025-05-30,583,537,4,23674.64,0.03
17061,2025-09-16,580,520,1,2202.36,0.13
17062,2025-11-22,431,529,4,2652.47,0.01
17063,2025-04-27,481,548,5,14199.09,0.15
17064,2025-09-27,305,550,4,11380.95,0.17
17065,2025-10-17,255,513,5,41199.85,0.14
17066,2025-04-02,141,598,3,4076.46,0.11
17067,2025-10-04,379,506,1,49923.7,0.19
17068,2025-12-13,171,528,3,16915.5,0.12
17069,2025-08-20,144,562,2,13640.76,0.0
17070,2025-08-11,322,533,3,31067.59,0.16
17071,2025-05-07,409,592,3,310.88,0.14
17072,2025-07-24,403,576,3,479.88,0.17
17073,2025-09-26,482,533,1,38403.65,0.06
17074,2025-03-30,530,538,1,45016.34,0.2
17075,2025-11-20,478,570,5,2841.2,0.03
17076,2025-07-08,551,523,1,2675.36,0.07
17077,2025-08-22,362,506,5,59768.89,0.09
17078,2025-07-19,261,552,2,24859.85,0.08
17079,2025-08-31,500,522,4,9079.58,0.1
17080,2025-06-24,177,525,5,2364.12,0.15
17081,2025-01-21,281,564,5,609.4,0.05
17082,2025-03-10,244,553,5,30013.09,0.1
17083,2025-06-15,137,506,2,47777.6,0.05
17084,2025-09-01,557,582,3,520.11,0.04
17085,2025-10-18,541,568,4,593.45,0.14
17086,2025-12-19,189,598,4,4574.79,0.05
17087,2025-11-19,210,570,4,3426.42,0.1
17088,2025-03-22,196,558,5,3564.26,0.19
17089,2025-06-10,211,536,2,32514.0,0.15
17090,2025-09-13,251,599,3,551.46,0.18
17091,2025-03-04,134,552,3,20469.91,0.05
17092,2025-10-23,215,502,2,58835.57,0.14
17093,2025-06-12,527,537,4,24589.78,0.11
17094,2025-02-15,247,538,1,48191.74,0.07
17095,2025-12-09,102,563,3,394.48,0.07
17096,2025-12-31,345,505,2,92665.84,0.06
17097,2025-02-10,378,520,4,2247.22,0.16
17098,2025-05-17,421,591,5,628.29,0.01
17099,2025-08-09,403,508,5,95763.84,0.02
17100,2025-12-10,152,585,3,694.93,0.04
17101,2025-09-23,267,501,3,78307.49,0.02
17102,2025-12-28,582,574,1,302.68,0.19
17103,2025-06-27,241,545,5,9740.14,0.2
17104,2025-05-06,334,504,3,81528.47,0.14
17105,2025-01-14,468,572,5,279.67,0.08
17106,2025-10-06,458,557,3,17592.14,0.09
17107,2025-07-10,505,504,5,101281.97,0.09
17108,2025-05-22,435,567,2,691.94,0.12
17109,2025-08-25,273,593,5,186.72,0.03
17110,2025-08-22,465,565,3,202.14,0.11
17111,2025-08-06,333,574,1,307.84,0.04
17112,2025-12-28,507,536,3,35076.36,0.16
17113,2025-07-04,245,588,4,1177.48,0.13
17114,2025-11-05,195,510,2,127415.24,0.06
17115,2025-03-20,414,578,1,902.74,0.03
17116,2025-09-10,183,534,4,47127.66,0.13
17117,2025-12-19,339,531,3,9814.12,0.19
17118,2025-07-05,418,546,5,6074.8,0.17
17119,2025-11-08,537,525,4,2638.45,0.17
17120,2025-12-19,560,563,1,378.98,0.03
17121,2025-03-06,416,577,5,375.38,0.09
17122,2025-01-28,268,540,4,23397.99,0.17
17123,2025-12-04,366,534,4,46340.96,0.16
17124,2025-02-08,134,547,2,7506.65,0.01
17125,2025-04-22,424,523,2,3513.32,0.13
17126,2025-11-21,384,511,4,15494.2,0.18
17127,2025-11-01,507,542,2,8229.11,0.09
17128,2025-03-26,227,533,2,38316.89,0.06
17129,2025-07-27,584,538,3,51705.37,0.03
17130,2025-07-11,572,522,4,8032.86,0.2
17131,2025-01-08,448,548,3,15559.83,0.19
17132,2025-06-25,123,517,2,1890.37,0.09
17133,2025-04-20,448,568,3,485.07,0.06
17134,2025-03-07,103,525,4,2868.41,0.0
17135,2025-05-15,339,594,5,433.3,0.14
17136,2025-08-07,122,512,4,23499.19,0.17
17137,2025-04-26,307,564,1,652.27,0.05
17138,2025-07-29,219,590,4,232.27,0.12
17139,2025-04-18,413,504,4,100531.09,0.07
17140,2025-07-23,581,507,2,54280.44,0.06
17141,2025-03-09,154,574,3,327.14,0.07
17142,2025-11-23,269,507,4,60025.26,0.18
17143,2025-11-29,345,502,5,59618.83,0.01
17144,2025-06-11,425,583,1,1187.26,0.05
17145,2025-03-13,137,530,4,3906.15,0.07
17146,2025-08-29,184,517,3,1670.87,0.14
17147,2025-05-08,499,584,5,924.72,0.06
17148,2025-10-19,297,530,4,4404.49,0.03
17149,2025-10-22,413,574,2,335.73,0.04
17150,2025-11-16,433,585,5,579.02,0.19
17151,2025-07-02,286,564,5,626.87,0.0
17152,2025-05-04,168,550,2,9891.62,0.13
17153,2025-06-13,499,557,1,17843.36,0.13
17154,2025-05-23,572,555,1,8917.9,0.18
17155,2025-07-16,501,598,3,4117.62,0.09
17156,2025-10-21,478,528,1,13589.93,0.02
17157,2025-10-01,538,506,1,48732.97,0.05
17158,2025-01-16,540,525,1,2264.22,0.18
17159,2025-04-13,495,575,1,480.09,0.12
17160,2025-04-04,533,569,1,509.75,0.06
17161,2025-01-29,532,539,4,10011.13,0.11
17162,2025-08-04,509,514,3,45596.33,0.09
17163,2025-04-01,209,555,3,7570.26,0.19
17164,2025-01-31,138,556,5,11316.75,0.17
17165,2025-02-19,252,521,2,5076.03,0.05
17166,2025-03-16,376,551,1,11833.78,0.11
17167,2025-08-28,405,571,3,178.1,0.04
17168,2025-06-12,197,544,2,21743.12,0.13
17169,2025-06-18,271,569,4,429.0,0.07
17170,2025-03-08,138,567,4,643.67,0.1
17171,2025-07-07,132,577,2,381.96,0.08
17172,2025-12-05,271,518,5,3291.9,0.19
17173,2025-09-03,381,539,2,11511.47,0.16
17174,2025-03-14,467,560,2,16839.0,0.14
17175,2025-10-24,121,568,4,625.4,0.11
17176,2025-12-14,218,547,3,7778.28,0.07
17177,2025-06-06,314,561,3,9613.95,0.04
17178,2025-11-05,176,547,5,7689.75,0.17
17179,2025-02-19,272,574,1,339.03,0.06
17180,2025-01-27,193,547,4,6150.77,0.16
17181,2025-09-02,235,527,5,8255.62,0.14
17182,2025-02-01,327,580,3,275.09,0.19
17183,2025-10-06,439,564,2,716.54,0.04
17184,2025-02-07,255,519,3,1551.21,0.16
17185,2025-09-26,440,580,1,249.22,0.1
17186,2025-06-11,203,546,2,7409.91,0.17
17187,2025-01-27,538,522,2,7914.22,0.19
17188,2025-07-23,551,520,5,2754.4,0.07
17189,2025-12-11,380,598,1,4784.05,0.07
17190,2025-03-13,496,544,1,23856.0,0.12
17191,2025-08-06,292,539,1,12710.7,0.11
17192,2025-10-06,521,518,4,3092.87,0.17
17193,2025-08-29,250,562,4,12621.45,0.06
17194,2025-08-11,580,562,3,11414.16,0.11
17195,2025-10-13,432,501,4,87290.13,0.15
17196,2025-08-01,159,517,3,1720.63,0.01
17197,2025-05-31,599,552,1,19520.71,0.06
17198,2025-04-26,519,557,3,14926.88,0.17
17199,2025-03-10,134,520,2,2838.47,0.09
17200,2025-12-07,419,576,4,393.16,0.04
17201,2025-01-17,397,596,1,3536.97,0.05
17202,2025-04-09,542,525,2,2836.76,0.08
17203,2025-01-21,543,577,5,432.35,0.16
17204,2025-01-27,220,537,4,27990.82,0.07
17205,2025-03-01,526,531,3,11929.11,0.05
17206,2025-11-05,127,572,4,258.13,0.1
17207,2025-05-22,274,600,4,1063.89,0.14
17208,2025-05-13,401,587,2,757.85,0.05
17209,2025-04-27,125,594,1,485.82,0.06
17210,2025-09-11,368,589,4,318.55,0.14
17211,2025-05-02,470,528,5,15240.23,0.16
17212,2025-03-04,306,547,4,7377.5,0.17
17213,2025-10-04,132,559,3,17465.63,0.18
17214,2025-07-19,304,515,2,60903.22,0.19
17215,2025-02-14,142,505,1,86755.93,0.08
17216,2025-06-01,358,570,1,3184.41,0.16
17217,2025-08-16,179,502,4,60516.87,0.2
17218,2025-05-02,319,576,5,386.99,0.17
17219,2025-07-16,546,502,2,70113.62,0.15
17220,2025-11-25,346,582,1,572.77,0.08
17221,2025-09-07,441,513,2,37982.9,0.18
17222,2025-07-23,344,506,1,46824.17,0.04
17223,2025-04-05,267,535,3,15546.61,0.06
17224,2025-10-18,122,593,2,219.25,0.12
17225,2025-10-26,314,535,2,16899.23,0.04
17226,2025-01-20,368,522,3,8143.71,0.02
17227,2025-08-13,461,527,3,8628.96,0.19
17228,2025-06-09,259,523,5,2891.44,0.15
17229,2025-06-23,369,590,5,261.47,0.0
17230,2025-05-09,522,600,2,994.68,0.12
17231,2025-12-20,231,582,3,551.84,0.17
17232,2025-09-05,369,512,3,25618.32,0.03
17233,2025-02-12,502,592,5,319.7,0.09
17234,2025-05-11,135,586,4,700.63,0.07
17235,2025-03-11,343,577,3,412.87,0.15
17236,2025-11-06,496,526,4,7560.19,0.01
17237,2025-01-13,373,599,3,598.29,0.16
17238,2025-09-22,586,552,3,21521.66,0.16
17239,2025-05-15,265,541,2,4967.67,0.06
17240,2025-06-27,263,509,3,42352.45,0.08
17241,2025-07-09,233,572,4,285.9,0.05
17242,2025-03-24,287,550,1,9933.62,0.07
17243,2025-08-24,223,513,3,34727.69,0.13
17244,2025-04-27,143,565,5,227.21,0.05
17245,2025-09-03,121,587,4,652.61,0.06
17246,2025-08-11,423,581,5,665.12,0.06
17247,2025-10-12,118,511,4,15889.33,0.06
17248,2025-11-16,580,557,2,15172.4,0.13
17249,2025-05-17,325,530,1,4451.28,0.04
17250,2025-08-17,406,556,4,12130.69,0.14
17251,2025-03-19,362,518,5,3418.07,0.18
17252,2025-09-26,227,545,3,10452.1,0.14
17253,2025-02-07,175,595,1,3694.63,0.17
17254,2025-06-07,150,553,2,34794.62,0.05
17255,2025-02-13,209,600,4,1084.65,0.03
17256,2025-10-04,221,525,5,2620.35,0.06
17257,2025-09-01,363,544,5,26580.55,0.05
17258,2025-06-01,244,529,4,2682.72,0.15
17259,2025-04-03,432,511,3,18437.59,0.16
17260,2025-12-21,596,525,4,2497.8,0.0
17261,2025-02-10,248,575,4,494.15,0.07
17262,2025-09-02,549,529,3,2340.61,0.17
17263,2025-04-06,523,586,5,794.14,0.14
17264,2025-12-29,270,573,4,338.07,0.12
17265,2025-10-17,364,528,4,15162.03,0.01
17266,2025-02-25,569,525,5,2838.08,0.05
17267,2025-09-05,596,505,1,98132.92,0.14
17268,2025-12-29,460,546,3,7457.61,0.11
17269,2025-07-19,456,552,4,21248.15,0.13
17270,2025-12-18,200,584,5,881.48,0.05
17271,2025-01-12,145,579,4,450.54,0.18
17272,2025-03-31,120,568,4,509.51,0.08
17273,2025-08-08,325,581,3,664.6,0.15
17274,2025-04-15,346,586,1,708.22,0.03
17275,2025-10-06,122,588,4,1391.96,0.12
17276,2025-01-27,555,553,3,33576.44,0.19
17277,2025-10-15,246,527,2,9816.41,0.19
17278,2025-03-29,121,563,3,374.06,0.13
17279,2025-03-12,144,586,5,869.86,0.11
17280,2025-12-25,360,578,4,938.67,0.01
17281,2025-08-23,346,583,2,1051.32,0.0
17282,2025-03-05,117,572,2,233.67,0.16
17283,2025-10-08,435,580,4,266.36,0.15
17284,2025-06-16,478,563,5,388.72,0.12
17285,2025-09-06,482,520,1,2547.18,0.01
17286,2025-02-12,277,557,1,17752.89,0.2
17287,2025-05-04,366,515,5,63610.13,0.08
17288,2025-01-18,445,513,1,37790.44,0.04
17289,2025-10-15,487,527,2,9405.93,0.17
17290,2025-12-27,244,580,4,217.03,0.06
17291,2025-04-15,390,564,3,613.9,0.16
17292,2025-01-18,425,546,3,7943.46,0.11
17293,2025-10-18,428,565,3,233.0,0.06
17294,2025-11-09,463,595,2,3015.9,0.18
17295,2025-03-02,583,594,3,507.72,0.01
17296,2025-08-16,422,532,4,19513.57,0.17
17297,2025-08-20,522,530,5,3983.41,0.16
17298,2025-11-13,260,517,2,1798.51,0.16
17299,2025-01-06,547,571,2,152.23,0.05
17300,2025-04-14,175,505,2,100906.77,0.16
17301,2025-06-03,199,592,4,350.77,0.14
17302,2025-02-28,452,558,2,3412.59,0.12
17303,2025-03-31,328,504,5,103934.69,0.19
17304,2025-01-08,516,514,1,40603.47,0.04
17305,2025-04-19,414,552,1,20088.05,0.07
17306,2025-04-06,101,571,5,154.11,0.16
17307,2025-05-23,309,509,1,54624.72,0.19
17308,2025-08-28,392,530,2,3630.47,0.14
17309,2025-01-05,302,536,1,29809.96,0.16
17310,2025-07-09,517,581,1,702.05,0.2
17311,2025-12-19,157,582,3,574.61,0.18
17312,2025-08-12,221,599,1,675.33,0.18
17313,2025-12-25,576,557,3,18253.25,0.08
17314,2025-03-10,198,555,4,7582.87,0.13
17315,2025-03-26,365,520,3,2727.33,0.14
17316,2025-07-25,200,506,5,48382.47,0.15
17317,2025-09-16,600,517,5,1811.49,0.11
17318,2025-01-06,332,598,3,3716.7,0.13
17319,2025-07-28,127,550,3,11675.11,0.15
17320,2025-09-05,172,579,4,446.19,0.06
17321,2025-06-26,487,547,3,6176.92,0.1
17322,2025-01-03,388,552,3,22311.81,0.12
17323,2025-10-15,437,533,1,38554.19,0.18
17324,2025-12-21,420,590,2,285.5,0.08
17325,2025-06-14,526,599,1,633.46,0.19
17326,2025-08-21,188,571,4,155.85,0.04
17327,2025-05-04,555,577,5,444.74,0.05
17328,2025-01-02,389,531,3,12568.97,0.07
17329,2025-05-10,217,528,3,16620.8,0.2
17330,2025-06-26,532,556,3,12043.64,0.03
17331,2025-04-18,105,595,1,3645.78,0.16
17332,2025-09-05,500,538,5,44719.59,0.16
17333,2025-09-16,231,540,2,22304.02,0.09
17334,2025-10-27,192,519,5,1495.24,0.01
17335,2025-12-16,138,587,2,677.84,0.0
17336,2025-11-10,414,561,5,10787.86,0.01
17337,2025-04-06,407,528,1,15310.06,0.11
17338,2025-07-21,318,518,1,3296.58,0.18
17339,2025-10-25,354,558,1,3015.69,0.16
17340,2025-11-14,473,555,4,8737.44,0.1
17341,2025-02-20,110,583,1,1088.7,0.02
17342,2025-11-06,583,516,4,912.54,0.12
17343,2025-12-28,387,566,4,435.51,0.19
17344,2025-02-11,499,513,2,42080.29,0.14
17345,2025-05-12,521,592,2,344.27,0.09
17346,2025-03-31,253,594,2,544.49,0.03
17347,2025-01-14,297,579,2,377.21,0.06
17348,2025-10-13,473,592,1,343.4,0.0
17349,2025-10-06,384,543,3,13122.81,0.11
17350,2025-10-11,498,574,3,271.36,0.15
17351,2025-03-17,419,548,1,12138.23,0.07
17352,2025-03-20,374,528,5,15059.39,0.16
17353,2025-07-31,358,567,3,774.72,0.1
17354,2025-05-29,509,510,2,117798.89,0.09
17355,2025-03-08,410,600,3,1013.74,0.05
17356,2025-02-09,342,552,5,23457.27,0.17
17357,2025-05-15,412,584,4,756.95,0.08
17358,2025-12-08,315,564,3,713.53,0.17
17359,2025-12-24,308,565,5,192.05,0.06
17360,2025-02-25,121,569,4,436.06,0.09
17361,2025-06-20,377,518,1,3462.66,0.03
17362,2025-04-27,240,570,2,2951.58,0.02
17363,2025-03-11,431,508,5,76264.39,0.11
17364,2025-09-25,535,545,3,11303.9,0.04
17365,2025-04-15,131,566,3,430.85,0.08
17366,2025-03-19,138,516,1,977.85,0.06
17367,2025-11-30,473,549,4,21919.5,0.02
17368,2025-12-31,413,509,1,50006.57,0.01
17369,2025-09-26,275,530,2,4649.59,0.08
17370,2025-07-10,582,568,2,485.99,0.19
17371,2025-10-17,565,547,4,7291.42,0.11
17372,2025-08-22,463,577,4,361.27,0.13
17373,2025-05-20,296,549,1,28603.44,0.11
17374,2025-10-04,300,591,1,705.03,0.16
17375,2025-08-07,498,593,5,205.8,0.08
17376,2025-04-18,566,586,3,736.17,0.03
17377,2025-10-29,311,575,5,470.48,0.17
17378,2025-11-08,290,509,4,55734.51,0.1
17379,2025-10-04,586,566,4,378.45,0.1
17380,2025-10-04,555,555,5,9392.57,0.18
17381,2025-08-22,172,543,1,14177.98,0.2
17382,2025-10-06,412,524,1,5226.56,0.14
17383,2025-10-30,273,557,4,18788.78,0.19
17384,2025-10-07,119,563,1,355.25,0.08
17385,2025-12-22,261,592,4,323.27,0.09
17386,2025-06-03,127,521,3,4496.53,0.07
17387,2025-05-26,275,555,2,9404.99,0.08
17388,2025-09-03,125,504,1,95334.77,0.08
17389,2025-11-26,584,530,2,3980.74,0.08
17390,2025-07-15,553,530,2,4758.62,0.12
17391,2025-04-15,423,586,3,875.23,0.06
17392,2025-02-18,230,598,2,4232.05,0.03
17393,2025-08-14,398,578,4,946.18,0.06
17394,2025-08-30,304,582,1,589.07,0.02
17395,2025-02-21,172,591,4,596.11,0.2
17396,2025-12-26,209,567,5,752.35,0.16
17397,2025-01-04,118,584,1,925.83,0.03
17398,2025-11-05,311,575,3,540.47,0.14
17399,2025-07-12,585,507,1,57853.82,0.06
17400,2025-04-23,242,510,2,127381.37,0.01
17401,2025-12-23,346,536,4,28731.76,0.0
17402,2025-08-11,362,574,1,308.63,0.15
17403,2025-06-19,233,592,4,314.19,0.08
17404,2025-09-13,219,558,1,3450.74,0.18
17405,2025-05-15,106,564,2,591.28,0.03
17406,2025-02-05,378,559,5,16192.36,0.19
17407,2025-12-17,532,593,2,225.64,0.19
17408,2025-01-06,595,514,5,42826.92,0.13
17409,2025-11-20,401,586,5,742.99,0.06
17410,2025-05-30,312,569,2,432.61,0.05
17411,2025-03-16,552,526,3,7933.31,0.09
17412,2025-08-03,451,525,4,2794.05,0.1
17413,2025-09-30,207,551,5,13530.59,0.11
17414,2025-11-18,588,573,5,343.81,0.09
17415,2025-10-25,432,521,1,4875.04,0.16
17416,2025-10-17,181,518,3,3623.3,0.09
17417,2025-04-07,465,510,2,102752.64,0.15
17418,2025-09-05,241,554,2,32832.24,0.08
17419,2025-09-04,160,521,2,4815.54,0.06
17420,2025-05-30,594,543,3,11444.99,0.01
17421,2025-10-10,206,528,5,14105.73,0.16
17422,2025-10-31,327,522,2,9825.33,0.03
17423,2025-01-24,477,533,2,35553.06,0.08
17424,2025-01-22,172,571,3,155.05,0.19
17425,2025-09-09,492,535,1,16937.01,0.04
17426,2025-09-27,300,570,4,3296.56,0.09
17427,2025-10-24,155,546,2,7672.75,0.11
17428,2025-06-16,239,570,1,3443.5,0.06
17429,2025-03-08,167,510,1,104222.98,0.07
17430,2025-09-07,593,599,3,561.86,0.14
17431,2025-12-26,203,593,5,186.54,0.08
17432,2025-01-04,389,599,3,707.49,0.09
17433,2025-01-13,164,596,3,3776.45,0.19
17434,2025-07-27,109,511,5,18726.67,0.05
17435,2025-07-19,564,547,5,6114.68,0.05
17436,2025-08-02,145,504,1,93746.32,0.03
17437,2025-04-27,133,566,4,415.35,0.18
17438,2025-11-27,452,594,2,462.82,0.0
17439,2025-07-21,532,517,5,1525.96,0.08
17440,2025-02-06,260,552,2,24793.39,0.07
17441,2025-09-24,207,506,2,52369.97,0.03
17442,2025-07-28,417,558,1,3722.17,0.18
17443,2025-09-29,412,590,5,243.87,0.18
17444,2025-04-06,217,518,3,3236.27,0.16
17445,2025-05-19,208,522,2,9757.42,0.15
17446,2025-06-30,314,554,4,33793.22,0.16
17447,2025-04-30,537,509,1,55542.23,0.13
17448,2025-07-29,277,574,1,312.36,0.15
17449,2025-08-24,390,529,4,2824.25,0.18
17450,2025-03-26,284,598,2,4733.18,0.19
17451,2025-10-02,436,555,5,7561.77,0.09
17452,2025-11-11,193,523,5,3198.14,0.05
17453,2025-10-09,267,546,1,6263.12,0.18
17454,2025-10-04,264,527,1,9635.42,0.07
17455,2025-05-20,514,560,1,16878.91,0.09
17456,2025-01-27,476,547,2,6533.18,0.02
17457,2025-02-16,190,509,3,45615.31,0.1
17458,2025-10-18,416,576,1,394.57,0.13
17459,2025-04-13,472,524,4,4615.58,0.0
17460,2025-11-12,395,542,2,8508.92,0.04
17461,2025-03-03,541,579,1,401.89,0.04
17462,2025-12-25,143,547,3,7127.44,0.05
17463,2025-09-14,340,590,2,258.08,0.09
17464,2025-06-14,228,573,5,380.31,0.09
17465,2025-11-14,438,571,1,157.2,0.07
17466,2025-08-01,533,551,1,10883.88,0.15
17467,2025-08-30,533,575,2,452.38,0.13
17468,2025-03-09,176,569,2,522.92,0.07
17469,2025-02-13,450,553,2,39141.62,0.1
17470,2025-01-28,342,527,5,8607.33,0.08
17471,2025-09-23,339,570,1,3349.6,0.07
17472,2025-11-04,298,546,3,6324.46,0.15
17473,2025-01-16,124,543,4,13847.89,0.07
17474,2025-06-13,454,584,3,852.0,0.14
17475,2025-01-10,387,522,3,7826.38,0.13
17476,2025-06-20,555,553,4,32030.13,0.06
17477,2025-03-04,310,549,2,28756.62,0.06
17478,2025-02-02,209,576,3,426.33,0.05
17479,2025-05-16,365,552,3,22453.91,0.15
17480,2025-07-18,319,593,4,185.13,0.09
17481,2025-06-04,157,548,3,14413.41,0.19
17482,2025-12-26,367,600,1,885.48,0.13
17483,2025-03-07,219,532,5,19870.73,0.04
17484,2025-04-13,221,527,3,9548.67,0.08
17485,2025-10-25,188,517,5,1623.94,0.14
17486,2025-02-27,283,573,4,389.05,0.14
17487,2025-09-25,505,558,1,3243.38,0.11
17488,2025-10-30,194,528,4,16025.05,0.02
17489,2025-04-11,509,586,4,842.43,0.04
17490,2025-10-27,253,585,4,595.69,0.05
17491,2025-02-07,103,561,4,11137.94,0.07
17492,2025-09-16,326,517,1,1537.49,0.06
17493,2025-04-26,284,571,2,145.86,0.04
17494,2025-01-11,435,505,5,109520.79,0.2
17495,2025-04-20,107,577,5,442.48,0.0
17496,2025-07-19,447,585,2,589.04,0.05
17497,2025-07-26,483,596,2,4047.96,0.12
17498,2025-08-08,334,544,2,25200.07,0.1
17499,2025-10-02,147,510,4,106900.85,0.18
17500,2025-01-10,226,588,3,1172.44,0.13
17501,2025-03-15,482,593,3,210.99,0.12
17502,2025-06-28,418,593,2,182.7,0.08
17503,2025-01-13,262,513,5,39863.99,0.17
17504,2025-11-17,300,518,3,3063.98,0.02
17505,2025-05-15,341,541,2,5463.52,0.14
17506,2025-05-12,488,572,1,251.2,0.14
17507,2025-05-28,423,580,3,272.73,0.07
17508,2025-06-30,212,568,4,542.6,0.17
17509,2025-03-15,520,590,2,262.06,0.15
17510,2025-07-12,189,531,3,10468.64,0.09
17511,2025-02-22,126,561,2,9230.43,0.17
17512,2025-09-17,105,599,3,620.56,0.17
17513,2025-11-19,416,509,4,42567.34,0.14
17514,2025-06-07,583,550,4,9878.9,0.01
17515,2025-04-18,227,591,5,589.31,0.0
17516,2025-07-02,395,546,3,6159.22,0.07
17517,2025-09-15,463,507,5,48087.93,0.03
17518,2025-01-22,128,509,4,46725.66,0.12
17519,2025-01-07,123,506,2,46471.35,0.03
17520,2025-10-11,548,507,4,51635.37,0.1
17521,2025-08-22,597,578,2,827.83,0.09
17522,2025-06-22,196,591,5,663.6,0.14
17523,2025-01-08,224,549,1,25037.19,0.1
17524,2025-05-17,596,515,3,60098.12,0.04
17525,2025-06-09,578,547,2,6553.07,0.2
17526,2025-06-20,488,598,5,4016.22,0.09
17527,2025-01-29,564,584,5,760.59,0.19
17528,2025-05-16,550,509,5,43887.37,0.16
17529,2025-05-27,434,505,1,87760.15,0.12
17530,2025-10-08,449,528,5,16658.95,0.15
17531,2025-10-16,403,549,2,25569.68,0.15
17532,2025-09-04,217,509,3,43230.72,0.04
17533,2025-02-24,205,543,4,11769.76,0.19
17534,2025-04-13,261,507,4,54444.74,0.13
17535,2025-04-27,234,535,3,17017.62,0.2
17536,2025-01-04,551,516,5,915.95,0.02
17537,2025-11-29,193,503,4,74848.33,0.18
17538,2025-01-11,532,579,2,463.4,0.05
17539,2025-12-05,153,572,4,278.81,0.14
17540,2025-07-08,425,508,3,80564.98,0.08
17541,2025-09-23,330,529,5,2520.88,0.1
17542,2025-12-17,547,514,5,44575.36,0.04
17543,2025-02-25,137,589,4,340.0,0.14
17544,2025-07-20,108,594,3,448.02,0.01
17545,2025-12-03,268,580,4,219.85,0.16
17546,2025-12-17,236,553,5,31428.57,0.06
17547,2025-07-20,377,587,1,605.04,0.11
17548,2025-05-20,552,502,2,62840.12,0.06
17549,2025-10-03,269,596,2,4234.53,0.18
17550,2025-01-11,571,531,3,12579.2,0.11
17551,2025-09-21,321,567,1,697.32,0.2
17552,2025-05-10,526,518,3,3788.46,0.1
17553,2025-09-02,142,557,1,16453.95,0.11
17554,2025-05-22,435,514,2,47613.7,0.13
17555,2025-05-13,519,532,3,22795.92,0.16
17556,2025-02-12,452,563,5,396.53,0.18
17557,2025-11-18,225,510,3,130670.61,0.07
17558,2025-01-07,246,593,3,237.35,0.08
17559,2025-07-19,578,534,3,45559.17,0.19
17560,2025-08-23,446,583,4,999.0,0.03
17561,2025-03-12,517,584,5,850.64,0.14
17562,2025-10-01,565,536,1,26413.26,0.09
17563,2025-07-01,597,551,3,10484.41,0.17
17564,2025-11-14,412,521,4,4305.39,0.08
17565,2025-12-21,313,556,1,11944.67,0.08
17566,2025-01-14,123,596,3,3682.59,0.09
17567,2025-04-28,547,503,2,70853.79,0.0
17568,2025-10-05,550,518,3,3011.29,0.16
17569,2025-03-29,565,564,3,658.8,0.03
17570,2025-01-02,197,535,1,15799.31,0.15
17571,2025-09-19,445,590,1,228.05,0.07
17572,2025-09-02,439,529,5,2643.44,0.1
17573,2025-01-06,555,592,2,284.12,0.04
17574,2025-04-24,545,556,2,11267.89,0.07
17575,2025-10-04,131,543,1,11896.24,0.18
17576,2025-05-22,155,525,1,2513.79,0.03
17577,2025-06-07,336,570,5,2926.08,0.15
17578,2025-02-15,279,597,2,5370.32,0.08
17579,2025-07-26,583,559,3,16748.05,0.02
17580,2025-12-15,144,564,5,674.93,0.04
17581,2025-08-09,366,523,1,2664.77,0.15
17582,2025-03-30,423,523,5,3271.32,0.07
17583,2025-08-31,262,521,1,4593.89,0.14
17584,2025-02-04,171,515,2,52217.8,0.03
17585,2025-04-26,521,531,5,9744.94,0.15
17586,2025-12-05,447,546,3,7229.3,0.2
17587,2025-11-30,239,566,5,426.88,0.05
17588,2025-03-28,506,532,4,18525.09,0.14
17589,2025-01-11,315,545,3,11197.98,0.14
17590,2025-08-29,583,524,3,4390.45,0.1
17591,2025-07-28,509,598,3,4454.71,0.02
17592,2025-02-05,480,580,2,228.82,0.0
17593,2025-10-18,473,575,5,477.14,0.03
17594,2025-03-23,191,580,2,225.99,0.0
17595,2025-01-26,292,587,5,612.08,0.04
17596,2025-02-27,266,531,4,10904.98,0.16
17597,2025-03-10,171,552,5,23114.33,0.06
17598,2025-12-24,584,577,3,386.12,0.19
17599,2025-08-31,307,525,1,2378.31,0.17
17600,2025-07-10,504,594,3,429.04,0.14
17601,2025-04-28,582,568,1,546.94,0.11
17602,2025-10-11,482,506,1,53325.25,0.16
17603,2025-03-13,252,553,5,37070.88,0.13
17604,2025-09-02,315,512,2,26261.48,0.01
17605,2025-09-09,211,575,4,474.84,0.08
17606,2025-06-03,579,579,4,454.9,0.09
17607,2025-12-01,206,529,5,2368.35,0.09
17608,2025-10-15,189,566,3,397.4,0.02
17609,2025-12-20,337,561,4,9416.36,0.06
17610,2025-01-16,378,530,4,3908.86,0.19
17611,2025-05-05,135,514,4,40366.74,0.2
17612,2025-04-05,450,577,2,397.68,0.18
17613,2025-10-15,267,511,5,17311.08,0.14
17614,2025-02-26,467,517,2,1890.69,0.05
17615,2025-06-03,504,516,3,928.3,0.1
17616,2025-06-28,207,501,1,84328.95,0.14
17617,2025-03-18,421,538,4,53113.46,0.19
17618,2025-07-04,262,553,4,36320.38,0.05
17619,2025-10-16,170,569,2,532.69,0.18
17620,2025-03-17,436,532,2,19950.92,0.07
17621,2025-08-31,114,553,1,37342.56,0.03
17622,2025-03-16,295,523,1,3090.99,0.1
17623,2025-10-31,509,530,1,4107.31,0.13
17624,2025-11-15,200,545,2,11729.91,0.07
17625,2025-10-02,287,590,1,275.3,0.13
17626,2025-04-02,336,538,4,52370.87,0.09
17627,2025-03-08,312,563,2,302.56,0.16
17628,2025-01-31,143,551,2,10363.21,0.19
17629,2025-07-25,331,591,2,671.21,0.07
17630,2025-02-23,518,530,2,3839.88,0.01
17631,2025-07-29,325,514,3,48256.99,0.0
17632,2025-09-08,123,529,1,2523.06,0.13
17633,2025-08-21,128,538,4,54424.48,0.13
17634,2025-08-11,310,522,5,9127.11,0.11
17635,2025-03-24,264,536,3,33561.02,0.11
17636,2025-09-20,371,543,5,14812.09,0.0
17637,2025-04-11,413,591,1,565.95,0.06
17638,2025-04-30,157,593,2,187.23,0.18
17639,2025-02-09,578,586,1,847.94,0.02
17640,2025-12-23,513,579,3,452.15,0.02
17641,2025-09-22,581,548,2,15944.56,0.12
17642,2025-10-23,345,544,4,23341.45,0.12
17643,2025-01-05,125,590,3,249.44,0.0
17644,2025-03-13,157,520,1,2242.34,0.01
17645,2025-07-13,223,521,2,4700.89,0.02
17646,2025-04-20,185,541,3,4674.82,0.11
17647,2025-08-12,290,569,1,508.9,0.18
17648,2025-01-18,506,524,4,4274.03,0.13
17649,2025-11-17,565,554,4,28569.86,0.05
17650,2025-05-04,558,581,2,716.92,0.14
17651,2025-01-10,519,546,1,7440.78,0.2
17652,2025-10-24,117,577,2,351.45,0.04
17653,2025-10-26,380,560,2,19160.67,0.2
17654,2025-06-03,194,599,2,586.23,0.05
17655,2025-10-05,105,555,1,8134.12,0.15
17656,2025-11-02,543,532,5,23958.23,0.01
17657,2025-05-31,252,518,3,3219.72,0.02
17658,2025-04-26,107,502,1,57397.96,0.11
17659,2025-11-15,446,519,3,1899.02,0.11
17660,2025-01-26,382,580,4,221.36,0.02
17661,2025-03-22,551,555,1,8803.5,0.02
17662,2025-07-08,180,561,2,9716.5,0.09
17663,2025-03-25,588,594,4,464.31,0.14
17664,2025-08-02,205,514,4,41891.02,0.07
17665,2025-01-23,391,533,1,39844.59,0.13
17666,2025-12-17,239,543,2,11912.46,0.03
17667,2025-05-23,398,577,5,336.76,0.15
17668,2025-05-23,228,600,2,872.66,0.02
17669,2025-01-23,570,587,4,703.89,0.05
17670,2025-01-02,210,571,5,173.73,0.15
17671,2025-09-29,415,538,2,55251.38,0.16
17672,2025-06-18,429,536,5,35139.35,0.01
17673,2025-04-26,323,594,4,538.11,0.03
17674,2025-01-11,437,518,2,3785.63,0.05
17675,2025-08-08,238,574,2,331.37,0.07
17676,2025-11-07,378,503,1,63753.01,0.1
17677,2025-10-11,223,536,4,29853.31,0.06
17678,2025-04-28,419,587,2,648.38,0.01
17679,2025-01-20,150,519,1,1666.25,0.17
17680,2025-12-31,559,581,3,668.86,0.09
17681,2025-01-30,576,550,3,10142.81,0.08
17682,2025-03-07,474,506,3,46514.73,0.01
17683,2025-01-18,458,543,4,13889.92,0.1
17684,2025-11-29,335,588,4,1353.01,0.15
17685,2025-10-06,359,512,4,22778.92,0.2
17686,2025-03-30,561,532,4,22919.3,0.02
17687,2025-02-19,144,541,1,5025.91,0.13
17688,2025-11-19,270,582,5,591.04,0.14
17689,2025-04-03,145,561,2,9529.47,0.04
17690,2025-08-11,317,550,4,11093.01,0.03
17691,2025-04-30,245,514,2,47885.17,0.02
17692,2025-11-16,226,542,3,7989.86,0.02
17693,2025-08-20,568,579,4,467.36,0.05
17694,2025-12-01,232,513,2,41336.96,0.12
17695,2025-04-28,125,594,3,469.5,0.19
17696,2025-07-18,265,572,1,257.16,0.13
17697,2025-04-18,200,520,5,2367.58,0.19
17698,2025-01-05,450,570,4,2879.99,0.03
17699,2025-09-16,365,536,1,34942.68,0.02
17700,2025-08-23,121,556,1,12010.66,0.17
17701,2025-11-10,553,536,5,29985.56,0.19
17702,2025-10-22,112,563,3,379.1,0.13
17703,2025-02-28,278,589,3,329.39,0.1
17704,2025-08-17,300,529,1,2878.09,0.1
17705,2025-10-14,343,512,2,27457.02,0.18
17706,2025-03-30,498,514,1,39338.61,0.07
17707,2025-05-21,145,563,4,329.27,0.03
17708,2025-12-31,521,542,5,8069.31,0.17
17709,2025-10-14,137,574,1,294.5,0.18
17710,2025-05-31,567,565,4,188.36,0.01
17711,2025-07-12,419,553,5,37717.8,0.05
17712,2025-05-27,431,593,2,216.52,0.03
17713,2025-07-11,461,506,5,46306.49,0.09
17714,2025-02-16,458,535,2,17298.0,0.04
17715,2025-01-05,293,580,5,281.78,0.11
17716,2025-06-08,281,560,4,21265.14,0.08
17717,2025-10-18,391,519,2,1744.31,0.08
17718,2025-06-26,156,527,5,8981.5,0.01
17719,2025-01-13,276,548,3,12899.27,0.05
17720,2025-06-23,123,509,2,50206.35,0.18
17721,2025-09-14,546,517,3,1853.42,0.02
17722,2025-06-11,217,544,1,26031.86,0.01
17723,2025-02-10,406,513,4,40225.31,0.18
17724,2025-03-24,259,550,3,9436.74,0.02
17725,2025-07-18,168,567,3,795.55,0.02
17726,2025-05-12,330,541,5,4853.65,0.12
17727,2025-07-12,552,505,5,107962.49,0.14
17728,2025-01-05,276,571,2,170.33,0.14
17729,2025-07-13,441,510,2,124627.69,0.13
17730,2025-01-28,525,547,5,7446.5,0.01
17731,2025-01-05,567,574,1,268.71,0.17
17732,2025-07-06,534,597,1,5266.45,0.03
17733,2025-01-22,265,522,5,10067.95,0.13
17734,2025-08-16,346,578,1,775.26,0.11
17735,2025-12-21,363,519,4,1867.7,0.1
17736,2025-06-17,437,558,4,3685.55,0.17
17737,2025-11-26,533,559,3,16834.83,0.15
17738,2025-11-25,380,526,2,8670.03,0.07
17739,2025-02-06,181,543,1,12516.97,0.18
17740,2025-02-15,187,525,1,2644.05,0.12
17741,2025-04-26,213,596,5,4182.07,0.06
17742,2025-11-15,159,552,3,20563.7,0.0
17743,2025-12-30,175,527,4,10128.15,0.14
17744,2025-06-10,393,595,4,3041.44,0.03
17745,2025-10-22,515,589,3,368.83,0.05
17746,2025-01-25,432,600,1,904.83,0.06
17747,2025-12-25,535,572,1,273.4,0.1
17748,2025-01-13,268,543,3,14578.44,0.19
17749,2025-10-02,141,575,4,495.74,0.09
17750,2025-12-03,199,503,2,59245.94,0.06
17751,2025-05-13,187,590,2,221.38,0.13
17752,2025-11-19,492,554,4,26539.45,0.11
17753,2025-02-18,440,520,4,2790.71,0.09
17754,2025-08-11,440,578,3,801.74,0.02
17755,2025-11-23,247,567,3,767.03,0.04
17756,2025-06-30,252,567,1,642.98,0.14
17757,2025-06-08,584,593,3,196.93,0.01
17758,2025-05-29,269,565,4,217.73,0.04
17759,2025-06-08,219,522,3,9954.88,0.17
17760,2025-08-10,329,542,1,9618.19,0.07
17761,2025-08-26,533,518,1,3607.07,0.16
17762,2025-05-30,221,510,3,124403.53,0.16
17763,2025-12-20,566,564,1,628.15,0.18
17764,2025-08-05,354,531,5,12734.34,0.01
17765,2025-12-08,326,543,1,11917.13,0.08
17766,2025-02-08,412,590,1,274.59,0.17
17767,2025-08-21,322,558,3,3861.09,0.05
17768,2025-11-22,267,537,4,27536.17,0.13
17769,2025-10-24,352,584,3,946.63,0.11
17770,2025-10-14,410,511,5,14439.46,0.16
17771,2025-07-07,266,536,2,28057.79,0.05
17772,2025-01-31,387,564,1,639.22,0.04
17773,2025-03-21,426,506,4,50809.11,0.14
17774,2025-12-16,575,502,2,58866.14,0.1
17775,2025-02-20,110,512,1,22837.68,0.2
17776,2025-07-26,562,505,2,110395.37,0.03
17777,2025-04-17,500,537,5,27808.13,0.02
17778,2025-11-24,392,541,5,5020.21,0.12
17779,2025-10-12,411,557,3,15270.68,0.08
17780,2025-03-15,421,578,2,895.39,0.15
17781,2025-10-12,330,521,2,4936.93,0.02
17782,2025-03-09,256,573,1,395.12,0.09
17783,2025-04-27,233,530,1,3899.23,0.02
17784,2025-02-22,502,518,1,3768.47,0.08
17785,2025-10-28,211,563,2,365.61,0.13
17786,2025-10-30,171,508,5,77038.55,0.16
17787,2025-04-11,286,580,4,271.4,0.05
17788,2025-10-02,185,553,3,33727.99,0.01
17789,2025-03-17,280,535,2,16757.19,0.13
17790,2025-08-13,490,514,5,38807.09,0.08
17791,2025-08-02,520,555,3,7228.06,0.13
17792,2025-10-31,221,521,3,4217.25,0.14
17793,2025-10-28,509,506,1,46327.96,0.01
17794,2025-06-28,101,575,5,554.34,0.2
17795,2025-03-27,153,502,5,56044.42,0.15
17796,2025-10-22,301,503,5,65054.21,0.15
17797,2025-09-04,159,556,3,13285.12,0.13
17798,2025-09-11,394,570,3,2666.84,0.04
17799,2025-10-27,144,596,2,3755.17,0.01
17800,2025-01-14,216,539,3,9701.54,0.02
17801,2025-09-24,426,542,2,8971.2,0.04
17802,2025-11-01,531,510,1,125639.53,0.11
17803,2025-11-09,149,590,5,235.77,0.15
17804,2025-02-16,446,533,3,32241.73,0.12
17805,2025-02-12,435,511,5,15225.53,0.06
17806,2025-03-13,395,530,5,3601.74,0.16
17807,2025-10-19,101,574,1,295.03,0.19
17808,2025-03-26,226,584,5,723.13,0.17
17809,2025-07-05,159,589,3,351.71,0.15
17810,2025-07-12,449,591,4,685.74,0.0
17811,2025-12-22,261,582,5,617.38,0.1
17812,2025-11-30,115,540,4,20378.95,0.14
17813,2025-02-27,321,585,3,719.72,0.18
17814,2025-07-25,416,578,4,751.88,0.12
17815,2025-10-02,289,546,2,7123.04,0.09
17816,2025-12-26,294,548,1,15733.3,0.02
17817,2025-08-28,442,501,1,77006.02,0.03
17818,2025-05-17,200,551,5,12069.29,0.14
17819,2025-06-17,150,576,4,470.05,0.14
17820,2025-02-20,389,505,5,90232.06,0.07
17821,2025-12-28,483,546,1,6221.55,0.14
17822,2025-09-05,167,532,5,19816.19,0.18
17823,2025-11-09,562,515,4,61974.91,0.2
17824,2025-08-12,538,532,2,23117.86,0.07
17825,2025-04-06,479,519,5,1619.56,0.06
17826,2025-06-16,130,548,1,14092.81,0.05
17827,2025-11-26,429,510,1,116577.07,0.16
17828,2025-07-15,531,532,3,20492.01,0.2
17829,2025-05-25,600,520,3,2725.57,0.04
17830,2025-04-09,164,503,4,60863.67,0.09
17831,2025-09-24,571,521,3,4479.53,0.06
17832,2025-07-22,443,595,2,3141.95,0.05
17833,2025-01-14,109,585,2,562.75,0.11
17834,2025-04-18,260,535,2,18851.03,0.08
17835,2025-03-26,508,565,1,194.43,0.11
17836,2025-05-16,528,566,5,462.05,0.08
17837,2025-07-31,473,578,4,854.89,0.06
17838,2025-10-13,554,579,3,475.0,0.19
17839,2025-08-19,523,588,1,1152.56,0.18
17840,2025-03-01,485,591,1,657.29,0.18
17841,2025-06-01,304,586,1,813.84,0.15
17842,2025-02-22,127,578,5,745.78,0.05
17843,2025-10-04,475,560,5,20780.61,0.07
17844,2025-04-26,102,554,5,33351.81,0.11
17845,2025-09-08,312,595,5,3608.43,0.1
17846,2025-06-28,132,566,4,437.25,0.01
17847,2025-04-29,498,527,4,8177.54,0.1
17848,2025-08-01,164,587,3,617.86,0.01
17849,2025-04-16,253,509,3,43896.23,0.08
17850,2025-08-14,583,521,5,4897.35,0.13
17851,2025-09-28,224,596,1,4201.11,0.06
17852,2025-03-18,423,503,1,69578.27,0.13
17853,2025-06-12,515,524,5,4872.63,0.04
17854,2025-12-16,308,586,1,700.17,0.16
17855,2025-07-16,388,554,2,33319.12,0.15
17856,2025-09-11,412,599,4,573.96,0.14
17857,2025-02-26,217,587,3,786.5,0.05
17858,2025-12-25,416,589,2,394.69,0.19
17859,2025-05-03,497,554,3,34100.14,0.09
17860,2025-09-17,302,503,5,60085.9,0.03
17861,2025-06-22,283,595,5,3277.28,0.13
17862,2025-05-21,192,538,4,52880.1,0.16
17863,2025-09-29,352,543,5,14516.85,0.12
17864,2025-08-16,138,564,1,618.6,0.0
17865,2025-04-18,405,568,4,489.07,0.13
17866,2025-09-17,504,533,5,36400.04,0.18
17867,2025-03-03,328,595,5,3085.12,0.19
17868,2025-05-16,559,534,3,45454.49,0.09
17869,2025-11-07,468,586,3,782.96,0.01
17870,2025-10-07,371,519,2,1600.68,0.19
17871,2025-01-02,360,554,3,26573.48,0.07
17872,2025-09-11,275,505,1,96642.56,0.07
17873,2025-11-15,141,537,4,24231.42,0.13
17874,2025-03-20,321,536,3,27006.06,0.16
17875,2025-08-20,151,521,5,4917.6,0.14
17876,2025-02-05,378,557,3,15330.91,0.03
17877,2025-03-21,207,503,5,75323.37,0.06
17878,2025-12-06,450,501,1,85918.19,0.05
17879,2025-05-15,382,512,2,25653.53,0.13
17880,2025-04-01,241,587,3,736.92,0.05
17881,2025-06-24,145,590,3,263.73,0.04
17882,2025-09-28,573,537,5,22145.68,0.15
17883,2025-05-13,200,591,5,562.16,0.14
17884,2025-05-20,465,587,3,707.31,0.15
17885,2025-03-12,223,574,5,311.65,0.19
17886,2025-09-12,562,570,2,3297.44,0.15
17887,2025-09-06,519,551,1,10869.82,0.08
17888,2025-12-11,356,537,3,26374.55,0.07
17889,2025-10-06,227,566,2,378.44,0.01
17890,2025-09-10,314,527,5,9511.56,0.04
17891,2025-09-01,347,507,5,63674.47,0.09
17892,2025-07-02,124,535,4,18543.76,0.19
17893,2025-08-24,455,515,4,50558.46,0.03
17894,2025-03-26,308,530,4,3805.82,0.12
17895,2025-12-08,125,535,1,18998.76,0.09
17896,2025-05-22,402,516,3,881.61,0.06
17897,2025-03-12,167,510,5,116869.5,0.05
17898,2025-08-13,539,515,4,60199.83,0.18
17899,2025-08-05,517,511,5,15593.41,0.15
17900,2025-02-19,383,578,3,801.58,0.06
17901,2025-12-15,318,594,5,449.89,0.17
17902,2025-12-02,361,544,1,25393.89,0.0
17903,2025-12-18,447,516,1,1030.47,0.06
17904,2025-09-13,520,584,3,891.24,0.17
17905,2025-05-18,307,544,2,25492.19,0.16
17906,2025-06-15,317,554,2,29127.76,0.13
17907,2025-09-28,501,514,2,49204.73,0.09
17908,2025-01-08,197,523,2,3179.24,0.15
17909,2025-04-03,104,552,4,19946.14,0.09
17910,2025-08-03,518,588,4,1171.95,0.09
17911,2025-05-10,571,507,3,62229.19,0.1
17912,2025-07-15,568,513,5,41190.19,0.15
17913,2025-01-15,242,596,1,3679.57,0.09
17914,2025-04-04,136,523,1,3118.25,0.17
17915,2025-12-15,135,593,4,208.33,0.11
17916,2025-06-11,402,595,1,3549.52,0.18
17917,2025-10-01,580,579,2,394.2,0.05
17918,2025-12-17,176,550,1,10193.28,0.17
17919,2025-07-06,393,576,2,465.77,0.08
17920,2025-04-26,366,530,2,4448.44,0.13
17921,2025-11-03,492,569,1,559.27,0.0
17922,2025-08-17,420,578,3,909.47,0.09
17923,2025-11-13,573,571,3,184.47,0.12
17924,2025-04-11,124,531,4,9635.61,0.12
17925,2025-11-09,449,520,2,2223.24,0.13
17926,2025-10-18,393,561,2,10003.13,0.11
17927,2025-09-25,596,521,3,5183.88,0.04
17928,2025-05-07,157,581,2,754.09,0.2
17929,2025-03-29,563,579,3,441.89,0.04
17930,2025-12-28,409,593,2,201.87,0.16
17931,2025-11-29,273,548,3,13161.99,0.03
17932,2025-10-09,427,510,2,127726.98,0.14
17933,2025-10-26,285,520,5,2851.72,0.11
17934,2025-08-22,190,564,4,540.88,0.16
17935,2025-07-30,406,538,5,51358.91,0.01
17936,2025-05-30,366,547,5,7781.6,0.03
17937,2025-11-08,540,533,5,32039.39,0.03
17938,2025-05-02,528,519,4,1907.83,0.06
17939,2025-02-03,318,549,3,25375.18,0.05
17940,2025-11-08,116,505,4,102846.58,0.02
17941,2025-10-22,332,593,4,214.44,0.02
17942,2025-01-28,385,536,1,28956.2,0.05
17943,2025-01-18,230,526,3,8674.03,0.07
17944,2025-12-08,303,586,2,860.59,0.02
17945,2025-08-22,174,517,3,1458.64,0.07
17946,2025-10-07,410,505,4,85566.21,0.15
17947,2025-08-27,491,593,4,186.37,0.01
17948,2025-12-12,113,513,5,43694.24,0.08
17949,2025-02-12,366,515,1,53170.08,0.0
17950,2025-06-19,194,588,2,1377.9,0.02
17951,2025-04-16,311,547,4,7688.8,0.03
17952,2025-05-01,482,551,2,12921.19,0.18
17953,2025-03-08,153,513,2,42250.41,0.05
17954,2025-06-02,238,564,4,598.34,0.0
17955,2025-10-07,428,580,3,286.89,0.11
17956,2025-02-28,256,584,4,742.42,0.03
17957,2025-12-23,158,592,3,330.32,0.13
17958,2025-09-25,187,571,2,181.58,0.15
17959,2025-04-11,184,589,4,357.1,0.11
17960,2025-02-23,495,549,1,26171.02,0.17
17961,2025-10-04,563,515,4,51344.31,0.18
17962,2025-08-04,131,533,4,38255.81,0.09
17963,2025-06-22,599,514,2,46352.84,0.0
17964,2025-07-12,163,575,1,525.71,0.18
17965,2025-03-02,273,582,5,544.8,0.01
17966,2025-12-26,154,510,1,133504.84,0.2
17967,2025-01-24,317,548,5,15726.27,0.17
17968,2025-03-05,114,533,2,32635.2,0.09
17969,2025-09-19,352,570,1,3193.09,0.06
17970,2025-03-29,524,506,2,58142.26,0.02
17971,2025-04-24,341,560,5,18221.41,0.04
17972,2025-02-12,508,521,5,4597.55,0.04
17973,2025-08-28,282,595,1,3174.6,0.17
17974,2025-09-20,280,540,5,18159.09,0.07
17975,2025-11-28,209,597,3,5141.0,0.13
17976,2025-08-29,512,502,4,70463.03,0.14
17977,2025-07-21,235,595,1,3556.45,0.19
17978,2025-10-31,441,557,5,17579.98,0.02
17979,2025-02-07,435,543,3,14336.21,0.13
17980,2025-11-28,148,518,1,3278.17,0.02
17981,2025-10-02,500,552,2,20437.41,0.11
17982,2025-02-12,370,523,5,3191.93,0.09
17983,2025-09-18,165,539,3,11854.68,0.01
17984,2025-02-10,286,560,3,22367.37,0.07
17985,2025-12-29,233,539,3,12697.74,0.17
17986,2025-01-07,340,554,1,33828.96,0.16
17987,2025-01-12,166,554,4,34038.83,0.11
17988,2025-08-26,314,547,1,6121.2,0.15
17989,2025-10-25,586,514,2,48893.8,0.09
17990,2025-04-01,319,547,5,7852.93,0.14
17991,2025-01-25,306,564,2,637.9,0.0
17992,2025-07-17,545,597,1,4946.35,0.15
17993,2025-06-17,574,576,5,447.17,0.11
17994,2025-09-27,266,563,4,369.91,0.07
17995,2025-06-02,450,517,3,1471.44,0.16
17996,2025-03-19,417,505,3,102614.54,0.07
17997,2025-05-16,344,544,1,26740.72,0.15
17998,2025-08-10,590,587,5,791.58,0.09
17999,2025-09-17,460,570,2,3457.18,0.03
18000,2025-01-10,575,530,3,3747.49,0.16
18001,2025-03-07,320,523,3,3227.48,0.15
18002,2025-12-13,479,569,1,470.63,0.13
18003,2025-05-05,355,503,4,74504.08,0.05
18004,2025-05-06,122,588,4,1244.85,0.03
18005,2025-08-28,560,504,3,83145.02,0.12
18006,2025-07-05,421,531,1,12210.83,0.17
18007,2025-06-19,420,508,3,93214.97,0.1
18008,2025-12-27,502,596,2,4012.42,0.15
18009,2025-06-28,175,592,2,304.16,0.2
18010,2025-03-12,364,537,3,24389.57,0.11
18011,2025-01-30,408,561,1,10953.01,0.01
18012,2025-07-04,467,506,5,46767.87,0.16
18013,2025-06-18,105,595,5,3148.84,0.11
18014,2025-02-18,537,526,4,7207.09,0.07
18015,2025-08-28,561,551,5,12371.47,0.06
18016,2025-10-25,163,542,1,8542.6,0.04
18017,2025-08-14,368,581,1,614.89,0.1
18018,2025-07-18,119,507,1,49154.48,0.11
18019,2025-02-27,277,559,1,14202.3,0.09
18020,2025-09-02,429,597,5,5710.27,0.03
18021,2025-04-13,109,546,1,7221.68,0.14
18022,2025-08-19,424,520,2,2595.12,0.12
18023,2025-04-10,335,516,5,918.93,0.14
18024,2025-02-13,481,530,5,4326.48,0.02
18025,2025-06-05,128,565,3,198.11,0.13
18026,2025-09-09,473,524,1,5588.97,0.05
18027,2025-03-30,234,546,5,6783.4,0.05
18028,2025-03-11,295,592,3,311.76,0.2
18029,2025-11-23,239,536,1,31321.22,0.0
18030,2025-10-28,171,562,3,12663.61,0.0
18031,2025-01-01,126,535,2,16270.34,0.06
18032,2025-06-20,126,527,2,7811.59,0.12
18033,2025-08-22,246,522,4,8068.47,0.1
18034,2025-07-09,553,560,2,21330.75,0.03
18035,2025-06-03,600,551,2,10889.6,0.08
18036,2025-08-20,509,520,3,2684.24,0.08
18037,2025-07-24,392,562,4,12068.22,0.19
18038,2025-12-06,207,590,4,226.18,0.18
18039,2025-10-13,135,570,5,2839.38,0.2
18040,2025-09-24,474,555,4,7615.83,0.06
18041,2025-09-11,368,558,5,3640.45,0.08
18042,2025-10-25,300,520,5,2368.87,0.07
18043,2025-03-07,235,593,1,232.61,0.1
18044,2025-05-14,404,524,2,4397.08,0.06
18045,2025-10-16,375,583,4,1112.75,0.01
18046,2025-08-27,513,568,5,495.6,0.05
18047,2025-03-10,353,548,5,12798.87,0.0
18048,2025-10-30,509,596,5,3541.36,0.06
18049,2025-11-01,351,594,4,536.24,0.18
18050,2025-05-16,225,589,3,340.64,0.04
18051,2025-11-19,333,552,3,25103.28,0.11
18052,2025-06-27,524,504,1,103383.55,0.11
18053,2025-07-25,131,599,4,584.15,0.12
18054,2025-09-08,564,522,4,8347.23,0.12
18055,2025-08-11,240,585,5,569.56,0.13
18056,2025-01-08,184,599,3,649.68,0.03
18057,2025-10-05,474,505,5,93402.62,0.05
18058,2025-03-03,246,534,5,44924.91,0.11
18059,2025-10-24,336,530,1,4112.11,0.07
18060,2025-10-21,187,552,2,21198.43,0.06
18061,2025-07-09,114,551,2,10664.79,0.04
18062,2025-12-26,368,541,2,4507.92,0.1
18063,2025-11-27,564,575,4,505.12,0.11
18064,2025-07-11,560,542,1,7870.86,0.05
18065,2025-07-11,191,591,4,665.45,0.09
18066,2025-12-26,355,570,4,3320.57,0.09
18067,2025-10-03,505,567,3,720.42,0.09
18068,2025-12-09,327,562,5,14391.55,0.02
18069,2025-04-23,528,516,2,1059.25,0.01
18070,2025-12-02,484,506,5,50313.2,0.14
18071,2025-11-20,388,571,4,167.71,0.18
18072,2025-10-17,505,546,3,7964.11,0.07
18073,2025-08-05,198,573,1,372.88,0.16
18074,2025-03-12,202,543,3,12217.72,0.08
18075,2025-12-03,156,575,4,440.07,0.08
18076,2025-12-01,284,569,1,524.98,0.18
18077,2025-06-12,579,538,2,46370.95,0.01
18078,2025-12-10,551,563,2,398.96,0.17
18079,2025-03-24,140,563,2,395.38,0.14
18080,2025-11-23,171,540,1,18345.39,0.08
18081,2025-06-05,364,589,3,320.64,0.06
18082,2025-08-20,257,581,3,636.98,0.16
18083,2025-01-28,170,552,2,23825.35,0.04
18084,2025-12-19,439,515,3,48033.78,0.08
18085,2025-03-01,200,572,5,219.89,0.02
18086,2025-02-05,267,503,2,68189.0,0.02
18087,2025-04-26,547,564,5,718.18,0.09
18088,2025-05-10,571,546,1,7631.8,0.15
18089,2025-03-29,446,586,2,745.95,0.12
18090,2025-12-11,473,563,4,392.97,0.07
18091,2025-07-22,481,541,1,4970.34,0.19
18092,2025-06-20,541,561,4,10163.65,0.15
18093,2025-08-24,585,527,5,9431.06,0.01
18094,2025-01-11,426,528,2,13389.57,0.07
18095,2025-10-22,371,536,4,29280.45,0.07
18096,2025-09-26,473,583,3,1007.81,0.16
18097,2025-01-01,218,559,2,17366.41,0.11
18098,2025-08-01,114,567,3,740.24,0.01
18099,2025-08-01,134,518,1,3535.51,0.13
18100,2025-06-22,580,520,5,2571.71,0.08
18101,2025-04-23,337,532,5,22733.86,0.17
18102,2025-08-13,140,519,1,1917.19,0.14
18103,2025-09-15,463,560,1,18001.91,0.09
18104,2025-04-06,210,575,3,440.31,0.07
18105,2025-11-27,553,544,3,28525.66,0.19
18106,2025-09-19,257,565,3,215.73,0.02
18107,2025-05-10,289,579,5,402.69,0.12
18108,2025-07-13,115,578,4,919.19,0.1
18109,2025-06-28,534,539,4,11702.47,0.06
18110,2025-09-07,258,541,2,5497.83,0.07
18111,2025-08-01,187,557,3,18509.04,0.1
18112,2025-05-04,266,520,2,2581.7,0.12
18113,2025-10-18,173,583,5,1144.9,0.09
18114,2025-08-27,126,569,5,442.21,0.09
18115,2025-02-28,476,557,3,15489.96,0.02
18116,2025-01-08,364,520,4,2276.17,0.16
18117,2025-12-19,550,556,5,12785.5,0.1
18118,2025-01-26,112,586,2,778.72,0.13
18119,2025-04-26,440,548,1,15952.22,0.11
18120,2025-08-18,560,572,2,222.35,0.15
18121,2025-08-14,151,580,3,230.68,0.05
18122,2025-08-07,594,582,4,608.23,0.18
18123,2025-02-03,383,555,1,7750.96,0.18
18124,2025-09-27,276,532,3,22132.46,0.08
18125,2025-09-05,384,574,2,309.49,0.12
18126,2025-07-17,395,549,3,26637.69,0.12
18127,2025-08-17,102,592,2,301.66,0.11
18128,2025-04-05,593,518,2,3537.7,0.18
18129,2025-01-19,173,590,3,233.58,0.02
18130,2025-11-30,282,564,3,551.78,0.01
18131,2025-04-15,424,582,2,547.52,0.18
18132,2025-10-06,369,593,5,199.09,0.07
18133,2025-06-11,113,573,4,366.81,0.09
18134,2025-03-12,534,559,4,15864.75,0.17
18135,2025-11-16,564,512,3,23948.37,0.1
18136,2025-04-19,136,522,4,8775.43,0.16
18137,2025-11-13,220,535,1,15830.61,0.14
18138,2025-06-16,432,528,1,13649.76,0.05
18139,2025-08-30,456,572,3,268.41,0.04
18140,2025-09-01,196,569,4,530.66,0.14
18141,2025-06-06,394,529,1,2772.78,0.01
18142,2025-05-06,298,539,1,10395.94,0.17
18143,2025-07-17,146,576,4,445.37,0.15
18144,2025-05-18,198,516,3,1053.29,0.18
18145,2025-07-04,316,502,4,65559.03,0.17
18146,2025-11-18,333,532,1,20681.13,0.11
18147,2025-05-28,210,513,5,44128.71,0.15
18148,2025-08-18,475,550,1,9301.38,0.1
18149,2025-04-09,562,540,3,19203.37,0.18
18150,2025-02-28,279,517,3,1491.38,0.09
18151,2025-10-25,484,506,3,45964.39,0.03
18152,2025-12-16,409,528,1,17315.66,0.06
18153,2025-04-16,192,597,5,5223.14,0.04
18154,2025-01-19,117,505,3,99997.62,0.2
18155,2025-07-01,589,552,1,24400.46,0.16
18156,2025-05-16,491,517,2,1918.65,0.1
18157,2025-02-01,349,525,3,2809.27,0.15
18158,2025-05-15,500,556,5,13484.74,0.02
18159,2025-05-31,141,529,1,2459.4,0.01
18160,2025-09-24,215,588,1,1199.73,0.11
18161,2025-04-11,463,513,1,36939.46,0.02
18162,2025-12-15,203,540,4,19268.84,0.1
18163,2025-11-06,515,599,1,664.89,0.14
18164,2025-06-12,571,507,4,48916.8,0.16
18165,2025-06-05,492,590,4,231.81,0.04
18166,2025-11-16,110,598,1,4476.55,0.11
18167,2025-06-24,548,573,5,342.72,0.19
18168,2025-01-18,191,600,5,1055.09,0.02
18169,2025-09-11,343,560,4,22388.17,0.15
18170,2025-11-04,219,597,3,5724.77,0.15
18171,2025-06-22,409,577,2,431.7,0.12
18172,2025-06-21,289,542,1,8689.43,0.19
18173,2025-07-28,363,553,5,35586.81,0.13
18174,2025-12-27,118,590,2,263.28,0.06
18175,2025-12-28,386,599,2,663.82,0.09
18176,2025-07-24,571,511,2,14659.57,0.19
18177,2025-11-15,533,573,5,396.55,0.09
18178,2025-10-12,346,577,3,433.83,0.14
18179,2025-10-26,460,517,4,1680.98,0.06
18180,2025-10-02,532,596,3,3464.46,0.01
18181,2025-11-15,220,525,4,2210.08,0.14
18182,2025-02-27,597,510,4,115516.08,0.17
18183,2025-08-07,498,550,3,11201.19,0.04
18184,2025-08-11,253,558,5,3898.63,0.16
18185,2025-08-24,492,550,3,11468.39,0.17
18186,2025-03-11,587,503,1,66727.68,0.03
18187,2025-08-05,106,548,1,15822.03,0.13
18188,2025-11-30,240,564,3,617.16,0.07
18189,2025-09-06,164,595,3,3600.8,0.16
18190,2025-03-16,232,570,1,3261.66,0.03
18191,2025-10-21,445,502,1,66653.73,0.16
18192,2025-02-17,108,536,4,31788.69,0.13
18193,2025-06-30,190,563,5,355.74,0.03
18194,2025-05-26,406,581,3,601.21,0.19
18195,2025-11-01,228,600,4,955.95,0.02
18196,2025-11-21,420,566,4,407.01,0.01
18197,2025-06-14,475,570,5,3085.61,0.08
18198,2025-04-12,489,566,3,370.91,0.18
18199,2025-12-05,577,525,5,2238.52,0.07
18200,2025-11-23,527,504,3,94924.16,0.12
18201,2025-06-18,549,574,1,313.21,0.11
18202,2025-05-25,410,544,1,27428.84,0.09
18203,2025-05-13,269,513,3,39521.18,0.18
18204,2025-07-21,497,508,2,87492.65,0.14
18205,2025-05-07,221,596,3,4438.44,0.11
18206,2025-08-05,205,566,3,478.75,0.13
18207,2025-09-26,322,528,4,16106.53,0.09
18208,2025-03-25,492,510,3,131651.05,0.17
18209,2025-05-10,446,542,4,8375.03,0.01
18210,2025-01-23,124,551,3,10776.67,0.05
18211,2025-12-18,569,513,4,36057.5,0.18
18212,2025-08-25,515,527,1,10298.22,0.13
18213,2025-07-24,514,587,5,625.12,0.06
18214,2025-10-07,210,559,2,15334.5,0.04
18215,2025-04-20,368,578,2,874.57,0.07
18216,2025-05-04,247,543,2,11957.95,0.11
18217,2025-06-30,119,530,4,4137.05,0.07
18218,2025-06-06,423,505,3,89657.84,0.03
18219,2025-12-05,303,517,2,1728.45,0.01
18220,2025-08-04,239,505,4,96607.29,0.15
18221,2025-02-27,115,542,1,8823.8,0.04
18222,2025-11-06,551,579,4,450.41,0.0
18223,2025-06-16,443,516,3,885.54,0.12
18224,2025-07-30,265,562,4,11737.23,0.15
18225,2025-08-05,146,583,4,965.23,0.04
18226,2025-09-11,376,571,2,169.88,0.15
18227,2025-09-06,184,570,3,3180.15,0.02
18228,2025-05-27,363,522,3,8847.33,0.04
18229,2025-04-05,499,510,3,102601.22,0.0
18230,2025-08-31,585,538,5,53923.45,0.17
18231,2025-05-09,203,524,3,4717.73,0.12
18232,2025-10-12,438,595,2,3693.04,0.11
18233,2025-03-06,239,520,1,2363.24,0.1
18234,2025-06-11,283,538,1,54552.18,0.05
18235,2025-03-18,553,544,1,23712.51,0.09
18236,2025-11-23,316,520,5,2450.11,0.08
18237,2025-12-07,344,578,2,952.68,0.1
18238,2025-09-10,123,541,5,5022.59,0.01
18239,2025-03-05,229,571,4,188.13,0.19
18240,2025-11-19,590,539,2,9983.96,0.19
18241,2025-10-24,126,576,1,377.97,0.07
18242,2025-10-27,581,501,4,70476.06,0.11
18243,2025-02-27,298,554,2,28732.28,0.19
18244,2025-11-25,103,569,2,440.28,0.05
18245,2025-11-18,347,547,1,6631.97,0.0
18246,2025-04-06,122,552,1,24797.65,0.06
18247,2025-02-27,387,561,1,9256.6,0.19
18248,2025-03-25,600,565,4,224.41,0.12
18249,2025-09-06,318,600,4,1029.0,0.13
18250,2025-11-28,416,579,2,426.72,0.13
18251,2025-08-27,503,553,3,38967.69,0.17
18252,2025-06-24,524,557,1,16194.13,0.11
18253,2025-10-01,231,593,4,184.4,0.15
18254,2025-09-29,181,515,2,63822.85,0.18
18255,2025-09-06,567,560,1,16883.9,0.18
18256,2025-12-15,284,585,3,668.41,0.17
18257,2025-09-08,342,582,5,492.79,0.07
18258,2025-02-12,503,591,5,555.06,0.06
18259,2025-11-07,327,550,1,10608.37,0.19
18260,2025-11-19,169,581,4,769.09,0.11
18261,2025-01-11,105,549,2,23134.17,0.16
18262,2025-11-04,178,538,3,52307.77,0.04
18263,2025-01-25,200,553,4,30749.89,0.17
18264,2025-10-01,333,593,3,232.02,0.02
18265,2025-01-16,550,551,3,12453.77,0.08
18266,2025-12-07,199,569,1,473.66,0.14
18267,2025-12-29,429,543,1,13945.54,0.15
18268,2025-01-15,324,538,5,45471.41,0.11
18269,2025-06-25,411,533,2,36319.18,0.06
18270,2025-12-09,505,583,2,1014.28,0.11
18271,2025-03-18,330,526,4,7465.08,0.12
18272,2025-01-06,386,597,5,4965.03,0.13
18273,2025-10-29,304,515,2,49881.01,0.07
18274,2025-04-01,290,501,4,84323.8,0.13
18275,2025-02-28,401,527,2,7935.98,0.14
18276,2025-09-05,250,561,2,10939.3,0.07
18277,2025-12-29,354,507,1,60945.16,0.12
18278,2025-04-02,419,559,1,15396.63,0.03
18279,2025-09-20,337,576,5,378.49,0.12
18280,2025-02-08,261,553,4,32926.91,0.16
18281,2025-02-02,578,505,4,105886.77,0.03
18282,2025-11-17,161,563,4,376.35,0.14
18283,2025-04-17,131,569,3,559.33,0.09
18284,2025-02-06,415,532,5,20248.44,0.16
18285,2025-09-16,466,529,1,2549.98,0.11
18286,2025-08-06,121,522,4,7924.85,0.1
18287,2025-11-24,482,510,5,131603.92,0.17
18288,2025-03-23,202,528,4,16103.84,0.06
18289,2025-01-20,475,552,1,22626.92,0.15
18290,2025-10-09,479,584,4,765.79,0.05
18291,2025-06-08,258,578,2,848.83,0.15
18292,2025-08-11,193,581,2,662.35,0.0
18293,2025-03-11,492,556,3,11922.18,0.04
18294,2025-07-05,454,501,1,85625.73,0.1
18295,2025-03-19,426,531,5,10136.05,0.18
18296,2025-04-02,283,545,3,10832.76,0.03
18297,2025-10-24,159,524,5,4995.74,0.09
18298,2025-06-01,225,561,2,10056.47,0.1
18299,2025-03-04,549,533,4,39423.2,0.0
18300,2025-06-18,262,517,5,1684.4,0.15
18301,2025-09-28,325,597,3,5442.08,0.15
18302,2025-09-09,229,591,3,698.67,0.08
18303,2025-07-05,462,573,3,367.68,0.19
18304,2025-01-10,117,545,4,9851.58,0.14
18305,2025-03-08,330,566,3,393.98,0.14
18306,2025-12-31,345,532,4,19261.53,0.2
18307,2025-11-20,229,589,3,371.08,0.09
18308,2025-09-01,491,535,3,19104.14,0.11
18309,2025-02-17,269,596,1,3711.9,0.1
18310,2025-01-05,527,560,5,18882.55,0.06
18311,2025-05-09,269,536,2,28853.04,0.06
18312,2025-08-20,535,537,1,26734.87,0.12
18313,2025-02-27,180,504,4,78041.78,0.09
18314,2025-06-04,211,580,3,270.03,0.14
18315,2025-11-15,137,515,3,49045.5,0.16
18316,2025-04-12,570,501,2,84878.7,0.2
18317,2025-11-17,211,562,1,13908.47,0.15
18318,2025-05-15,578,540,4,22053.4,0.17
18319,2025-09-27,404,544,1,22972.14,0.16
18320,2025-03-23,510,559,5,16240.08,0.18
18321,2025-09-01,542,586,4,765.03,0.17
18322,2025-11-09,288,558,2,3141.54,0.07
18323,2025-09-01,287,566,4,380.57,0.02
18324,2025-08-11,393,551,3,12651.62,0.19
18325,2025-07-11,159,564,2,634.71,0.12
18326,2025-06-22,475,600,2,924.09,0.12
18327,2025-01-20,184,561,2,8603.57,0.04
18328,2025-06-27,321,510,4,133898.18,0.0
18329,2025-10-03,350,506,2,58663.48,0.07
18330,2025-12-28,527,534,4,42110.74,0.05
18331,2025-01-23,218,566,4,458.16,0.14
18332,2025-08-31,400,567,3,738.69,0.09
18333,2025-05-30,135,581,4,647.27,0.13
18334,2025-09-10,249,526,4,7471.37,0.13
18335,2025-09-14,195,523,2,3005.47,0.12
18336,2025-01-20,259,548,5,15149.39,0.06
18337,2025-05-11,462,503,2,60236.72,0.02
18338,2025-03-06,276,554,4,26854.77,0.05
18339,2025-01-27,186,526,5,7802.18,0.1
18340,2025-12-30,425,502,1,70260.59,0.01
18341,2025-07-26,494,525,5,2488.7,0.17
18342,2025-02-24,381,506,2,46800.13,0.11
18343,2025-09-05,239,586,3,792.86,0.19
18344,2025-04-20,123,536,5,32611.1,0.12
18345,2025-04-16,544,522,3,8316.19,0.19
18346,2025-03-26,572,546,4,6974.0,0.18
18347,2025-04-22,459,585,3,636.35,0.17
18348,2025-04-13,200,539,1,10538.16,0.06
18349,2025-11-09,425,525,3,2678.8,0.11
18350,2025-06-26,536,525,5,2807.66,0.05
18351,2025-08-26,318,585,5,557.5,0.2
18352,2025-12-13,479,501,2,79343.96,0.02
18353,2025-06-07,546,574,1,312.93,0.16
18354,2025-10-19,302,569,1,508.28,0.08
18355,2025-08-08,481,571,2,151.73,0.2
18356,2025-01-14,371,526,5,8730.29,0.0
18357,2025-07-22,233,558,2,3150.36,0.2
18358,2025-09-03,290,509,3,48400.5,0.16
18359,2025-04-18,109,516,4,1114.43,0.1
18360,2025-11-02,315,565,5,234.6,0.06
18361,2025-11-16,285,578,1,772.77,0.07
18362,2025-08-26,229,579,5,371.1,0.19
18363,2025-05-18,527,511,1,14812.94,0.13
18364,2025-02-13,403,580,3,235.71,0.09
18365,2025-05-07,168,532,2,22465.0,0.19
18366,2025-09-11,148,510,3,133674.19,0.18
18367,2025-07-15,361,503,1,67684.78,0.03
18368,2025-08-07,215,585,2,688.58,0.06
18369,2025-02-27,458,564,2,551.27,0.03
18370,2025-12-17,162,594,1,502.95,0.1
18371,2025-08-26,468,544,4,27850.1,0.09
18372,2025-08-06,560,588,2,1197.97,0.19
18373,2025-11-14,446,510,1,120728.89,0.07
18374,2025-04-23,426,582,2,626.12,0.02
18375,2025-06-12,180,539,3,10979.81,0.16
18376,2025-09-19,501,539,4,11284.16,0.19
18377,2025-05-23,316,536,4,33158.29,0.09
18378,2025-08-24,257,572,2,284.55,0.16
18379,2025-08-19,185,531,5,9693.56,0.09
18380,2025-12-10,573,565,3,212.52,0.06
18381,2025-07-14,348,546,2,7984.31,0.19
18382,2025-05-19,397,577,2,430.94,0.11
18383,2025-01-11,119,567,5,614.32,0.13
18384,2025-09-23,116,549,2,25012.05,0.15
18385,2025-06-04,300,549,2,27022.02,0.07
18386,2025-03-16,511,544,2,27353.97,0.0
18387,2025-11-29,563,537,1,25865.92,0.14
18388,2025-03-17,492,542,4,10197.18,0.13
18389,2025-12-02,471,533,2,34145.58,0.16
18390,2025-04-09,408,556,1,13683.25,0.04
18391,2025-10-09,250,593,3,207.61,0.0
18392,2025-09-23,397,534,2,44843.7,0.12
18393,2025-08-19,238,507,2,50775.89,0.1
18394,2025-10-26,495,584,2,918.21,0.04
18395,2025-08-10,164,520,3,2439.41,0.17
18396,2025-05-12,531,517,3,1617.73,0.15
18397,2025-03-22,364,593,1,219.28,0.05
18398,2025-11-27,465,573,4,388.91,0.15
18399,2025-05-09,486,501,2,85740.63,0.09
18400,2025-08-01,285,505,5,91314.69,0.01
18401,2025-09-17,413,503,1,69307.53,0.11
18402,2025-07-12,590,546,1,7811.3,0.05
18403,2025-12-24,442,509,1,47888.72,0.19
18404,2025-10-29,239,562,3,11501.35,0.15
18405,2025-08-14,273,536,5,32572.96,0.15
18406,2025-07-03,430,519,2,1706.38,0.03
18407,2025-06-10,150,565,4,218.48,0.11
18408,2025-11-20,423,595,3,3351.65,0.07
18409,2025-01-04,537,598,1,4091.49,0.19
18410,2025-01-30,557,561,1,9969.11,0.16
18411,2025-05-06,227,520,3,2199.54,0.13
18412,2025-03-24,135,563,2,394.98,0.09
18413,2025-09-21,331,555,3,7225.47,0.15
18414,2025-10-31,109,586,2,865.86,0.08
18415,2025-04-11,593,516,3,862.24,0.18
18416,2025-10-02,235,559,3,16299.1,0.12
18417,2025-04-21,171,541,4,5243.04,0.02
18418,2025-11-21,263,526,4,6697.58,0.12
18419,2025-05-28,495,546,5,6246.03,0.14
18420,2025-06-06,217,584,5,814.95,0.14
18421,2025-09-24,370,600,5,1013.61,0.07
18422,2025-04-11,165,567,4,653.92,0.16
18423,2025-10-31,358,550,5,10317.0,0.13
18424,2025-08-30,579,529,2,2385.12,0.15
18425,2025-05-26,337,543,5,12929.25,0.18
18426,2025-11-23,524,577,1,372.47,0.04
18427,2025-12-18,242,577,2,353.91,0.08
18428,2025-10-13,379,505,1,103921.47,0.18
18429,2025-09-25,384,542,4,9607.34,0.18
18430,2025-12-10,562,560,5,21650.18,0.14
18431,2025-10-30,521,518,4,3309.78,0.1
18432,2025-08-12,481,526,3,7061.41,0.01
18433,2025-07-11,518,557,3,16413.71,0.03
18434,2025-01-16,436,570,4,2979.21,0.11
18435,2025-12-08,355,585,3,625.5,0.19
18436,2025-02-23,566,578,3,866.91,0.18
18437,2025-04-07,340,588,4,1319.93,0.08
18438,2025-11-23,140,552,2,24925.77,0.01
18439,2025-08-18,510,530,5,3717.08,0.18
18440,2025-09-19,427,537,4,22909.95,0.14
18441,2025-02-18,284,568,2,603.95,0.07
18442,2025-04-18,273,517,3,1697.48,0.01
18443,2025-10-31,235,563,5,316.9,0.11
18444,2025-08-24,189,585,4,591.61,0.15
18445,2025-08-14,218,505,2,109336.16,0.19
18446,2025-02-20,406,522,1,9648.54,0.07
18447,2025-07-01,423,571,1,163.13,0.08
18448,2025-07-14,570,559,1,13380.29,0.12
18449,2025-05-24,109,502,2,59537.08,0.13
18450,2025-09-08,547,523,4,2756.93,0.01
18451,2025-06-28,267,504,1,78948.94,0.01
18452,2025-08-24,224,519,4,1584.82,0.02
18453,2025-06-25,218,542,3,9222.36,0.11
18454,2025-07-28,204,520,5,2327.49,0.01
18455,2025-09-07,157,538,3,44708.57,0.03
18456,2025-12-29,336,529,3,2677.93,0.07
18457,2025-02-23,333,535,5,15117.95,0.2
18458,2025-05-19,363,556,2,10879.05,0.14
18459,2025-12-15,477,577,4,384.89,0.04
18460,2025-04-22,319,552,2,19886.63,0.08
18461,2025-05-10,162,558,4,3737.42,0.06
18462,2025-12-25,512,525,1,2665.82,0.14
18463,2025-08-01,573,582,1,588.34,0.12
18464,2025-02-12,266,545,4,11023.28,0.12
18465,2025-12-02,134,589,3,345.08,0.18
18466,2025-03-03,343,549,3,26811.94,0.11
18467,2025-07-16,588,528,5,14157.09,0.15
18468,2025-05-29,290,569,4,443.72,0.13
18469,2025-03-23,594,600,2,1117.73,0.12
18470,2025-12-24,206,573,5,331.08,0.09
18471,2025-07-29,279,510,4,126866.95,0.02
18472,2025-12-01,412,530,1,4322.04,0.19
18473,2025-05-29,113,521,2,5044.19,0.1
18474,2025-12-06,430,506,1,52926.09,0.2
18475,2025-12-08,522,548,5,14782.49,0.1
18476,2025-04-24,574,519,5,1553.53,0.02
18477,2025-11-11,567,511,2,18409.15,0.01
18478,2025-01-10,266,595,1,3176.08,0.06
18479,2025-08-31,541,514,4,45745.2,0.03
18480,2025-12-17,208,515,2,53601.19,0.06
18481,2025-09-21,343,579,3,360.95,0.07
18482,2025-01-18,320,590,2,263.8,0.19
18483,2025-10-06,562,543,1,12012.5,0.14
18484,2025-04-25,438,552,3,20389.51,0.03
18485,2025-01-06,417,522,4,9087.47,0.06
18486,2025-10-16,424,511,3,15875.38,0.03
18487,2025-04-08,283,561,1,9698.94,0.17
18488,2025-02-18,560,600,1,1085.33,0.2
18489,2025-11-12,549,537,3,26914.84,0.13
18490,2025-06-10,295,545,4,10050.05,0.17
18491,2025-05-03,590,569,5,483.61,0.16
18492,2025-03-14,179,561,4,9909.2,0.05
18493,2025-06-28,390,542,4,8661.02,0.08
18494,2025-01-16,314,559,1,15631.19,0.17
18495,2025-05-29,214,535,3,18111.77,0.16
18496,2025-11-16,405,568,4,595.25,0.14
18497,2025-11-21,140,559,5,15771.45,0.2
18498,2025-01-26,544,583,4,1118.38,0.1
18499,2025-01-27,138,532,4,18805.15,0.02
18500,2025-09-18,422,538,5,50515.58,0.12
18501,2025-06-20,148,565,5,213.8,0.01
18502,2025-03-10,453,543,3,13018.24,0.14
18503,2025-07-18,480,572,4,237.46,0.11
18504,2025-04-12,327,518,2,3969.65,0.0
18505,2025-11-29,589,536,1,29035.4,0.19
18506,2025-07-16,283,517,1,1732.47,0.16
18507,2025-11-21,228,556,2,13818.85,0.12
18508,2025-02-03,345,536,1,33072.07,0.01
18509,2025-03-15,509,523,3,3279.62,0.03
18510,2025-07-25,284,595,2,3159.86,0.07
18511,2025-09-24,285,510,2,102478.15,0.13
18512,2025-12-16,507,566,2,405.75,0.16
18513,2025-06-12,494,521,2,5309.82,0.1
18514,2025-12-24,329,590,5,262.75,0.14
18515,2025-10-06,550,506,3,49353.31,0.01
18516,2025-11-20,189,575,5,516.54,0.08
18517,2025-06-10,236,507,1,48643.0,0.19
18518,2025-02-06,503,576,4,426.76,0.02
18519,2025-02-03,363,597,2,5853.74,0.19
18520,2025-10-08,477,589,4,391.62,0.17
18521,2025-01-12,551,530,2,4542.2,0.0
18522,2025-08-31,590,523,3,2831.5,0.06
18523,2025-08-19,184,569,3,478.75,0.05
18524,2025-07-20,314,597,3,5590.8,0.15
18525,2025-07-12,269,511,2,18356.92,0.11
18526,2025-02-16,125,548,2,14937.71,0.08
18527,2025-07-03,261,550,2,10919.91,0.1
18528,2025-02-06,198,584,3,883.46,0.11
18529,2025-05-07,486,560,3,18179.25,0.15
18530,2025-02-25,303,522,3,7801.9,0.11
18531,2025-12-27,224,577,4,403.04,0.1
18532,2025-03-03,577,540,3,22121.33,0.07
18533,2025-06-10,264,544,4,22327.2,0.17
18534,2025-08-16,218,544,3,24138.1,0.11
18535,2025-06-15,532,512,2,21618.58,0.08
18536,2025-09-03,398,586,2,663.87,0.04
18537,2025-05-09,513,544,3,23501.27,0.13
18538,2025-01-10,163,510,4,105753.57,0.08
18539,2025-03-11,507,511,5,16287.94,0.07
18540,2025-08-29,320,559,1,15462.28,0.1
18541,2025-08-17,140,513,2,39546.94,0.17
18542,2025-03-11,298,581,2,756.09,0.18
18543,2025-06-13,546,565,1,235.02,0.04
18544,2025-10-14,586,519,3,1647.59,0.08
18545,2025-01-02,244,546,3,6544.75,0.2
18546,2025-06-25,105,532,5,23562.26,0.12
18547,2025-04-16,178,568,2,580.82,0.07
18548,2025-12-16,280,512,1,28721.06,0.04
18549,2025-12-28,132,590,5,246.48,0.09
18550,2025-11-25,522,538,3,42618.89,0.05
18551,2025-01-20,479,561,5,9455.39,0.16
18552,2025-08-22,437,528,1,13565.87,0.02
18553,2025-01-02,352,572,3,234.55,0.19
18554,2025-02-27,182,593,2,238.7,0.17
18555,2025-01-29,339,521,2,4830.67,0.06
18556,2025-10-31,351,598,2,4236.2,0.04
18557,2025-12-27,167,578,5,959.09,0.18
18558,2025-07-26,107,535,2,17141.32,0.02
18559,2025-07-16,370,503,5,70328.48,0.0
18560,2025-09-30,534,527,5,9061.76,0.09
18561,2025-09-11,590,587,3,761.52,0.16
18562,2025-10-01,173,508,1,85472.86,0.14
18563,2025-07-06,511,576,2,431.27,0.13
18564,2025-11-14,162,589,1,365.66,0.02
18565,2025-02-01,239,554,1,28493.5,0.03
18566,2025-02-13,224,580,1,275.52,0.16
18567,2025-12-07,126,516,1,1030.75,0.14
18568,2025-02-07,571,582,2,569.73,0.16
18569,2025-09-01,423,599,1,640.44,0.08
18570,2025-04-17,567,529,2,2850.62,0.14
18571,2025-11-09,105,558,5,3217.73,0.11
18572,2025-02-07,585,545,1,10367.93,0.11
18573,2025-05-04,232,536,5,34253.7,0.05
18574,2025-11-22,231,593,5,211.17,0.16
18575,2025-07-06,176,502,3,61902.93,0.06
18576,2025-07-27,571,553,5,32879.57,0.11
18577,2025-03-22,117,582,1,529.43,0.18
18578,2025-07-20,486,553,1,36269.72,0.0
18579,2025-10-27,479,521,4,4681.33,0.13
18580,2025-11-18,168,583,2,979.15,0.07
18581,2025-06-06,590,534,5,44337.49,0.12
18582,2025-08-23,171,579,1,376.11,0.17
18583,2025-12-03,358,584,3,948.66,0.17
18584,2025-07-29,220,554,2,31330.81,0.12
18585,2025-06-28,226,578,3,951.63,0.12
18586,2025-09-19,113,534,1,39192.58,0.06
18587,2025-10-11,299,590,2,218.72,0.14
18588,2025-01-25,280,541,4,5432.45,0.16
18589,2025-04-16,368,551,5,10661.84,0.07
18590,2025-11-25,469,529,2,2645.4,0.05
18591,2025-11-27,347,589,3,364.85,0.13
18592,2025-02-02,213,523,2,2646.95,0.1
18593,2025-10-27,554,510,5,109211.64,0.19
18594,2025-12-01,393,504,2,78751.84,0.16
18595,2025-10-23,224,529,5,2163.4,0.05
18596,2025-05-08,439,520,5,2615.06,0.16
18597,2025-03-22,118,554,2,34092.64,0.02
18598,2025-03-14,299,522,5,9555.02,0.17
18599,2025-06-06,460,592,5,274.43,0.13
18600,2025-05-06,114,570,2,3418.43,0.03
18601,2025-08-30,124,592,3,332.64,0.08
18602,2025-07-09,154,551,3,12622.38,0.01
18603,2025-01-17,469,577,5,344.92,0.06
18604,2025-05-19,189,596,3,3591.65,0.05
18605,2025-07-26,409,547,3,7983.97,0.09
18606,2025-04-13,179,561,4,11034.97,0.07
18607,2025-08-29,509,532,4,19127.08,0.06
18608,2025-09-03,110,554,2,28633.34,0.12
18609,2025-04-03,313,505,3,90193.79,0.14
18610,2025-04-17,576,532,5,23883.1,0.19
18611,2025-05-07,578,586,5,791.11,0.16
18612,2025-04-15,565,594,3,490.87,0.17
18613,2025-04-12,382,576,4,425.07,0.03
18614,2025-11-29,235,554,3,29490.34,0.18
18615,2025-07-31,213,572,2,273.19,0.15
18616,2025-11-16,539,554,1,28711.54,0.04
18617,2025-11-02,245,579,2,470.57,0.13
18618,2025-03-07,165,549,2,24266.0,0.03
18619,2025-09-23,588,575,1,531.14,0.17
18620,2025-03-17,276,578,1,921.03,0.15
18621,2025-09-27,173,528,1,14977.9,0.0
18622,2025-12-02,229,594,4,430.89,0.19
18623,2025-11-07,175,539,4,10220.39,0.15
18624,2025-09-23,417,533,2,33447.41,0.15
18625,2025-02-28,424,542,3,9099.44,0.14
18626,2025-07-29,585,595,2,3456.23,0.0
18627,2025-01-21,483,539,2,12501.57,0.0
18628,2025-11-04,495,578,4,948.49,0.08
18629,2025-03-29,133,535,5,16322.99,0.01
18630,2025-11-24,192,551,4,13343.3,0.05
18631,2025-04-02,214,577,1,412.54,0.01
18632,2025-07-20,220,589,4,336.34,0.17
18633,2025-08-07,181,549,1,26665.91,0.05
18634,2025-11-25,127,516,2,927.26,0.03
18635,2025-01-17,142,525,5,2318.23,0.17
18636,2025-06-04,225,586,3,667.41,0.18
18637,2025-11-23,129,585,5,670.79,0.06
18638,2025-02-18,542,592,1,320.88,0.07
18639,2025-12-27,363,564,2,589.6,0.1
18640,2025-09-18,523,559,4,13206.12,0.07
18641,2025-09-24,176,539,2,10972.28,0.09
18642,2025-11-26,395,540,5,20778.26,0.18
18643,2025-06-29,233,508,4,73209.09,0.04
18644,2025-02-11,493,581,1,604.61,0.18
18645,2025-05-10,218,591,4,636.58,0.11
18646,2025-06-29,473,571,1,155.24,0.19
18647,2025-07-20,450,576,3,418.87,0.05
18648,2025-09-06,537,503,1,74031.48,0.14
18649,2025-10-22,563,595,3,3771.72,0.03
18650,2025-12-22,583,592,1,334.92,0.19
18651,2025-04-22,378,516,2,867.26,0.14
18652,2025-01-04,468,586,1,739.65,0.1
18653,2025-08-25,315,545,1,10302.65,0.09
18654,2025-03-13,128,549,1,28338.86,0.18
18655,2025-02-27,554,556,3,12900.83,0.11
18656,2025-08-03,532,599,3,583.44,0.04
18657,2025-09-14,471,550,5,10496.16,0.16
18658,2025-08-16,129,565,4,192.97,0.14
18659,2025-06-02,491,548,1,15323.0,0.18
18660,2025-05-10,393,532,1,19241.01,0.02
18661,2025-05-23,236,531,1,10763.19,0.0
18662,2025-10-28,433,510,2,133892.51,0.19
18663,2025-06-25,435,575,2,551.25,0.04
18664,2025-05-15,383,505,5,99623.05,0.06
18665,2025-07-31,263,538,1,53878.2,0.1
18666,2025-02-21,202,585,3,672.05,0.17
18667,2025-02-10,590,540,5,23876.65,0.08
18668,2025-07-12,483,558,3,3338.9,0.03
18669,2025-08-14,253,577,5,432.19,0.05
18670,2025-05-02,108,555,2,7909.77,0.2
18671,2025-09-15,571,517,5,1506.9,0.2
18672,2025-08-11,476,583,5,1173.76,0.09
18673,2025-12-01,429,599,4,594.81,0.17
18674,2025-10-01,303,514,2,44140.69,0.04
18675,2025-07-22,158,520,3,2458.59,0.06
18676,2025-03-28,454,562,2,12068.56,0.01
18677,2025-09-12,220,505,1,88332.32,0.06
18678,2025-01-01,435,596,3,4065.69,0.02
18679,2025-03-03,321,515,5,50684.84,0.1
18680,2025-06-04,593,580,4,227.36,0.1
18681,2025-03-01,284,527,4,10395.49,0.04
18682,2025-09-06,157,526,5,6961.21,0.05
18683,2025-04-12,248,557,3,19077.27,0.05
18684,2025-08-04,151,520,1,2673.7,0.17
18685,2025-11-28,571,564,1,667.36,0.19
18686,2025-07-06,257,509,4,53096.52,0.19
18687,2025-06-22,520,544,4,21722.01,0.16
18688,2025-07-12,346,591,1,567.28,0.16
18689,2025-11-23,549,598,5,3721.31,0.09
18690,2025-02-23,531,557,4,17384.09,0.19
18691,2025-12-13,220,552,2,20541.29,0.01
18692,2025-08-25,528,503,4,74519.98,0.0
18693,2025-05-10,225,550,3,11090.15,0.12
18694,2025-03-18,265,535,4,18112.06,0.13
18695,2025-04-20,130,511,1,16208.32,0.08
18696,2025-09-26,509,591,3,716.82,0.07
18697,2025-12-22,301,564,3,570.53,0.04
18698,2025-04-17,191,517,3,1498.47,0.17
18699,2025-02-01,442,553,1,39591.63,0.15
18700,2025-08-07,493,585,2,697.87,0.13
18701,2025-02-27,469,523,1,2780.16,0.02
18702,2025-05-06,145,552,2,23851.49,0.02
18703,2025-04-21,242,579,3,416.58,0.04
18704,2025-01-18,556,600,5,895.65,0.07
18705,2025-05-28,231,588,1,1161.11,0.2
18706,2025-11-07,225,555,2,9324.0,0.03
18707,2025-06-10,460,558,2,3459.97,0.01
18708,2025-11-03,482,541,1,4865.11,0.09
18709,2025-04-02,565,537,1,24130.29,0.08
18710,2025-10-19,588,501,2,83404.61,0.18
18711,2025-04-18,547,508,4,81837.73,0.13
18712,2025-11-27,211,600,1,913.95,0.12
18713,2025-06-19,166,567,4,616.23,0.15
18714,2025-11-23,482,565,1,201.21,0.01
18715,2025-05-19,513,576,1,426.5,0.07
18716,2025-04-03,310,507,1,52017.89,0.02
18717,2025-06-04,111,524,3,4297.49,0.14
18718,2025-03-08,483,562,4,11875.12,0.19
18719,2025-04-27,238,595,5,3188.88,0.03
18720,2025-12-01,331,526,3,8679.51,0.18
18721,2025-08-17,223,586,4,872.8,0.19
18722,2025-03-28,374,572,3,276.95,0.1
18723,2025-10-31,371,512,2,28766.79,0.01
18724,2025-10-06,295,588,1,1328.22,0.17
18725,2025-07-16,354,558,1,3169.8,0.07
18726,2025-04-30,311,525,3,2207.99,0.06
18727,2025-11-14,303,532,3,18837.85,0.05
18728,2025-05-12,194,587,3,778.19,0.05
18729,2025-05-31,103,535,5,17314.51,0.13
18730,2025-05-21,583,581,5,702.85,0.08
18731,2025-01-31,400,556,3,13633.28,0.15
18732,2025-08-26,484,596,5,4464.74,0.11
18733,2025-04-10,433,573,3,356.54,0.19
18734,2025-01-28,377,506,3,60225.44,0.18
18735,2025-05-08,136,529,2,2245.4,0.12
18736,2025-08-25,230,543,3,12385.11,0.09
18737,2025-02-13,578,541,2,5316.84,0.15
18738,2025-11-11,127,545,2,9260.9,0.01
18739,2025-07-15,413,561,2,9992.81,0.18
18740,2025-06-04,283,507,4,50038.96,0.02
18741,2025-01-25,459,599,1,687.01,0.2
18742,2025-12-30,238,517,4,1874.34,0.13
18743,2025-09-09,563,504,2,83489.22,0.16
18744,2025-08-18,180,511,5,14765.85,0.14
18745,2025-07-28,164,526,4,8509.92,0.1
18746,2025-06-30,526,574,4,309.85,0.12
18747,2025-07-17,390,549,2,28647.91,0.15
18748,2025-07-22,313,563,4,354.57,0.16
18749,2025-10-13,406,545,1,10019.91,0.14
18750,2025-01-28,286,587,1,643.51,0.13
18751,2025-07-13,402,502,1,63004.32,0.1
18752,2025-02-02,464,542,2,10095.79,0.01
18753,2025-01-26,424,547,2,7505.75,0.09
18754,2025-06-03,356,554,5,31576.94,0.14
18755,2025-07-14,510,545,5,11414.92,0.07
18756,2025-03-30,106,549,5,26010.04,0.09
18757,2025-04-01,317,522,1,9945.34,0.08
18758,2025-07-19,547,524,5,5024.54,0.04
18759,2025-11-19,125,506,4,51574.52,0.05
18760,2025-06-30,469,552,3,22422.85,0.11
18761,2025-06-28,122,571,2,161.17,0.17
18762,2025-03-30,437,549,2,25377.18,0.12
18763,2025-12-14,321,574,4,273.16,0.14
18764,2025-01-27,234,507,2,63283.4,0.13
18765,2025-02-22,415,595,4,3013.69,0.03
18766,2025-09-03,359,577,4,387.37,0.18
18767,2025-09-23,319,591,1,691.95,0.12
18768,2025-10-30,191,589,5,385.67,0.13
18769,2025-03-04,287,559,5,15952.39,0.18
18770,2025-03-05,365,561,5,10824.31,0.14
18771,2025-01-25,369,529,1,2724.67,0.12
18772,2025-09-18,398,544,4,21788.4,0.19
18773,2025-03-09,259,506,4,49884.06,0.19
18774,2025-03-02,490,523,5,3238.48,0.14
18775,2025-12-15,559,553,4,39527.76,0.14
18776,2025-08-03,560,578,5,835.53,0.04
18777,2025-10-07,461,515,5,61478.78,0.07
18778,2025-09-08,310,574,1,327.79,0.14
18779,2025-10-15,243,581,2,659.4,0.16
18780,2025-10-13,149,541,5,5413.94,0.05
18781,2025-10-02,326,540,2,22262.34,0.18
18782,2025-02-09,262,549,3,23365.81,0.07
18783,2025-05-22,309,545,3,9990.64,0.19
18784,2025-07-01,525,520,1,2446.46,0.05
18785,2025-03-23,387,563,1,300.08,0.07
18786,2025-03-27,490,555,1,9111.45,0.11
18787,2025-05-30,413,547,2,6279.62,0.2
18788,2025-05-04,570,521,3,5363.13,0.17
18789,2025-07-27,305,539,2,10964.89,0.16
18790,2025-11-11,329,593,2,181.69,0.19
18791,2025-08-10,522,555,1,8295.97,0.05
18792,2025-02-09,146,550,3,11084.69,0.04
18793,2025-07-29,132,534,3,37146.62,0.15
18794,2025-03-10,379,511,4,17158.02,0.17
18795,2025-01-22,354,533,1,37642.7,0.18
18796,2025-07-17,255,516,1,1026.27,0.18
18797,2025-11-02,585,517,1,1536.44,0.06
18798,2025-09-19,194,562,3,13868.4,0.08
18799,2025-03-20,487,523,2,2734.65,0.03
18800,2025-11-16,252,513,1,35026.82,0.14
18801,2025-09-22,452,596,2,4302.72,0.18
18802,2025-03-15,329,557,4,18214.27,0.15
18803,2025-11-28,135,560,1,20748.54,0.07
18804,2025-11-27,275,518,4,3795.79,0.18
18805,2025-03-30,223,537,4,21957.62,0.0
18806,2025-06-14,383,582,1,531.73,0.08
18807,2025-07-30,583,508,1,88114.15,0.18
18808,2025-10-17,301,577,3,414.97,0.03
18809,2025-12-21,333,588,3,1411.52,0.15
18810,2025-03-02,467,505,5,95676.66,0.13
18811,2025-01-24,408,535,2,18862.05,0.14
18812,2025-08-14,272,548,1,15788.86,0.13
18813,2025-07-19,266,511,2,19173.75,0.19
18814,2025-12-27,442,514,1,51114.38,0.16
18815,2025-02-16,301,567,4,725.88,0.04
18816,2025-12-22,133,566,3,450.38,0.12
18817,2025-09-03,451,584,5,775.97,0.05
18818,2025-03-02,175,549,3,25088.7,0.04
18819,2025-11-30,514,517,5,1675.06,0.01
18820,2025-07-14,199,507,1,63188.39,0.18
18821,2025-04-20,407,597,4,4822.33,0.0
18822,2025-05-17,217,567,5,665.48,0.15
18823,2025-11-08,377,520,4,2213.16,0.1
18824,2025-03-12,535,512,2,21707.8,0.08
18825,2025-06-14,161,549,2,25471.26,0.06
18826,2025-01-21,138,568,1,606.98,0.2
18827,2025-03-21,293,502,5,54359.69,0.11
18828,2025-10-15,266,578,1,838.8,0.13
18829,2025-04-25,504,550,4,10685.57,0.0
18830,2025-05-24,151,532,2,21699.82,0.18
18831,2025-06-10,517,568,1,505.06,0.07
18832,2025-05-17,210,545,1,9892.22,0.07
18833,2025-06-04,234,504,3,96164.57,0.19
18834,2025-03-02,335,581,1,670.49,0.01
18835,2025-06-20,586,578,5,888.03,0.01
18836,2025-04-19,370,568,2,541.34,0.11
18837,2025-02-16,529,513,2,39903.44,0.15
18838,2025-03-29,214,593,2,225.11,0.2
18839,2025-06-04,600,570,2,3432.51,0.14
18840,2025-11-03,237,525,4,2466.79,0.02
18841,2025-02-02,334,588,5,1253.64,0.03
18842,2025-04-23,494,555,4,8124.57,0.13
18843,2025-01-26,407,551,4,11900.73,0.12
18844,2025-03-15,398,548,2,12230.72,0.16
18845,2025-11-14,253,517,3,1616.14,0.16
18846,2025-09-10,392,527,1,8425.17,0.1
18847,2025-03-26,436,548,5,13478.21,0.11
18848,2025-07-10,112,593,5,189.68,0.19
18849,2025-08-05,399,600,1,1005.35,0.08
18850,2025-06-02,201,550,2,9991.68,0.0
18851,2025-12-03,103,528,2,17314.38,0.07
18852,2025-01-20,496,527,3,8369.11,0.0
18853,2025-05-08,361,568,5,622.05,0.01
18854,2025-07-11,116,521,1,4595.52,0.12
18855,2025-08-07,229,504,5,80226.75,0.01
18856,2025-08-04,350,584,1,891.05,0.15
18857,2025-08-29,367,536,4,26605.14,0.12
18858,2025-11-15,490,552,5,23666.64,0.14
18859,2025-03-12,256,518,3,3444.36,0.07
18860,2025-05-16,194,530,4,4694.65,0.02
18861,2025-07-04,241,566,1,433.24,0.08
18862,2025-03-20,472,591,3,579.01,0.08
18863,2025-11-16,192,531,5,9802.66,0.12
18864,2025-04-30,554,571,4,165.9,0.16
18865,2025-11-10,362,597,1,5631.21,0.2
18866,2025-09-03,331,600,4,1078.73,0.04
18867,2025-01-25,528,533,1,36378.12,0.19
18868,2025-12-14,586,547,5,6263.61,0.09
18869,2025-12-03,332,508,3,74245.83,0.02
18870,2025-08-31,572,510,4,129216.8,0.19
18871,2025-02-13,138,523,3,3517.96,0.08
18872,2025-12-17,385,512,3,26738.98,0.14
18873,2025-02-15,121,532,5,23872.03,0.1
18874,2025-07-29,204,571,1,147.92,0.08
18875,2025-03-12,356,573,3,323.34,0.13
18876,2025-10-24,423,509,2,43623.97,0.11
18877,2025-02-04,515,548,3,13617.51,0.14
18878,2025-04-12,212,566,5,456.87,0.06
18879,2025-04-07,432,511,3,14502.92,0.0
18880,2025-10-30,122,593,3,219.43,0.18
18881,2025-10-24,157,582,5,607.74,0.0
18882,2025-07-19,379,597,1,6337.53,0.15
18883,2025-01-25,231,512,4,21708.59,0.16
18884,2025-10-24,291,535,5,17690.18,0.19
18885,2025-12-16,334,551,5,12366.56,0.07
18886,2025-02-13,133,593,3,237.72,0.01
18887,2025-12-25,233,505,1,90077.92,0.15
18888,2025-07-19,316,501,4,86768.95,0.06
18889,2025-05-31,186,539,3,11751.71,0.11
18890,2025-01-03,280,569,2,433.93,0.18
18891,2025-09-06,245,526,4,7608.26,0.01
18892,2025-06-13,477,545,5,10790.36,0.17
18893,2025-09-19,354,532,1,20840.28,0.17
18894,2025-12-23,215,503,2,61025.23,0.18
18895,2025-04-12,162,562,4,12406.97,0.13
18896,2025-05-19,101,563,2,374.37,0.02
18897,2025-07-15,380,541,4,4272.33,0.19
18898,2025-05-10,200,557,4,16783.09,0.06
18899,2025-10-19,491,574,3,313.51,0.05
18900,2025-12-30,250,551,4,12467.61,0.08
18901,2025-07-09,539,528,2,15400.84,0.14
18902,2025-04-23,591,575,5,434.46,0.09
18903,2025-02-09,356,514,5,48080.37,0.06
18904,2025-07-31,164,581,3,663.99,0.18
18905,2025-06-14,520,501,2,83870.96,0.02
18906,2025-09-22,187,553,2,34686.96,0.14
18907,2025-02-25,172,533,2,34559.5,0.17
18908,2025-09-04,468,530,4,4729.17,0.13
18909,2025-08-27,480,552,1,24927.71,0.19
18910,2025-05-24,582,558,1,3355.53,0.15
18911,2025-06-03,181,558,1,3610.43,0.04
18912,2025-02-01,122,573,3,387.06,0.08
18913,2025-07-26,210,578,4,754.95,0.12
18914,2025-05-30,478,549,5,21664.44,0.2
18915,2025-12-15,165,556,5,14153.48,0.01
18916,2025-01-16,324,579,5,386.69,0.18
18917,2025-11-14,577,548,3,15361.72,0.03
18918,2025-06-10,476,527,4,9442.86,0.11
18919,2025-12-21,594,599,2,675.61,0.18
18920,2025-01-05,599,585,5,699.83,0.18
18921,2025-08-19,577,523,5,3336.39,0.18
18922,2025-04-01,469,505,5,85534.52,0.15
18923,2025-05-18,339,545,5,9993.38,0.02
18924,2025-01-24,207,540,4,18472.39,0.0
18925,2025-11-08,245,588,5,1213.42,0.14
18926,2025-02-22,303,544,4,26566.64,0.14
18927,2025-05-19,164,501,4,70829.9,0.11
18928,2025-04-07,318,515,3,53813.66,0.06
18929,2025-08-20,214,581,1,645.82,0.18
18930,2025-09-04,291,585,5,622.68,0.03
18931,2025-09-13,561,543,1,14632.82,0.19
18932,2025-01-12,445,532,4,18087.68,0.01
18933,2025-12-26,200,558,4,3987.07,0.13
18934,2025-02-04,115,505,2,105287.52,0.03
18935,2025-12-07,474,512,5,27656.36,0.12
18936,2025-09-15,484,522,3,9335.81,0.2
18937,2025-07-24,488,519,3,1487.13,0.09
18938,2025-12-01,544,505,2,92833.24,0.16
18939,2025-08-15,304,504,2,99502.61,0.08
18940,2025-12-17,586,537,4,25933.73,0.14
18941,2025-01-16,207,573,4,394.99,0.12
18942,2025-05-27,439,503,1,73302.41,0.2
18943,2025-12-25,187,574,3,317.41,0.18
18944,2025-12-13,547,599,3,640.58,0.17
18945,2025-02-15,384,526,1,8326.77,0.17
18946,2025-11-17,426,537,5,24163.2,0.14
18947,2025-09-26,118,569,4,422.72,0.0
18948,2025-05-14,209,542,2,9056.72,0.09
18949,2025-03-16,250,589,4,346.05,0.1
18950,2025-08-04,442,535,2,16715.88,0.1
18951,2025-06-24,547,534,4,40440.28,0.06
18952,2025-08-10,376,515,2,53817.88,0.14
18953,2025-02-17,534,501,3,71682.5,0.02
18954,2025-11-19,118,517,2,1558.83,0.12
18955,2025-03-06,459,528,5,14458.53,0.15
18956,2025-08-12,161,565,2,204.51,0.11
18957,2025-08-23,159,527,5,8248.79,0.1
18958,2025-12-28,432,532,4,18760.95,0.19
18959,2025-09-25,231,545,1,11160.24,0.2
18960,2025-02-28,159,531,4,10198.81,0.13
18961,2025-01-29,582,555,1,7672.28,0.13
18962,2025-03-11,327,507,1,49391.1,0.03
18963,2025-10-22,281,581,2,712.39,0.15
18964,2025-02-19,142,588,4,1266.75,0.1
18965,2025-06-13,291,512,5,28444.1,0.15
18966,2025-04-09,113,503,1,69613.31,0.13
18967,2025-02-06,300,572,5,283.97,0.11
18968,2025-05-02,101,581,4,600.18,0.15
18969,2025-11-29,463,593,5,187.52,0.01
18970,2025-08-30,335,594,2,542.33,0.19
18971,2025-03-13,383,555,1,8667.68,0.09
18972,2025-09-13,173,584,2,904.23,0.06
18973,2025-11-12,149,539,4,10654.56,0.06
18974,2025-07-21,358,504,4,93952.89,0.15
18975,2025-11-16,446,541,2,5377.61,0.14
18976,2025-01-07,359,514,5,48995.92,0.16
18977,2025-08-21,154,579,3,441.01,0.16
18978,2025-03-23,118,503,5,70496.78,0.09
18979,2025-10-12,238,555,4,7298.88,0.16
18980,2025-11-21,573,592,5,314.82,0.14
18981,2025-05-23,338,539,4,10714.25,0.14
18982,2025-09-05,202,548,2,13515.01,0.01
18983,2025-10-20,352,569,2,421.56,0.07
18984,2025-10-19,530,557,3,15772.78,0.1
18985,2025-07-21,103,574,3,348.41,0.13
18986,2025-06-09,565,570,3,2905.48,0.09
18987,2025-08-14,328,549,2,22231.2,0.12
18988,2025-04-27,306,598,4,3705.75,0.03
18989,2025-10-20,191,600,4,1073.75,0.18
18990,2025-06-14,138,505,1,90118.5,0.04
18991,2025-01-04,208,570,3,3337.32,0.19
18992,2025-01-20,595,534,2,38713.36,0.1
18993,2025-11-05,337,555,2,9028.61,0.01
18994,2025-07-13,175,574,5,265.43,0.11
18995,2025-01-26,115,599,2,613.56,0.15
18996,2025-02-23,350,575,2,422.8,0.15
18997,2025-08-10,357,568,3,590.52,0.16
18998,2025-12-16,541,517,4,1585.57,0.05
18999,2025-08-17,155,540,1,22928.37,0.02
19000,2025-02-11,248,599,3,689.86,0.05
19001,2025-07-04,140,535,1,17600.8,0.16
19002,2025-07-26,580,587,2,707.72,0.08
19003,2025-09-29,104,545,5,11844.35,0.01
19004,2025-03-30,558,561,1,8871.77,0.18
19005,2025-04-27,107,541,5,5528.45,0.02
19006,2025-02-05,560,545,2,9910.0,0.1
19007,2025-02-01,534,554,4,33168.11,0.02
19008,2025-12-05,514,546,4,6596.09,0.11
19009,2025-10-31,216,513,1,40302.47,0.14
19010,2025-05-26,583,594,2,487.37,0.11
19011,2025-07-05,468,570,1,3328.74,0.17
19012,2025-06-21,173,570,1,3368.84,0.19
19013,2025-03-10,522,532,3,19526.33,0.13
19014,2025-07-27,522,550,4,10323.49,0.15
19015,2025-01-18,168,552,2,23650.55,0.18
19016,2025-09-17,270,517,4,1468.83,0.08
19017,2025-07-18,402,582,2,565.07,0.01
19018,2025-07-28,413,557,3,15041.54,0.13
19019,2025-03-11,194,567,5,634.32,0.18
19020,2025-09-01,384,556,2,12369.11,0.01
19021,2025-10-29,177,589,2,311.16,0.07
19022,2025-06-08,172,536,3,34057.59,0.01
19023,2025-12-05,599,535,2,18045.25,0.03
19024,2025-09-01,173,580,4,287.78,0.09
19025,2025-09-05,384,579,3,457.21,0.07
19026,2025-08-05,534,508,2,89614.17,0.05
19027,2025-11-29,473,522,1,10050.57,0.07
19028,2025-11-09,457,559,3,16938.03,0.01
19029,2025-01-22,587,553,5,38798.97,0.15
19030,2025-01-21,316,541,4,5441.98,0.09
19031,2025-05-24,354,506,5,49361.5,0.06
19032,2025-08-15,280,583,4,1159.21,0.09
19033,2025-10-17,228,541,2,5057.14,0.07
19034,2025-10-10,263,567,3,696.69,0.04
19035,2025-03-16,229,527,1,9513.2,0.04
19036,2025-02-25,582,551,3,10985.01,0.09
19037,2025-07-31,248,526,1,8598.88,0.19
19038,2025-09-16,329,551,3,13278.23,0.03
19039,2025-11-20,162,529,1,2371.38,0.18
19040,2025-06-18,309,512,4,28358.54,0.04
19041,2025-10-27,576,508,2,74855.51,0.03
19042,2025-01-26,286,545,1,10652.77,0.06
19043,2025-07-12,375,549,3,23675.98,0.03
19044,2025-05-10,317,591,1,634.31,0.16
19045,2025-08-06,469,596,2,3917.27,0.1
19046,2025-03-14,174,541,5,5453.14,0.16
19047,2025-05-31,117,600,2,968.87,0.17
19048,2025-04-22,456,562,1,14420.68,0.11
19049,2025-08-23,147,600,2,1001.41,0.04
19050,2025-01-12,503,583,1,1162.42,0.0
19051,2025-03-07,320,591,2,652.81,0.06
19052,2025-09-23,379,553,2,39889.76,0.07
19053,2025-03-29,180,532,2,18959.57,0.07
19054,2025-10-07,545,513,3,43602.38,0.11
19055,2025-01-05,590,556,5,13398.97,0.17
19056,2025-11-19,392,550,5,9619.96,0.07
19057,2025-07-11,571,586,1,689.86,0.19
19058,2025-06-12,434,503,1,74104.55,0.09
19059,2025-03-21,576,520,2,2645.61,0.09
19060,2025-05-07,499,588,4,1105.27,0.05
19061,2025-12-12,464,578,3,738.59,0.18
19062,2025-12-02,572,595,3,3232.93,0.01
19063,2025-06-12,342,524,1,4873.03,0.09
19064,2025-11-16,228,552,1,25517.85,0.11
19065,2025-12-24,434,565,1,210.11,0.13
19066,2025-08-14,571,527,2,10326.3,0.1
19067,2025-04-10,270,537,2,23234.42,0.15
19068,2025-06-10,331,538,4,44413.08,0.0
19069,2025-10-28,263,540,5,18458.87,0.18
19070,2025-01-21,139,561,4,10052.66,0.15
19071,2025-10-16,117,531,5,9908.69,0.02
19072,2025-06-02,413,582,4,558.16,0.08
19073,2025-01-15,376,595,3,3152.3,0.19
19074,2025-03-06,514,577,3,401.16,0.17
19075,2025-01-04,159,600,1,1102.04,0.01
19076,2025-07-18,444,512,5,24888.25,0.04
19077,2025-01-30,161,570,2,3458.04,0.04
19078,2025-10-28,142,539,1,11260.87,0.06
19079,2025-04-27,550,518,5,3202.78,0.1
19080,2025-06-05,411,542,5,9229.94,0.04
19081,2025-01-25,518,588,2,1135.59,0.13
19082,2025-12-27,150,548,1,13984.31,0.13
19083,2025-04-21,359,510,2,107854.58,0.2
19084,2025-12-10,466,565,1,237.72,0.12
19085,2025-04-25,377,578,1,877.4,0.13
19086,2025-01-23,131,517,5,1866.73,0.0
19087,2025-04-04,376,526,1,7477.2,0.05
19088,2025-05-07,574,555,2,8269.29,0.0
19089,2025-11-29,520,502,2,56198.44,0.01
19090,2025-08-04,470,512,2,26342.38,0.11
19091,2025-07-03,254,510,5,130811.13,0.1
19092,2025-12-10,559,528,4,15324.55,0.02
19093,2025-11-01,386,505,3,98837.31,0.18
19094,2025-09-17,235,533,5,33567.5,0.11
19095,2025-05-15,124,591,4,576.49,0.13
19096,2025-07-07,500,537,1,24405.27,0.15
19097,2025-09-05,536,514,4,41928.61,0.03
19098,2025-03-28,585,522,1,8429.17,0.07
19099,2025-05-02,180,515,2,52207.72,0.15
19100,2025-06-11,311,513,5,37977.08,0.13
19101,2025-02-15,288,503,1,59262.33,0.08
19102,2025-06-04,322,540,5,23313.32,0.07
19103,2025-12-18,417,600,1,1016.42,0.08
19104,2025-08-11,218,510,3,105175.85,0.02
19105,2025-08-11,206,591,4,652.78,0.05
19106,2025-07-07,106,528,3,17052.95,0.12
19107,2025-09-22,424,540,2,23025.68,0.09
19108,2025-08-14,438,559,4,17071.96,0.04
19109,2025-06-02,476,527,2,8582.54,0.12
19110,2025-11-12,388,557,2,14849.29,0.18
19111,2025-12-26,134,588,1,1397.88,0.17
19112,2025-02-18,127,552,4,20016.55,0.14
19113,2025-05-04,298,540,1,22553.61,0.09
19114,2025-03-08,256,575,4,464.26,0.07
19115,2025-02-05,147,574,1,268.25,0.03
19116,2025-03-12,538,512,1,28794.68,0.02
19117,2025-07-01,272,571,4,183.4,0.09
19118,2025-01-05,210,511,5,14707.02,0.03
19119,2025-06-17,222,554,3,33431.93,0.18
19120,2025-10-19,486,503,5,70900.96,0.15
19121,2025-03-19,354,525,5,2603.54,0.12
19122,2025-05-10,344,564,1,673.07,0.09
19123,2025-12-26,407,534,2,37876.42,0.2
19124,2025-01-24,205,519,1,1847.84,0.07
19125,2025-08-05,525,502,4,59614.53,0.08
19126,2025-11-15,365,581,3,770.15,0.13
19127,2025-01-22,563,507,4,53902.99,0.01
19128,2025-04-22,303,572,3,223.31,0.15
19129,2025-09-28,114,528,5,17312.96,0.14
19130,2025-08-25,236,591,5,677.72,0.03
19131,2025-11-28,366,542,1,10043.1,0.13
19132,2025-02-27,480,512,5,24641.88,0.11
19133,2025-08-28,502,533,1,37955.55,0.14
19134,2025-11-20,224,521,3,5236.0,0.16
19135,2025-08-04,580,563,3,385.81,0.2
19136,2025-04-27,196,525,1,2824.33,0.17
19137,2025-02-12,345,531,4,9856.89,0.04
19138,2025-04-16,263,533,3,39331.71,0.11
19139,2025-05-09,354,512,3,25287.76,0.04
19140,2025-09-19,546,537,5,23410.14,0.04
19141,2025-07-03,207,559,4,15741.89,0.0
19142,2025-01-15,554,519,1,1519.42,0.15
19143,2025-04-26,219,538,4,53689.62,0.11
19144,2025-03-06,220,587,2,674.98,0.19
19145,2025-01-27,228,548,2,15056.13,0.06
19146,2025-08-21,110,503,3,68662.73,0.07
19147,2025-11-06,492,506,4,50257.01,0.01
19148,2025-09-14,387,517,5,1794.12,0.05
19149,2025-11-20,108,525,2,2389.11,0.18
19150,2025-01-30,419,553,2,36355.38,0.06
19151,2025-05-24,220,571,3,152.96,0.1
19152,2025-01-22,133,580,2,237.94,0.02
19153,2025-08-19,485,522,1,9427.32,0.04
19154,2025-02-21,119,569,4,423.1,0.14
19155,2025-09-30,198,584,2,791.61,0.06
19156,2025-04-20,582,508,5,82741.55,0.16
19157,2025-05-31,239,597,3,5969.36,0.19
19158,2025-09-27,243,566,5,441.12,0.16
19159,2025-11-15,576,578,2,815.25,0.03
19160,2025-09-12,268,551,4,12471.07,0.13
19161,2025-12-18,513,507,5,52409.21,0.13
19162,2025-12-12,276,534,5,38937.4,0.09
19163,2025-09-05,524,581,3,607.69,0.14
19164,2025-01-21,176,526,5,7700.74,0.19
19165,2025-08-17,318,560,3,21666.41,0.13
19166,2025-05-20,330,556,4,13138.72,0.15
19167,2025-10-17,392,591,1,607.14,0.16
19168,2025-01-01,215,525,3,2628.91,0.03
19169,2025-09-13,292,529,5,2596.15,0.11
19170,2025-08-24,289,516,2,935.93,0.09
19171,2025-04-01,375,526,4,7734.96,0.18
19172,2025-02-04,124,567,4,766.72,0.14
19173,2025-12-21,221,597,4,5985.87,0.06
19174,2025-02-13,379,577,3,446.57,0.0
19175,2025-01-11,339,580,5,253.62,0.17
19176,2025-11-08,167,535,4,15680.1,0.2
19177,2025-01-16,347,544,3,28061.97,0.1
19178,2025-10-15,199,556,5,14248.05,0.18
19179,2025-01-20,368,501,4,75226.03,0.13
19180,2025-08-28,432,566,2,396.01,0.08
19181,2025-05-01,546,501,4,85509.01,0.03
19182,2025-01-08,382,580,5,254.57,0.18
19183,2025-10-01,140,502,1,67606.18,0.07
19184,2025-05-12,428,517,2,1756.09,0.12
19185,2025-11-01,180,508,1,92640.53,0.05
19186,2025-01-06,170,505,1,107550.97,0.05
19187,2025-10-20,528,583,5,984.49,0.16
19188,2025-05-10,278,503,1,66152.23,0.12
19189,2025-06-21,214,519,2,1468.82,0.04
19190,2025-07-17,161,540,2,18301.93,0.18
19191,2025-06-05,131,595,3,3738.32,0.15
19192,2025-04-01,227,578,3,936.46,0.19
19193,2025-10-08,206,534,2,40981.4,0.18
19194,2025-07-15,446,548,4,15618.22,0.07
19195,2025-07-08,468,540,5,18080.72,0.12
19196,2025-07-01,293,591,5,695.91,0.12
19197,2025-09-23,275,535,1,18494.56,0.18
19198,2025-11-21,461,520,1,2476.83,0.18
19199,2025-02-09,110,542,2,9436.43,0.05
19200,2025-05-08,379,567,2,653.13,0.12
19201,2025-05-31,245,520,2,2512.59,0.03
19202,2025-12-23,452,581,2,716.08,0.05
19203,2025-02-12,426,558,1,3317.53,0.17
19204,2025-04-04,208,539,4,10416.11,0.03
19205,2025-08-06,527,560,1,21741.3,0.14
19206,2025-10-14,536,579,5,368.95,0.04
19207,2025-01-13,442,577,4,406.42,0.07
19208,2025-01-05,473,524,1,5531.43,0.19
19209,2025-06-26,192,563,4,356.7,0.06
19210,2025-10-23,536,549,3,26364.2,0.12
19211,2025-01-17,183,540,4,19086.94,0.16
19212,2025-02-27,194,585,4,583.05,0.17
19213,2025-09-11,545,538,5,53779.36,0.02
19214,2025-03-28,539,540,2,22511.84,0.2
19215,2025-07-12,377,597,3,5128.71,0.06
19216,2025-12-11,214,595,2,3427.06,0.07
19217,2025-02-03,474,522,4,8783.52,0.06
19218,2025-07-24,419,586,2,831.7,0.11
19219,2025-07-08,417,526,4,7934.39,0.06
19220,2025-02-21,487,544,5,23094.76,0.05
19221,2025-07-27,557,501,2,66598.36,0.11
19222,2025-06-13,471,551,2,12486.28,0.19
19223,2025-09-22,109,503,3,70080.53,0.04
19224,2025-11-16,102,535,4,15964.89,0.19
19225,2025-11-06,511,521,4,4514.98,0.03
19226,2025-12-16,147,569,1,555.49,0.03
19227,2025-10-19,295,548,2,13662.53,0.03
19228,2025-02-18,469,543,3,11448.13,0.16
19229,2025-08-18,463,573,1,353.31,0.06
19230,2025-04-26,583,518,3,3575.34,0.12
19231,2025-04-03,369,529,1,2474.14,0.09
19232,2025-12-13,441,589,2,371.53,0.06
19233,2025-04-30,361,517,3,1640.23,0.12
19234,2025-10-08,436,565,3,235.14,0.16
19235,2025-08-14,336,505,5,95246.76,0.01
19236,2025-12-18,327,507,5,63051.52,0.02
19237,2025-03-01,161,550,3,9803.19,0.11
19238,2025-03-08,584,559,5,14265.37,0.02
19239,2025-11-20,200,550,3,10171.84,0.19
19240,2025-12-30,224,510,2,129678.61,0.18
19241,2025-04-08,154,525,4,2294.45,0.13
19242,2025-12-06,413,594,3,520.83,0.07
19243,2025-07-25,511,541,4,4492.56,0.15
19244,2025-02-01,498,515,3,59692.69,0.04
19245,2025-02-25,105,554,3,27040.8,0.16
19246,2025-02-03,196,565,4,215.85,0.08
19247,2025-07-15,269,562,4,14436.59,0.09
19248,2025-02-11,599,519,2,1736.63,0.03
19249,2025-04-04,377,522,4,9365.8,0.01
19250,2025-12-15,527,574,5,350.86,0.11
19251,2025-10-27,528,592,5,341.27,0.06
19252,2025-11-19,536,522,4,10037.85,0.19
19253,2025-06-08,594,506,1,58667.62,0.03
19254,2025-10-24,559,501,2,78389.19,0.16
19255,2025-07-10,564,596,5,3907.14,0.06
19256,2025-11-04,323,503,1,67440.19,0.03
19257,2025-12-10,313,564,5,701.63,0.0
19258,2025-02-16,411,524,2,5417.85,0.18
19259,2025-03-17,333,535,1,16055.92,0.1
19260,2025-11-25,271,516,5,872.71,0.06
19261,2025-02-01,478,575,2,500.31,0.02
19262,2025-06-02,514,567,5,657.82,0.07
19263,2025-06-22,454,591,1,557.83,0.08
19264,2025-11-17,298,522,2,7840.61,0.16
19265,2025-11-21,133,543,4,13753.61,0.11
19266,2025-11-09,269,562,5,15196.43,0.12
19267,2025-12-24,462,595,4,3399.84,0.07
19268,2025-10-23,370,531,1,10229.49,0.2
19269,2025-08-12,530,544,2,22742.62,0.06
19270,2025-05-12,127,551,2,10214.83,0.19
19271,2025-10-05,286,568,1,600.97,0.15
19272,2025-01-17,230,578,1,734.11,0.19
19273,2025-07-20,361,533,4,37327.03,0.03
19274,2025-10-15,552,563,5,361.85,0.09
19275,2025-04-11,270,556,4,13103.57,0.06
19276,2025-11-11,128,570,5,2816.82,0.11
19277,2025-06-12,325,560,5,20762.34,0.03
19278,2025-02-26,224,538,3,46714.75,0.06
19279,2025-04-28,270,510,5,126341.4,0.17
19280,2025-03-16,204,515,4,58034.78,0.18
19281,2025-11-09,599,582,1,526.32,0.1
19282,2025-11-05,320,562,4,12841.73,0.13
19283,2025-10-12,341,579,1,447.15,0.14
19284,2025-08-01,495,585,1,666.75,0.09
19285,2025-07-08,143,506,3,54110.44,0.16
19286,2025-07-21,491,580,5,250.13,0.17
19287,2025-06-20,171,578,2,725.69,0.17
19288,2025-04-28,477,573,5,312.17,0.09
19289,2025-03-08,305,557,4,17196.56,0.15
19290,2025-07-19,478,513,4,39771.34,0.14
19291,2025-08-06,273,590,3,273.02,0.11
19292,2025-08-04,592,594,1,530.16,0.08
19293,2025-02-09,403,596,3,3487.5,0.12
19294,2025-04-06,377,586,2,857.22,0.11
19295,2025-12-18,393,559,3,15333.14,0.04
19296,2025-11-04,287,556,1,12039.27,0.11
19297,2025-11-27,527,542,3,10129.96,0.05
19298,2025-12-12,392,597,1,5531.26,0.1
19299,2025-12-16,160,567,4,617.8,0.12
19300,2025-11-05,347,508,4,93891.44,0.16
19301,2025-12-12,406,519,3,1480.17,0.02
19302,2025-05-14,104,565,5,186.16,0.12
19303,2025-05-31,124,517,3,1494.19,0.16
19304,2025-10-08,151,533,5,32750.8,0.13
19305,2025-11-30,438,512,4,21659.26,0.04
19306,2025-01-09,556,594,3,510.16,0.09
19307,2025-08-14,294,578,3,781.46,0.06
19308,2025-04-19,582,567,5,606.17,0.0
19309,2025-07-13,129,554,1,32662.35,0.07
19310,2025-04-04,586,514,4,40668.0,0.08
19311,2025-07-31,479,562,3,13047.71,0.19
19312,2025-01-18,165,554,4,30678.3,0.18
19313,2025-03-02,223,551,2,10231.85,0.16
19314,2025-06-28,251,599,2,550.46,0.13
19315,2025-07-01,595,522,2,9478.46,0.04
19316,2025-03-20,585,570,1,3448.9,0.07
19317,2025-07-31,276,557,5,16590.09,0.04
19318,2025-04-14,580,546,2,6630.03,0.02
19319,2025-08-31,318,541,4,5581.63,0.17
19320,2025-10-05,265,503,4,70463.47,0.08
19321,2025-01-26,322,544,5,23750.95,0.18
19322,2025-09-12,200,569,4,489.63,0.0
19323,2025-03-20,592,541,3,4812.93,0.13
19324,2025-01-05,451,563,4,300.29,0.15
19325,2025-08-08,557,597,5,4941.77,0.01
19326,2025-04-19,417,505,1,92435.09,0.09
19327,2025-03-14,241,573,5,344.68,0.14
19328,2025-08-30,356,563,3,352.93,0.14
19329,2025-08-30,165,536,4,27077.9,0.1
19330,2025-04-03,504,546,4,7095.34,0.16
19331,2025-09-16,353,530,1,4501.51,0.05
19332,2025-09-27,204,544,5,27480.08,0.12
19333,2025-10-02,171,578,1,800.03,0.13
19334,2025-04-03,408,573,5,311.08,0.17
19335,2025-04-27,547,522,3,9309.81,0.03
19336,2025-02-07,502,531,4,11313.53,0.11
19337,2025-06-05,275,517,1,1630.6,0.08
19338,2025-01-20,491,505,5,90787.92,0.17
19339,2025-09-12,306,516,1,1062.23,0.01
19340,2025-06-06,348,549,2,24933.22,0.01
19341,2025-05-19,203,521,4,4619.8,0.12
19342,2025-03-29,522,556,3,12847.8,0.09
19343,2025-10-15,572,525,1,2235.73,0.06
19344,2025-11-29,579,570,5,3439.76,0.13
19345,2025-07-20,279,549,3,23035.23,0.13
19346,2025-09-07,143,597,4,5912.21,0.07
19347,2025-08-13,573,554,4,32913.92,0.18
19348,2025-03-19,573,518,3,3329.23,0.06
19349,2025-02-13,303,505,1,105774.71,0.11
19350,2025-04-06,423,550,5,11473.11,0.1
19351,2025-04-11,177,514,1,40786.95,0.05
19352,2025-05-26,147,587,4,723.6,0.02
19353,2025-12-04,538,550,1,9192.34,0.03
19354,2025-02-10,183,565,3,194.53,0.13
19355,2025-08-07,203,598,1,3727.23,0.04
19356,2025-10-26,291,515,1,49080.51,0.18
19357,2025-03-30,369,572,5,256.27,0.17
19358,2025-04-19,382,522,2,8451.46,0.07
19359,2025-10-23,593,529,4,2751.49,0.15
19360,2025-04-21,368,502,4,55354.98,0.1
19361,2025-11-19,471,585,1,637.83,0.05
19362,2025-09-16,175,527,5,8016.69,0.03
19363,2025-03-08,457,518,3,3143.15,0.04
19364,2025-04-10,583,561,5,10899.49,0.1
19365,2025-03-29,485,559,5,16129.17,0.07
19366,2025-10-30,140,529,3,2289.63,0.03
19367,2025-04-06,404,520,2,2550.71,0.16
19368,2025-12-16,143,534,3,40747.07,0.11
19369,2025-01-20,304,516,4,1026.47,0.15
19370,2025-10-04,464,537,2,25672.79,0.18
19371,2025-11-17,342,516,5,842.11,0.04
19372,2025-08-20,320,536,2,34870.87,0.06
19373,2025-10-20,320,565,2,184.41,0.01
19374,2025-11-11,310,567,5,648.31,0.16
19375,2025-12-12,444,524,1,4307.14,0.03
19376,2025-05-17,576,600,3,850.48,0.11
19377,2025-03-03,426,588,5,1120.93,0.17
19378,2025-10-04,522,571,3,150.05,0.15
19379,2025-07-27,440,523,1,3073.33,0.15
19380,2025-02-08,353,587,3,792.19,0.12
19381,2025-10-17,591,503,5,58358.12,0.08
19382,2025-02-03,506,516,4,1025.38,0.13
19383,2025-11-07,363,533,1,35483.02,0.04
19384,2025-04-15,543,519,4,1864.63,0.02
19385,2025-10-12,169,541,2,5169.76,0.02
19386,2025-01-16,517,600,1,1030.76,0.05
19387,2025-06-16,368,536,2,35199.43,0.01
19388,2025-05-19,544,515,2,62369.73,0.18
19389,2025-01-20,280,508,3,74120.22,0.01
19390,2025-10-13,337,543,3,12760.11,0.14
19391,2025-01-15,204,527,4,9065.66,0.01
19392,2025-06-30,309,587,3,776.19,0.0
19393,2025-07-07,153,546,3,6401.66,0.15
19394,2025-09-19,202,588,1,1351.23,0.06
19395,2025-09-13,500,506,1,59277.04,0.12
19396,2025-01-11,332,556,2,11196.07,0.03
19397,2025-08-19,285,510,4,130215.55,0.16
19398,2025-01-31,520,587,2,762.9,0.16
19399,2025-01-25,585,586,3,845.7,0.03
19400,2025-04-22,156,534,3,36915.57,0.14
19401,2025-12-20,432,570,1,3385.89,0.11
19402,2025-04-16,296,571,2,166.42,0.07
19403,2025-11-22,377,591,2,591.09,0.0
19404,2025-10-28,585,525,3,2776.77,0.08
19405,2025-01-14,468,578,5,735.49,0.08
19406,2025-12-12,436,598,2,4423.48,0.18
19407,2025-03-31,102,578,4,885.32,0.08
19408,2025-07-18,290,554,3,32759.99,0.15
19409,2025-04-11,559,580,1,267.99,0.07
19410,2025-03-15,404,571,4,161.58,0.13
19411,2025-09-20,305,530,2,4667.65,0.17
19412,2025-05-08,569,587,5,689.55,0.14
19413,2025-12-06,343,533,3,37868.06,0.06
19414,2025-06-06,111,563,5,341.66,0.16
19415,2025-02-27,313,595,5,3507.0,0.13
19416,2025-06-15,466,578,5,916.74,0.18
19417,2025-08-21,529,545,1,9272.19,0.12
19418,2025-06-13,592,507,2,62908.26,0.18
19419,2025-09-10,205,512,1,22312.63,0.09
19420,2025-06-22,254,599,5,717.3,0.01
19421,2025-10-08,317,544,2,25154.94,0.15
19422,2025-09-17,215,517,4,1622.42,0.16
19423,2025-02-23,367,526,5,8029.31,0.07
19424,2025-08-02,397,518,3,3616.92,0.11
19425,2025-10-15,371,541,5,4211.38,0.1
19426,2025-11-23,384,534,5,42676.37,0.13
19427,2025-12-10,112,568,2,557.19,0.0
19428,2025-11-17,109,518,2,3172.61,0.15
19429,2025-11-04,290,525,5,2820.33,0.19
19430,2025-03-24,453,555,4,8009.82,0.12
19431,2025-09-19,463,533,4,31525.78,0.17
19432,2025-12-13,230,583,1,1072.37,0.04
19433,2025-05-18,593,535,4,17254.07,0.14
19434,2025-10-07,487,582,3,546.73,0.06
19435,2025-12-19,306,575,2,508.78,0.19
19436,2025-03-04,325,528,1,14498.15,0.18
19437,2025-05-21,600,576,1,470.28,0.09
19438,2025-11-16,324,509,1,44745.59,0.18
19439,2025-02-20,398,590,5,237.27,0.16
19440,2025-08-20,464,587,5,753.04,0.13
19441,2025-07-22,351,593,4,208.13,0.09
19442,2025-02-08,534,564,4,713.88,0.04
19443,2025-12-27,537,535,4,18083.71,0.08
19444,2025-11-17,218,570,1,3261.15,0.13
19445,2025-10-04,447,544,1,23574.19,0.12
19446,2025-12-27,140,503,4,67174.17,0.19
19447,2025-07-05,336,593,5,232.54,0.14
19448,2025-02-05,296,504,5,99260.73,0.11
19449,2025-10-25,206,565,1,185.57,0.12
19450,2025-02-05,324,584,1,816.64,0.07
19451,2025-09-13,472,519,5,1569.97,0.0
19452,2025-05-26,113,532,5,18701.32,0.18
19453,2025-10-10,169,522,3,9754.64,0.16
19454,2025-02-20,376,545,2,9734.58,0.09
19455,2025-07-06,168,533,4,36012.51,0.2
19456,2025-03-11,589,566,5,365.84,0.07
19457,2025-12-17,515,530,2,4162.31,0.11
19458,2025-04-06,569,505,5,95871.99,0.16
19459,2025-07-23,293,576,3,421.84,0.19
19460,2025-02-10,318,578,1,776.13,0.0
19461,2025-01-02,478,576,4,363.0,0.13
19462,2025-09-25,365,574,4,338.32,0.19
19463,2025-06-22,172,538,1,46361.98,0.08
19464,2025-09-11,162,549,5,21792.6,0.08
19465,2025-11-27,363,543,1,14802.47,0.11
19466,2025-11-25,441,572,4,259.01,0.17
19467,2025-08-11,289,510,4,108587.76,0.2
19468,2025-12-02,590,531,2,12137.53,0.0
19469,2025-02-10,114,542,2,8087.17,0.11
19470,2025-10-27,210,550,5,10011.13,0.01
19471,2025-04-18,212,527,4,8365.92,0.02
19472,2025-01-21,221,516,2,930.31,0.13
19473,2025-02-01,335,537,1,27265.28,0.08
19474,2025-06-28,128,523,5,3282.22,0.14
19475,2025-05-15,430,568,1,577.66,0.04
19476,2025-04-25,179,598,4,3642.66,0.03
19477,2025-07-29,503,514,2,44437.16,0.14
19478,2025-06-09,281,590,1,271.71,0.13
19479,2025-03-07,600,585,3,566.55,0.04
19480,2025-05-23,364,560,3,19566.97,0.02
19481,2025-07-19,264,559,1,16886.39,0.12
19482,2025-01-19,114,515,4,50376.14,0.13
19483,2025-06-30,356,535,1,19051.89,0.15
19484,2025-12-19,506,548,2,13794.94,0.13
19485,2025-03-21,210,564,3,604.07,0.12
19486,2025-01-20,424,589,1,375.25,0.08
19487,2025-04-10,134,546,4,6816.61,0.02
19488,2025-01-02,313,593,1,215.57,0.18
19489,2025-03-03,270,509,2,43789.98,0.11
19490,2025-07-11,175,544,2,25692.03,0.04
19491,2025-02-13,373,576,5,444.33,0.0
19492,2025-08-30,163,556,4,11753.19,0.1
19493,2025-08-09,492,532,2,23003.6,0.14
19494,2025-09-06,115,558,1,3107.21,0.15
19495,2025-07-11,549,524,4,4280.28,0.05
19496,2025-06-23,354,519,3,1814.94,0.13
19497,2025-10-10,482,553,1,39762.39,0.01
19498,2025-04-28,421,529,5,2614.62,0.13
19499,2025-04-27,161,523,5,3039.96,0.13
19500,2025-08-19,595,591,3,580.92,0.1
19501,2025-05-17,368,539,1,12797.49,0.08
19502,2025-10-10,375,590,4,240.18,0.08
19503,2025-01-16,108,577,5,355.07,0.08
19504,2025-11-29,514,542,1,8866.0,0.02
19505,2025-05-01,508,570,4,3169.44,0.03
19506,2025-05-29,528,542,3,7852.16,0.11
19507,2025-11-10,263,583,4,1188.46,0.01
19508,2025-07-07,245,507,3,56672.23,0.18
19509,2025-05-31,189,573,5,316.08,0.13
19510,2025-01-20,470,571,1,169.49,0.08
19511,2025-05-08,516,511,2,14591.84,0.02
19512,2025-12-25,132,513,3,34525.04,0.15
19513,2025-10-29,339,535,5,15215.41,0.07
19514,2025-08-02,275,530,3,4682.65,0.11
19515,2025-01-08,157,528,4,14365.36,0.19
19516,2025-08-25,229,508,3,89207.69,0.07
19517,2025-12-06,124,548,1,13419.24,0.11
19518,2025-10-22,462,584,5,918.33,0.06
19519,2025-05-12,296,503,3,65853.0,0.1
19520,2025-10-04,206,525,3,2231.53,0.08
19521,2025-06-29,405,544,3,24150.78,0.02
19522,2025-08-08,353,503,1,72709.36,0.09
19523,2025-04-21,171,581,2,653.97,0.07
19524,2025-01-15,521,527,1,9695.36,0.09
19525,2025-09-16,285,557,2,14849.98,0.19
19526,2025-03-11,495,511,5,18933.35,0.17
19527,2025-04-27,401,546,4,7857.41,0.02
19528,2025-05-15,132,572,2,254.12,0.01
19529,2025-01-02,139,561,1,9307.79,0.11
19530,2025-06-21,236,552,2,23649.69,0.14
19531,2025-09-02,496,580,2,282.16,0.04
19532,2025-01-16,592,520,1,2494.04,0.03
19533,2025-08-10,223,571,2,170.17,0.19
19534,2025-08-09,290,508,1,84210.46,0.07
19535,2025-07-02,139,546,2,7073.94,0.09
19536,2025-09-11,245,539,1,11929.06,0.15
19537,2025-08-19,218,546,5,7948.67,0.05
19538,2025-05-10,165,571,5,171.49,0.17
19539,2025-10-25,160,510,3,124728.28,0.03
19540,2025-06-17,173,583,5,1016.49,0.19
19541,2025-09-06,254,566,4,460.54,0.01
19542,2025-03-27,453,539,3,12208.74,0.1
19543,2025-09-13,135,553,5,35273.28,0.18
19544,2025-08-06,369,598,2,3838.08,0.17
19545,2025-11-07,132,599,1,707.48,0.12
19546,2025-04-08,298,567,3,641.79,0.1
19547,2025-03-21,330,534,5,39758.91,0.15
19548,2025-03-27,284,562,5,12571.32,0.08
19549,2025-02-17,245,587,2,689.92,0.0
19550,2025-07-15,502,599,4,614.29,0.14
19551,2025-07-15,435,543,2,12137.84,0.07
19552,2025-04-20,445,514,1,43936.88,0.04
19553,2025-03-15,165,566,2,412.78,0.01
19554,2025-04-25,102,587,3,790.09,0.08
19555,2025-09-08,171,513,3,35347.92,0.08
19556,2025-09-25,440,528,4,14514.34,0.04
19557,2025-02-19,434,567,5,627.77,0.16
19558,2025-05-24,473,521,1,4852.36,0.02
19559,2025-06-23,503,571,5,152.62,0.05
19560,2025-08-07,222,572,3,265.51,0.08
19561,2025-06-26,451,553,2,34294.98,0.0
19562,2025-11-08,486,525,1,2636.5,0.03
19563,2025-05-13,553,559,3,15649.67,0.04
19564,2025-11-22,304,513,1,44359.4,0.16
19565,2025-07-16,483,528,1,14050.1,0.09
19566,2025-11-29,387,512,1,24247.48,0.01
19567,2025-02-28,127,504,1,91192.39,0.18
19568,2025-09-25,526,586,1,699.98,0.15
19569,2025-04-26,387,568,4,518.4,0.07
19570,2025-01-01,438,551,3,13175.98,0.12
19571,2025-12-04,124,584,2,925.12,0.19
19572,2025-08-06,438,576,4,466.91,0.19
19573,2025-08-10,161,533,4,34233.37,0.11
19574,2025-01-28,540,561,5,8583.37,0.15
19575,2025-02-05,271,595,4,3116.57,0.03
19576,2025-12-04,341,579,2,440.51,0.05
19577,2025-04-08,588,553,3,38355.02,0.01
19578,2025-01-04,468,514,5,49591.05,0.04
19579,2025-09-02,385,594,4,546.04,0.03
19580,2025-07-07,539,516,2,911.9,0.1
19581,2025-02-21,258,562,2,12259.48,0.07
19582,2025-02-14,404,566,4,450.28,0.17
19583,2025-11-07,198,598,2,4500.02,0.17
19584,2025-03-01,349,506,1,48600.99,0.09
19585,2025-08-28,247,503,3,67909.83,0.07
19586,2025-01-20,200,584,3,889.28,0.13
19587,2025-06-21,226,545,4,11507.44,0.14
19588,2025-01-15,450,535,1,18139.07,0.18
19589,2025-06-06,433,548,4,12071.41,0.19
19590,2025-05-29,315,564,4,668.17,0.04
19591,2025-08-30,592,568,5,609.81,0.1
19592,2025-05-13,443,548,2,14981.44,0.05
19593,2025-05-01,167,549,4,24207.84,0.08
19594,2025-11-12,502,597,5,6323.72,0.05
19595,2025-07-04,271,535,2,17752.71,0.19
19596,2025-07-12,527,538,4,52767.19,0.07
19597,2025-04-03,333,588,1,1379.62,0.15
19598,2025-07-06,475,502,2,66052.25,0.08
19599,2025-08-11,490,551,5,10569.44,0.01
19600,2025-11-06,267,520,4,2330.41,0.13
19601,2025-12-12,449,513,5,38536.37,0.14
19602,2025-03-18,521,520,1,2620.99,0.19
19603,2025-04-27,462,523,1,3338.88,0.19
19604,2025-09-01,125,522,1,10360.9,0.08
19605,2025-06-18,411,599,3,611.23,0.1
19606,2025-11-19,588,528,2,15786.31,0.12
19607,2025-04-04,149,565,2,183.99,0.15
19608,2025-04-03,560,589,2,349.22,0.04
19609,2025-12-01,335,514,5,47042.26,0.02
19610,2025-04-23,415,594,1,494.76,0.18
19611,2025-06-10,138,511,3,16799.62,0.18
19612,2025-10-17,373,593,3,230.86,0.11
19613,2025-12-24,241,560,3,20779.1,0.14
19614,2025-11-13,512,593,4,190.86,0.09
19615,2025-07-07,460,516,3,994.28,0.17
19616,2025-11-15,306,583,5,932.34,0.11
19617,2025-11-07,333,550,5,10429.59,0.17
19618,2025-06-02,334,554,4,28597.24,0.09
19619,2025-02-23,367,518,4,3164.98,0.06
19620,2025-04-09,533,506,1,58975.19,0.17
19621,2025-06-01,544,535,1,17732.96,0.13
19622,2025-12-29,308,585,4,683.14,0.01
19623,2025-04-16,570,504,1,97702.9,0.09
19624,2025-12-21,149,599,2,716.67,0.02
19625,2025-08-12,159,579,3,375.12,0.01
19626,2025-01-27,189,570,4,2828.89,0.03
19627,2025-10-06,460,560,1,20281.8,0.03
19628,2025-06-13,221,519,3,1734.7,0.15
19629,2025-10-18,476,570,4,2677.44,0.15
19630,2025-12-28,127,597,4,4965.46,0.17
19631,2025-04-03,459,574,4,269.39,0.08
19632,2025-10-15,432,545,1,11716.86,0.06
19633,2025-11-30,126,547,1,7229.31,0.07
19634,2025-04-08,426,594,5,548.49,0.15
19635,2025-11-20,511,525,4,2190.04,0.13
19636,2025-12-21,120,557,5,16756.49,0.06
19637,2025-05-11,567,533,3,39187.6,0.1
19638,2025-08-21,144,592,1,300.85,0.02
19639,2025-07-27,498,543,1,13762.67,0.03
19640,2025-10-20,475,593,4,233.57,0.18
19641,2025-04-27,180,600,4,1096.83,0.1
19642,2025-06-24,587,572,2,249.94,0.09
19643,2025-09-08,529,512,2,21701.62,0.07
19644,2025-07-14,241,564,1,571.11,0.07
19645,2025-09-19,394,522,2,8725.47,0.17
19646,2025-06-26,173,510,1,132242.72,0.05
19647,2025-04-14,497,549,1,27847.62,0.16
19648,2025-11-22,551,513,2,42230.83,0.08
19649,2025-10-20,443,556,4,12556.93,0.0
19650,2025-01-06,109,584,3,786.95,0.05
19651,2025-04-30,204,511,4,16827.65,0.0
19652,2025-08-01,491,548,5,13267.24,0.06
19653,2025-12-28,533,582,2,560.95,0.08
19654,2025-03-25,361,583,5,1167.66,0.18
19655,2025-03-19,373,549,5,28452.82,0.02
19656,2025-06-23,448,558,2,3105.25,0.09
19657,2025-07-23,336,550,2,10349.82,0.18
19658,2025-12-04,476,509,4,44994.29,0.13
19659,2025-05-17,103,550,4,11341.75,0.05
19660,2025-11-28,240,542,3,9769.39,0.17
19661,2025-07-30,463,554,4,34203.1,0.06
19662,2025-12-13,296,518,3,3961.57,0.19
19663,2025-06-25,553,599,2,679.04,0.2
19664,2025-09-20,547,566,2,426.52,0.09
19665,2025-03-11,382,559,1,15077.7,0.03
19666,2025-06-09,125,578,2,851.17,0.18
19667,2025-07-07,327,591,4,638.14,0.05
19668,2025-10-10,421,515,2,50708.32,0.13
19669,2025-02-08,537,576,1,408.74,0.17
19670,2025-03-28,536,502,3,54145.05,0.19
19671,2025-04-02,523,506,3,54864.45,0.11
19672,2025-11-17,436,546,4,6077.55,0.11
19673,2025-01-18,276,580,5,270.23,0.05
19674,2025-09-05,495,595,4,3652.22,0.07
19675,2025-02-05,407,502,4,58919.62,0.06
19676,2025-03-04,313,554,2,29297.6,0.06
19677,2025-12-22,285,563,3,393.9,0.05
19678,2025-09-11,101,513,4,35386.05,0.14
19679,2025-08-16,332,538,4,44914.34,0.05
19680,2025-03-30,542,585,4,631.07,0.19
19681,2025-04-25,313,552,1,20184.29,0.2
19682,2025-01-08,203,598,4,4734.47,0.04
19683,2025-09-22,472,556,5,11983.35,0.03
19684,2025-01-18,332,520,2,2356.65,0.15
19685,2025-02-24,244,578,1,818.66,0.12
19686,2025-10-11,223,531,3,10775.71,0.1
19687,2025-11-26,390,578,1,809.17,0.05
19688,2025-03-03,425,504,5,101055.12,0.03
19689,2025-11-15,365,521,2,5021.72,0.18
19690,2025-06-07,372,586,5,803.74,0.05
19691,2025-09-02,414,577,1,416.11,0.12
19692,2025-02-15,451,566,4,431.48,0.1
19693,2025-01-06,482,513,2,37903.84,0.01
19694,2025-01-01,296,527,3,8413.67,0.14
19695,2025-02-28,236,555,1,9340.67,0.0
19696,2025-06-16,598,585,3,590.48,0.05
19697,2025-02-04,271,587,3,749.19,0.13
19698,2025-04-28,171,580,4,272.76,0.18
19699,2025-07-11,181,504,1,90201.42,0.07
19700,2025-03-20,431,545,1,10310.04,0.01
19701,2025-04-22,532,600,2,1099.65,0.05
19702,2025-11-21,566,532,4,19745.12,0.16
19703,2025-01-17,269,587,3,755.35,0.07
19704,2025-08-07,552,555,5,8090.32,0.05
19705,2025-03-13,149,509,5,52835.73,0.14
19706,2025-06-02,341,593,1,224.63,0.01
19707,2025-04-15,191,549,5,28724.58,0.02
19708,2025-07-14,531,572,4,274.66,0.12
19709,2025-02-23,151,548,3,12600.92,0.04
19710,2025-11-24,252,596,4,3549.12,0.03
19711,2025-04-17,104,527,3,9839.31,0.19
19712,2025-05-03,492,534,3,39773.92,0.04
19713,2025-03-24,543,551,3,10424.87,0.09
19714,2025-05-19,113,501,3,75373.86,0.13
19715,2025-03-14,315,546,4,7517.88,0.14
19716,2025-06-02,556,540,3,21225.52,0.15
19717,2025-05-28,598,565,5,211.91,0.1
19718,2025-06-30,586,569,4,508.97,0.18
19719,2025-09-29,488,512,5,22219.41,0.18
19720,2025-08-26,505,582,3,538.74,0.13
19721,2025-01-08,288,558,3,3937.84,0.17
19722,2025-10-21,560,594,5,468.72,0.13
19723,2025-04-25,297,539,1,10643.35,0.08
19724,2025-11-09,201,507,2,54082.21,0.16
19725,2025-09-18,479,506,1,49355.1,0.12
19726,2025-09-07,178,561,2,11146.82,0.1
19727,2025-08-10,425,584,1,932.42,0.12
19728,2025-05-12,465,573,5,354.04,0.2
19729,2025-04-29,331,572,1,246.8,0.1
19730,2025-06-08,239,539,1,10351.14,0.11
19731,2025-11-12,103,541,2,5435.09,0.14
19732,2025-10-21,168,505,5,107442.39,0.14
19733,2025-01-26,199,534,2,44641.63,0.06
19734,2025-07-17,470,509,1,46802.91,0.02
19735,2025-09-18,215,553,3,34198.78,0.16
19736,2025-04-26,504,501,3,68460.34,0.13
19737,2025-04-11,287,511,4,17011.67,0.2
19738,2025-05-05,474,545,2,11002.4,0.13
19739,2025-04-18,568,594,5,437.04,0.03
19740,2025-07-05,199,583,2,994.36,0.13
19741,2025-01-21,361,502,5,68381.78,0.01
19742,2025-01-02,202,555,1,8944.69,0.13
19743,2025-06-21,483,509,3,46405.59,0.06
19744,2025-09-23,393,565,1,222.54,0.09
19745,2025-03-15,202,527,4,8090.8,0.13
19746,2025-09-13,307,553,2,32327.38,0.04
19747,2025-12-28,117,578,3,760.59,0.07
19748,2025-08-28,441,567,2,798.29,0.12
19749,2025-08-18,451,533,5,32831.91,0.02
19750,2025-11-24,323,593,5,223.03,0.16
19751,2025-12-07,538,537,3,25329.74,0.11
19752,2025-01-04,546,573,3,397.15,0.11
19753,2025-02-11,142,511,3,15340.2,0.05
19754,2025-09-01,545,581,4,712.01,0.0
19755,2025-03-14,257,585,5,716.22,0.11
19756,2025-04-07,580,593,1,207.89,0.19
19757,2025-10-05,349,512,1,25410.55,0.01
19758,2025-06-02,578,570,1,2647.05,0.13
19759,2025-04-07,589,531,3,10541.12,0.13
19760,2025-11-14,400,550,1,9019.85,0.05
19761,2025-09-24,352,546,1,7626.83,0.15
19762,2025-08-17,394,505,4,111299.34,0.07
19763,2025-05-25,562,579,1,425.5,0.19
19764,2025-07-10,478,549,4,28011.33,0.2
19765,2025-04-22,301,553,1,30323.14,0.13
19766,2025-10-06,532,509,2,49116.33,0.2
19767,2025-06-01,424,592,5,312.73,0.19
19768,2025-10-12,568,572,5,261.86,0.0
19769,2025-06-26,548,578,3,900.88,0.02
19770,2025-12-07,415,549,3,27544.75,0.08
19771,2025-05-15,517,563,3,346.09,0.09
19772,2025-05-08,510,522,3,9925.11,0.1
19773,2025-07-30,453,517,4,1748.62,0.13
19774,2025-04-27,183,505,2,87920.68,0.09
19775,2025-05-07,323,506,2,53000.78,0.11
19776,2025-11-21,129,517,3,1888.27,0.05
19777,2025-07-29,170,540,5,19469.11,0.09
19778,2025-03-03,416,580,1,276.68,0.04
19779,2025-07-18,210,534,1,40862.65,0.18
19780,2025-09-03,379,527,4,9276.16,0.0
19781,2025-11-15,586,591,5,547.55,0.14
19782,2025-10-02,326,514,5,39532.25,0.12
19783,2025-10-05,358,527,5,9225.25,0.16
19784,2025-09-14,357,577,3,419.32,0.17
19785,2025-06-07,487,549,5,25255.52,0.01
19786,2025-04-21,209,551,4,13345.83,0.05
19787,2025-02-27,251,506,5,57370.79,0.09
19788,2025-04-11,421,563,2,323.04,0.12
19789,2025-03-07,472,554,4,30022.31,0.0
19790,2025-03-18,519,501,2,83779.32,0.08
19791,2025-08-13,112,522,2,9319.41,0.16
19792,2025-10-21,416,582,4,514.49,0.09
19793,2025-08-21,590,507,4,60066.27,0.06
19794,2025-06-12,271,569,3,544.67,0.15
19795,2025-12-27,565,512,2,25693.82,0.06
19796,2025-08-24,405,523,4,3408.51,0.12
19797,2025-08-10,582,577,4,379.39,0.17
19798,2025-02-04,353,566,4,467.83,0.03
19799,2025-08-09,479,596,1,3930.36,0.07
19800,2025-01-19,187,522,4,9830.22,0.18
19801,2025-05-14,559,560,1,17806.57,0.08
19802,2025-07-15,190,582,4,620.34,0.11
19803,2025-12-15,444,578,3,722.2,0.06
19804,2025-06-11,295,524,1,4601.79,0.01
19805,2025-09-17,189,535,4,15641.28,0.06
19806,2025-04-07,257,589,1,324.16,0.03
19807,2025-03-19,574,595,5,3909.17,0.11
19808,2025-12-26,131,526,3,7529.24,0.13
19809,2025-02-24,371,597,4,5488.23,0.08
19810,2025-01-17,575,505,3,85919.16,0.19
19811,2025-02-18,423,508,3,76727.0,0.18
19812,2025-10-03,418,569,1,432.43,0.19
19813,2025-11-30,233,505,3,104737.06,0.0
19814,2025-07-12,125,562,2,12601.15,0.03
19815,2025-09-06,372,572,1,279.05,0.02
19816,2025-01-12,417,571,5,152.39,0.16
19817,2025-04-18,414,535,3,17980.72,0.19
19818,2025-09-13,312,518,4,3919.52,0.03
19819,2025-06-04,285,582,1,588.53,0.01
19820,2025-11-16,471,530,4,4272.37,0.03
19821,2025-06-10,265,523,1,2975.61,0.06
19822,2025-10-31,166,512,2,28492.17,0.04
19823,2025-09-01,295,587,5,768.55,0.05
19824,2025-06-08,276,572,3,227.55,0.13
19825,2025-03-01,448,529,5,2188.79,0.2
19826,2025-04-03,502,595,3,3675.12,0.15
19827,2025-03-29,420,527,3,8421.88,0.13
19828,2025-06-10,439,545,3,9720.6,0.02
19829,2025-06-13,486,540,3,23471.11,0.02
19830,2025-04-16,266,544,5,25753.25,0.02
19831,2025-07-30,170,593,5,186.9,0.09
19832,2025-03-15,581,504,5,99707.84,0.1
19833,2025-07-27,210,523,3,3074.72,0.17
19834,2025-12-07,279,546,4,7027.85,0.12
19835,2025-01-06,366,541,4,5285.18,0.07
19836,2025-07-03,230,519,4,1583.77,0.11
19837,2025-12-12,504,563,5,308.58,0.02
19838,2025-07-10,453,597,1,5844.01,0.17
19839,2025-04-12,441,588,3,1145.91,0.06
19840,2025-05-12,584,571,5,165.47,0.14
19841,2025-01-27,134,524,2,5232.96,0.06
19842,2025-10-27,159,568,1,581.26,0.18
19843,2025-04-30,142,519,1,1710.95,0.1
19844,2025-08-21,155,566,1,462.44,0.06
19845,2025-06-26,445,518,4,3460.05,0.19
19846,2025-10-14,568,522,5,9869.54,0.01
19847,2025-10-03,124,565,3,191.51,0.04
19848,2025-12-28,289,526,3,8103.3,0.11
19849,2025-01-07,535,545,4,10344.31,0.05
19850,2025-04-15,259,582,1,564.34,0.18
19851,2025-10-01,353,573,5,397.84,0.09
19852,2025-05-31,107,550,3,10301.22,0.07
19853,2025-10-06,343,535,2,16395.19,0.02
19854,2025-02-05,586,592,3,278.36,0.02
19855,2025-04-13,468,583,2,1124.35,0.15
19856,2025-06-18,259,525,2,2572.01,0.16
19857,2025-07-19,554,600,2,1098.27,0.05
19858,2025-09-14,376,575,5,445.27,0.06
19859,2025-09-11,125,552,1,20586.22,0.12
19860,2025-03-08,482,599,5,689.33,0.01
19861,2025-10-08,150,539,1,11739.64,0.14
19862,2025-05-26,452,545,4,10436.28,0.18
19863,2025-01-20,546,509,3,43883.87,0.04
19864,2025-11-16,207,521,2,5554.22,0.0
19865,2025-01-04,537,587,4,760.85,0.06
19866,2025-06-04,366,588,3,1172.38,0.12
19867,2025-12-07,534,508,1,82900.3,0.13
19868,2025-07-26,413,526,1,7316.87,0.16
19869,2025-01-26,343,525,4,2317.19,0.14
19870,2025-03-02,126,526,2,8746.94,0.14
19871,2025-08-11,320,594,3,448.43,0.2
19872,2025-03-05,109,510,2,128560.83,0.1
19873,2025-06-02,426,517,5,1521.88,0.11
19874,2025-05-25,135,531,3,10852.81,0.14
19875,2025-04-25,109,515,1,62646.09,0.17
19876,2025-05-21,139,571,3,150.61,0.2
19877,2025-04-11,143,535,1,15552.32,0.17
19878,2025-06-04,511,507,4,61521.85,0.15
19879,2025-03-05,128,590,2,229.96,0.01
19880,2025-12-05,357,574,2,335.91,0.19
19881,2025-01-28,231,564,1,612.5,0.05
19882,2025-07-16,578,549,5,23559.49,0.11
19883,2025-03-25,591,515,3,50297.34,0.18
19884,2025-03-23,306,525,1,2573.88,0.1
19885,2025-09-07,584,537,5,24124.96,0.02
19886,2025-10-30,284,529,1,2571.2,0.12
19887,2025-06-01,392,553,3,31083.52,0.04
19888,2025-09-16,519,549,5,22052.35,0.15
19889,2025-07-16,333,534,1,40954.5,0.02
19890,2025-03-19,429,513,1,42166.45,0.03
19891,2025-02-27,174,588,1,1305.09,0.06
19892,2025-10-03,450,561,2,11138.34,0.07
19893,2025-12-11,122,597,5,5343.72,0.05
19894,2025-07-30,213,562,1,11557.86,0.08
19895,2025-07-07,185,558,2,3790.28,0.02
19896,2025-01-28,432,589,3,324.55,0.15
19897,2025-03-23,211,582,2,508.47,0.17
19898,2025-06-17,102,522,2,9733.82,0.08
19899,2025-04-20,352,566,2,379.92,0.08
19900,2025-12-08,537,537,1,25599.08,0.12
19901,2025-12-27,281,512,4,24098.21,0.04
19902,2025-12-10,566,511,1,18323.55,0.04
19903,2025-02-02,222,597,4,6265.12,0.07
19904,2025-05-10,262,546,2,7540.66,0.17
19905,2025-12-13,293,540,5,22425.51,0.15
19906,2025-06-30,277,579,2,413.1,0.04
19907,2025-02-11,485,573,1,399.56,0.11
19908,2025-08-08,183,594,5,543.19,0.02
19909,2025-08-05,469,594,5,451.9,0.08
19910,2025-11-13,549,600,2,981.07,0.02
19911,2025-07-31,143,595,3,3448.3,0.01
19912,2025-06-17,376,528,3,13554.65,0.11
19913,2025-01-28,312,558,2,3766.5,0.01
19914,2025-05-07,194,530,1,4637.22,0.19
19915,2025-10-17,539,600,2,865.54,0.18
19916,2025-06-06,578,546,5,6811.98,0.0
19917,2025-03-25,492,574,5,290.6,0.09
19918,2025-11-30,259,501,3,79960.69,0.05
19919,2025-02-21,425,511,4,16799.13,0.11
19920,2025-07-08,499,517,3,1593.65,0.17
19921,2025-01-08,518,546,5,7862.02,0.19
19922,2025-06-05,460,518,2,3122.32,0.03
19923,2025-08-01,387,534,2,47584.78,0.16
19924,2025-10-09,146,570,1,2958.84,0.17
19925,2025-07-05,513,517,2,1464.7,0.01
19926,2025-06-10,312,560,2,18736.77,0.14
19927,2025-07-09,581,576,3,444.02,0.12
19928,2025-03-18,433,577,2,369.07,0.03
19929,2025-05-27,182,574,3,344.17,0.14
19930,2025-04-05,521,575,4,550.05,0.14
19931,2025-08-24,105,596,3,4334.3,0.18
19932,2025-04-25,541,533,4,38448.72,0.02
19933,2025-06-07,271,583,1,962.91,0.02
19934,2025-02-25,361,504,5,95183.14,0.01
19935,2025-07-06,424,548,5,15663.73,0.07
19936,2025-05-17,356,556,1,12110.96,0.07
19937,2025-05-13,485,535,4,16630.81,0.02
19938,2025-06-12,389,549,5,22352.28,0.06
19939,2025-10-21,469,561,5,9923.63,0.04
19940,2025-02-27,563,563,1,325.41,0.18
19941,2025-11-04,172,598,2,4705.61,0.16
19942,2025-04-24,586,528,1,16040.73,0.13
19943,2025-02-11,225,549,1,23603.21,0.14
19944,2025-06-11,317,561,4,10237.47,0.14
19945,2025-11-04,475,580,4,240.85,0.11
19946,2025-02-04,207,528,3,13561.37,0.14
19947,2025-03-31,351,527,4,10121.09,0.17
19948,2025-11-16,587,504,5,99014.94,0.2
19949,2025-11-15,258,511,5,15330.26,0.13
19950,2025-08-16,541,591,5,647.75,0.1
19951,2025-03-16,278,544,2,25791.22,0.17
19952,2025-08-06,458,573,5,355.68,0.06
19953,2025-12-27,532,556,3,13946.3,0.0
19954,2025-07-19,537,556,1,13166.52,0.13
19955,2025-11-15,327,521,5,4539.8,0.18
19956,2025-02-02,450,600,4,965.87,0.19
19957,2025-05-18,126,526,5,6853.66,0.11
19958,2025-02-11,243,538,4,51917.65,0.17
19959,2025-06-28,306,529,4,2641.28,0.04
19960,2025-02-19,373,582,3,545.51,0.01
19961,2025-02-25,558,519,1,1594.53,0.18
19962,2025-06-24,122,515,2,52402.86,0.13
19963,2025-11-16,177,526,4,8629.96,0.05
19964,2025-12-19,348,517,2,1722.88,0.18
19965,2025-09-19,447,552,4,20746.41,0.14
19966,2025-11-19,506,549,3,22945.77,0.05
19967,2025-10-18,578,555,2,9530.53,0.17
19968,2025-01-13,345,506,1,59424.44,0.11
19969,2025-06-23,394,577,3,353.8,0.09
19970,2025-03-03,510,574,3,348.59,0.1
19971,2025-05-01,497,502,4,54683.67,0.2
19972,2025-02-22,140,572,3,241.28,0.19
19973,2025-01-28,109,502,1,71545.91,0.0
19974,2025-09-26,600,590,4,280.1,0.03
19975,2025-03-07,385,525,3,2596.38,0.18
19976,2025-07-09,198,513,5,42380.03,0.12
19977,2025-12-12,302,573,4,333.5,0.03
19978,2025-11-27,341,556,1,13619.04,0.02
19979,2025-05-14,511,556,3,14042.98,0.13
19980,2025-04-16,157,580,1,272.13,0.1
19981,2025-11-05,389,576,2,424.93,0.16
19982,2025-06-19,392,537,5,25808.6,0.19
19983,2025-04-22,297,518,5,3237.71,0.07
19984,2025-01-13,280,547,2,7724.86,0.05
19985,2025-06-13,194,565,3,190.22,0.18
19986,2025-12-06,151,555,1,8274.43,0.02
19987,2025-09-21,216,533,5,32380.48,0.05
19988,2025-11-25,557,511,2,17188.64,0.17
19989,2025-07-13,516,583,3,933.64,0.18
19990,2025-10-11,423,528,2,13478.15,0.16
19991,2025-04-18,497,515,1,48644.65,0.16
19992,2025-01-16,283,545,4,9034.45,0.1
19993,2025-10-26,381,503,5,58218.41,0.09
19994,2025-05-26,154,515,4,53613.06,0.01
19995,2025-11-25,510,506,2,55878.28,0.05
19996,2025-03-24,113,592,3,312.09,0.13
19997,2025-08-23,466,509,5,54936.34,0.16
19998,2025-12-18,198,531,5,11720.42,0.05
19999,2025-03-13,110,528,5,13683.61,0.1
20000,2025-10-16,321,579,5,455.8,0.07
